source,segment,feature,column_name,hypothesis_tested,outliers_removed,mc_iterations,p_value_mean,p_value_ci_lower,p_value_ci_upper,t_stat_mean,t_stat_ci_lower,t_stat_ci_upper,significant_ttest (mean_p<0.05),opt_threshold_mean,opt_threshold_ci_lower,opt_threshold_ci_upper,roc_auc_mean,roc_auc_ci_lower,roc_auc_ci_upper,roc_positive_class_for_metrics,sensitivity_mean,sensitivity_ci_lower,sensitivity_ci_upper,specificity_mean,specificity_ci_lower,specificity_ci_upper,f1_score_mean,f1_score_ci_lower,f1_score_ci_upper,n_arvc_initial,n_healthy_initial,plot_nominal_tdist_path,plot_nominal_boxplot_path,plot_nominal_roc_path,plot_nominal_cm_path,plot_mc_pvalue_dist_path,plot_mc_threshold_dist_path,plot_mc_f1_dist_path
aggregated_TopLeft_xy,T,Area,t_Area,not_equal,True,500,0.041869964555160705,0.0021783055005893987,0.25925483637034075,-2.4420542892923884,-3.3717163193498183,-1.1471932286981248,True,22.390113492229723,2.695030267310475,29.714131499312256,0.6844441587850556,0.5986965240641711,0.7494705882352941,Healthy,0.47147828910220213,0.3181818181818182,0.8636363636363636,0.9131879084967321,0.4444444444444444,1.0,0.6042495609669526,0.4666666666666667,0.7547169811320755,18,25,Results/Overall_Generated_Plots/Aggregated_Plots_MC/aggregated_TopLeft_xy_T_Area_tdist.pdf,Results/Overall_Generated_Plots/Aggregated_Plots_MC/aggregated_TopLeft_xy_T_Area_boxplot.pdf,Results/Overall_Generated_Plots/Aggregated_Plots_MC/aggregated_TopLeft_xy_T_Area_roc.pdf,Results/Overall_Generated_Plots/Aggregated_Plots_MC/aggregated_TopLeft_xy_T_Area_cm.pdf,Results/Overall_Generated_Plots/Aggregated_Plots_MC/aggregated_TopLeft_xy_T_Area_p_value_mc_dist.pdf,Results/Overall_Generated_Plots/Aggregated_Plots_MC/aggregated_TopLeft_xy_T_Area_threshold_mc_dist.pdf,Results/Overall_Generated_Plots/Aggregated_Plots_MC/aggregated_TopLeft_xy_T_Area_f1_score_mc_dist.pdf
aggregated_TopLeft_xy,T,T-Dist,t_T-Dist,not_equal,True,500,0.007206229228765614,0.0002754987948485137,0.03526453136943308,-3.130131420347403,-4.03534183108208,-2.182571658776,True,13.276272325367888,11.372970416399745,14.858825512640347,0.7460705011754374,0.6814723320158103,0.8051892583120204,Healthy,0.5707833239224543,0.45454545454545453,0.6736666666666664,0.951326797385621,0.8333333333333334,1.0,0.7087603483697829,0.625,0.7804878048780488,18,25,Results/Overall_Generated_Plots/Aggregated_Plots_MC/aggregated_TopLeft_xy_T_T-Dist_tdist.pdf,Results/Overall_Generated_Plots/Aggregated_Plots_MC/aggregated_TopLeft_xy_T_T-Dist_boxplot.pdf,Results/Overall_Generated_Plots/Aggregated_Plots_MC/aggregated_TopLeft_xy_T_T-Dist_roc.pdf,Results/Overall_Generated_Plots/Aggregated_Plots_MC/aggregated_TopLeft_xy_T_T-Dist_cm.pdf,Results/Overall_Generated_Plots/Aggregated_Plots_MC/aggregated_TopLeft_xy_T_T-Dist_p_value_mc_dist.pdf,Results/Overall_Generated_Plots/Aggregated_Plots_MC/aggregated_TopLeft_xy_T_T-Dist_threshold_mc_dist.pdf,Results/Overall_Generated_Plots/Aggregated_Plots_MC/aggregated_TopLeft_xy_T_T-Dist_f1_score_mc_dist.pdf
aggregated_TopLeft_xy,T,Compact,t_Compact,not_equal,False,500,0.70487873493249,0.2472972510164793,0.981012254813672,-0.2862100480672406,-1.1741708526432715,0.5189587962433339,False,0.37342011879927417,0.024527877510423384,0.7502283744978334,0.5221866666666667,0.46444444444444444,0.5844444444444444,Healthy,0.5192888888888889,0.16,1.0,0.6622133333333333,0.16666666666666666,1.0,0.5307792565374935,0.26666666666666666,0.7741935483870968,18,25,Results/Overall_Generated_Plots/Aggregated_Plots_MC/aggregated_TopLeft_xy_T_Compact_tdist.pdf,Results/Overall_Generated_Plots/Aggregated_Plots_MC/aggregated_TopLeft_xy_T_Compact_boxplot.pdf,Results/Overall_Generated_Plots/Aggregated_Plots_MC/aggregated_TopLeft_xy_T_Compact_roc.pdf,Results/Overall_Generated_Plots/Aggregated_Plots_MC/aggregated_TopLeft_xy_T_Compact_cm.pdf,Results/Overall_Generated_Plots/Aggregated_Plots_MC/aggregated_TopLeft_xy_T_Compact_p_value_mc_dist.pdf,Results/Overall_Generated_Plots/Aggregated_Plots_MC/aggregated_TopLeft_xy_T_Compact_threshold_mc_dist.pdf,Results/Overall_Generated_Plots/Aggregated_Plots_MC/aggregated_TopLeft_xy_T_Compact_f1_score_mc_dist.pdf
aggregated_TopLeft_xy,T,Angle,t_Angle,not_equal,False,500,0.16421842044768165,0.03822540269937174,0.5009584711021726,-1.5161604358889267,-2.14371450297712,-0.6797840219969704,False,97.44811744487414,82.87921841947312,120.50864771656384,0.6317288888888888,0.5599999999999999,0.6922777777777778,Healthy,0.57272,0.44,0.6,0.8226666666666668,0.7222222222222222,0.9444444444444444,0.6731148560465674,0.5945945945945946,0.7142857142857143,18,25,Results/Overall_Generated_Plots/Aggregated_Plots_MC/aggregated_TopLeft_xy_T_Angle_tdist.pdf,Results/Overall_Generated_Plots/Aggregated_Plots_MC/aggregated_TopLeft_xy_T_Angle_boxplot.pdf,Results/Overall_Generated_Plots/Aggregated_Plots_MC/aggregated_TopLeft_xy_T_Angle_roc.pdf,Results/Overall_Generated_Plots/Aggregated_Plots_MC/aggregated_TopLeft_xy_T_Angle_cm.pdf,Results/Overall_Generated_Plots/Aggregated_Plots_MC/aggregated_TopLeft_xy_T_Angle_p_value_mc_dist.pdf,Results/Overall_Generated_Plots/Aggregated_Plots_MC/aggregated_TopLeft_xy_T_Angle_threshold_mc_dist.pdf,Results/Overall_Generated_Plots/Aggregated_Plots_MC/aggregated_TopLeft_xy_T_Angle_f1_score_mc_dist.pdf
aggregated_TopLeft_xy,QRS,Area,qrs_Area,not_equal,True,500,0.41414066435490543,0.021131487998140755,0.9737079966662754,-0.8891807904254747,-2.419785670705592,0.7227628100111401,False,50.35930904346767,0.8939166047983422,192.9351844603193,0.569074537979532,0.4578361742424243,0.6709601449275362,Healthy,0.5950881406871049,0.1541666666666669,1.0,0.630232965056212,0.1875,1.0,0.5987392089468075,0.2669642857142861,0.8070175438596491,18,25,Results/Overall_Generated_Plots/Aggregated_Plots_MC/aggregated_TopLeft_xy_QRS_Area_tdist.pdf,Results/Overall_Generated_Plots/Aggregated_Plots_MC/aggregated_TopLeft_xy_QRS_Area_boxplot.pdf,Results/Overall_Generated_Plots/Aggregated_Plots_MC/aggregated_TopLeft_xy_QRS_Area_roc.pdf,Results/Overall_Generated_Plots/Aggregated_Plots_MC/aggregated_TopLeft_xy_QRS_Area_cm.pdf,Results/Overall_Generated_Plots/Aggregated_Plots_MC/aggregated_TopLeft_xy_QRS_Area_p_value_mc_dist.pdf,Results/Overall_Generated_Plots/Aggregated_Plots_MC/aggregated_TopLeft_xy_QRS_Area_threshold_mc_dist.pdf,Results/Overall_Generated_Plots/Aggregated_Plots_MC/aggregated_TopLeft_xy_QRS_Area_f1_score_mc_dist.pdf
aggregated_TopLeft_xy,QRS,T-Dist,qrs_T-Dist,not_equal,True,500,0.5812454477841418,0.09168763361743187,0.982089771071827,-0.3061464072208628,-1.7277379837727869,0.9235760425351646,False,24.845565378003382,9.650643806923732,49.2927812465564,0.5485552949474036,0.47058823529411764,0.6451749999999999,Healthy,0.5433489281562428,0.16666666666666666,0.9375,0.691503866136705,0.25,1.0,0.5817643937661223,0.2857142857142857,0.7346938775510204,18,25,Results/Overall_Generated_Plots/Aggregated_Plots_MC/aggregated_TopLeft_xy_QRS_T-Dist_tdist.pdf,Results/Overall_Generated_Plots/Aggregated_Plots_MC/aggregated_TopLeft_xy_QRS_T-Dist_boxplot.pdf,Results/Overall_Generated_Plots/Aggregated_Plots_MC/aggregated_TopLeft_xy_QRS_T-Dist_roc.pdf,Results/Overall_Generated_Plots/Aggregated_Plots_MC/aggregated_TopLeft_xy_QRS_T-Dist_cm.pdf,Results/Overall_Generated_Plots/Aggregated_Plots_MC/aggregated_TopLeft_xy_QRS_T-Dist_p_value_mc_dist.pdf,Results/Overall_Generated_Plots/Aggregated_Plots_MC/aggregated_TopLeft_xy_QRS_T-Dist_threshold_mc_dist.pdf,Results/Overall_Generated_Plots/Aggregated_Plots_MC/aggregated_TopLeft_xy_QRS_T-Dist_f1_score_mc_dist.pdf
aggregated_TopLeft_xy,QRS,Compact,qrs_Compact,not_equal,True,500,0.46053513318363537,0.02238835606311564,0.9713979229373504,-0.8183624914565025,-2.3864278849732123,0.5614489074336569,False,0.3224229381340968,0.04925633552467735,0.9757454531488685,0.5814965941324708,0.4659375,0.6824301470588235,Healthy,0.6193396055180966,0.17647058823529413,1.0,0.6339588577960829,0.2777777777777778,1.0,0.630148879163407,0.29250000000000015,0.8,18,25,Results/Overall_Generated_Plots/Aggregated_Plots_MC/aggregated_TopLeft_xy_QRS_Compact_tdist.pdf,Results/Overall_Generated_Plots/Aggregated_Plots_MC/aggregated_TopLeft_xy_QRS_Compact_boxplot.pdf,Results/Overall_Generated_Plots/Aggregated_Plots_MC/aggregated_TopLeft_xy_QRS_Compact_roc.pdf,Results/Overall_Generated_Plots/Aggregated_Plots_MC/aggregated_TopLeft_xy_QRS_Compact_cm.pdf,Results/Overall_Generated_Plots/Aggregated_Plots_MC/aggregated_TopLeft_xy_QRS_Compact_p_value_mc_dist.pdf,Results/Overall_Generated_Plots/Aggregated_Plots_MC/aggregated_TopLeft_xy_QRS_Compact_threshold_mc_dist.pdf,Results/Overall_Generated_Plots/Aggregated_Plots_MC/aggregated_TopLeft_xy_QRS_Compact_f1_score_mc_dist.pdf
aggregated_TopLeft_xy,QRS,Angle,qrs_Angle,not_equal,False,500,0.006097938919768899,0.0008809007056690513,0.028517485387999933,-3.064169694334112,-3.5896434304689397,-2.270518879435164,True,21.241745320559303,-38.84929562237716,121.74330845718472,0.6953066666666666,0.6511111111111111,0.7389444444444444,Healthy,0.52592,0.48,0.56,0.9283333333333333,0.8888888888888888,0.9444444444444444,0.6663630861818465,0.6153846153846154,0.7,18,25,Results/Overall_Generated_Plots/Aggregated_Plots_MC/aggregated_TopLeft_xy_QRS_Angle_tdist.pdf,Results/Overall_Generated_Plots/Aggregated_Plots_MC/aggregated_TopLeft_xy_QRS_Angle_boxplot.pdf,Results/Overall_Generated_Plots/Aggregated_Plots_MC/aggregated_TopLeft_xy_QRS_Angle_roc.pdf,Results/Overall_Generated_Plots/Aggregated_Plots_MC/aggregated_TopLeft_xy_QRS_Angle_cm.pdf,Results/Overall_Generated_Plots/Aggregated_Plots_MC/aggregated_TopLeft_xy_QRS_Angle_p_value_mc_dist.pdf,Results/Overall_Generated_Plots/Aggregated_Plots_MC/aggregated_TopLeft_xy_QRS_Angle_threshold_mc_dist.pdf,Results/Overall_Generated_Plots/Aggregated_Plots_MC/aggregated_TopLeft_xy_QRS_Angle_f1_score_mc_dist.pdf
aggregated_TopLeft_xy,ST,Area,st_Area,not_equal,True,500,0.25589632271609397,0.0007054928296847691,0.9238385838327003,-1.5791700027170257,-3.763130398372315,0.648636722374631,False,6.727199862664969,0.06383062214794033,24.314185913455034,0.6582570295094932,0.45158333333333334,0.8298426573426574,Healthy,0.670707853719395,0.24227941176470602,1.0,0.7232265690278074,0.2607954545454548,1.0,0.6990410953045546,0.3668350168350169,0.8423333333333333,18,25,Results/Overall_Generated_Plots/Aggregated_Plots_MC/aggregated_TopLeft_xy_ST_Area_tdist.pdf,Results/Overall_Generated_Plots/Aggregated_Plots_MC/aggregated_TopLeft_xy_ST_Area_boxplot.pdf,Results/Overall_Generated_Plots/Aggregated_Plots_MC/aggregated_TopLeft_xy_ST_Area_roc.pdf,Results/Overall_Generated_Plots/Aggregated_Plots_MC/aggregated_TopLeft_xy_ST_Area_cm.pdf,Results/Overall_Generated_Plots/Aggregated_Plots_MC/aggregated_TopLeft_xy_ST_Area_p_value_mc_dist.pdf,Results/Overall_Generated_Plots/Aggregated_Plots_MC/aggregated_TopLeft_xy_ST_Area_threshold_mc_dist.pdf,Results/Overall_Generated_Plots/Aggregated_Plots_MC/aggregated_TopLeft_xy_ST_Area_f1_score_mc_dist.pdf
aggregated_TopLeft_xy,ST,T-Dist,st_T-Dist,not_equal,True,500,0.08728120854857374,0.0001074705358424763,0.646243821980797,-2.406272686156779,-4.357431727096367,-0.42873177330968043,False,4.332538253409718,0.9443828497189324,8.66583780617537,0.6894330154707469,0.5364849744245523,0.8313357843137256,Healthy,0.5824208802308801,0.2916666666666667,0.875,0.8375455167864247,0.4568627450980395,1.0,0.6736992055515364,0.4442036290322582,0.8372093023255814,18,25,Results/Overall_Generated_Plots/Aggregated_Plots_MC/aggregated_TopLeft_xy_ST_T-Dist_tdist.pdf,Results/Overall_Generated_Plots/Aggregated_Plots_MC/aggregated_TopLeft_xy_ST_T-Dist_boxplot.pdf,Results/Overall_Generated_Plots/Aggregated_Plots_MC/aggregated_TopLeft_xy_ST_T-Dist_roc.pdf,Results/Overall_Generated_Plots/Aggregated_Plots_MC/aggregated_TopLeft_xy_ST_T-Dist_cm.pdf,Results/Overall_Generated_Plots/Aggregated_Plots_MC/aggregated_TopLeft_xy_ST_T-Dist_p_value_mc_dist.pdf,Results/Overall_Generated_Plots/Aggregated_Plots_MC/aggregated_TopLeft_xy_ST_T-Dist_threshold_mc_dist.pdf,Results/Overall_Generated_Plots/Aggregated_Plots_MC/aggregated_TopLeft_xy_ST_T-Dist_f1_score_mc_dist.pdf
aggregated_TopLeft_xy,ST,Compact,st_Compact,not_equal,True,500,0.4529296227998495,0.038717829378476246,0.9639889979918446,0.5284842946033259,-1.5733763170705963,2.0940250002784597,False,0.536407342090738,0.08464241979012381,1.0223935158654425,0.5617026243012576,0.4813775004951475,0.6714975845410628,ARVC,0.49204799736495386,0.17647058823529413,1.0,0.7563646630167218,0.23752941176470593,1.0,0.5328217567302588,0.3,0.7457627118644068,18,25,Results/Overall_Generated_Plots/Aggregated_Plots_MC/aggregated_TopLeft_xy_ST_Compact_tdist.pdf,Results/Overall_Generated_Plots/Aggregated_Plots_MC/aggregated_TopLeft_xy_ST_Compact_boxplot.pdf,Results/Overall_Generated_Plots/Aggregated_Plots_MC/aggregated_TopLeft_xy_ST_Compact_roc.pdf,Results/Overall_Generated_Plots/Aggregated_Plots_MC/aggregated_TopLeft_xy_ST_Compact_cm.pdf,Results/Overall_Generated_Plots/Aggregated_Plots_MC/aggregated_TopLeft_xy_ST_Compact_p_value_mc_dist.pdf,Results/Overall_Generated_Plots/Aggregated_Plots_MC/aggregated_TopLeft_xy_ST_Compact_threshold_mc_dist.pdf,Results/Overall_Generated_Plots/Aggregated_Plots_MC/aggregated_TopLeft_xy_ST_Compact_f1_score_mc_dist.pdf
aggregated_TopLeft_xy,ST,Angle,st_Angle,not_equal,False,500,0.23966225908973746,0.02277798580990393,0.7155905632621583,1.3499752705388341,0.36762041349107216,2.3719049639452185,False,13.15249446937873,-32.343094662787905,59.2260564899797,0.635888888888889,0.5699444444444445,0.7088888888888889,ARVC,0.747,0.5555555555555556,0.8888888888888888,0.6038399999999999,0.44,0.76,0.6485960602712697,0.5714285714285714,0.7142857142857143,18,25,Results/Overall_Generated_Plots/Aggregated_Plots_MC/aggregated_TopLeft_xy_ST_Angle_tdist.pdf,Results/Overall_Generated_Plots/Aggregated_Plots_MC/aggregated_TopLeft_xy_ST_Angle_boxplot.pdf,Results/Overall_Generated_Plots/Aggregated_Plots_MC/aggregated_TopLeft_xy_ST_Angle_roc.pdf,Results/Overall_Generated_Plots/Aggregated_Plots_MC/aggregated_TopLeft_xy_ST_Angle_cm.pdf,Results/Overall_Generated_Plots/Aggregated_Plots_MC/aggregated_TopLeft_xy_ST_Angle_p_value_mc_dist.pdf,Results/Overall_Generated_Plots/Aggregated_Plots_MC/aggregated_TopLeft_xy_ST_Angle_threshold_mc_dist.pdf,Results/Overall_Generated_Plots/Aggregated_Plots_MC/aggregated_TopLeft_xy_ST_Angle_f1_score_mc_dist.pdf
aggregated_TopLeft_yz,T,Area,t_Area,not_equal,True,500,0.008692811840582262,0.002426906513522112,0.02952552473243493,-2.9082283352467666,-3.333129995870648,-2.2851466852524895,True,27.296426320525033,16.472091092831985,61.95297615779098,0.7056157508256787,0.6568713450292398,0.7488888888888889,Healthy,0.6273749244957939,0.34782608695652173,0.76,0.7839181286549707,0.6208333333333336,1.0,0.691655328840043,0.5161290322580645,0.7755102040816326,19,26,Results/Overall_Generated_Plots/Aggregated_Plots_MC/aggregated_TopLeft_yz_T_Area_tdist.pdf,Results/Overall_Generated_Plots/Aggregated_Plots_MC/aggregated_TopLeft_yz_T_Area_boxplot.pdf,Results/Overall_Generated_Plots/Aggregated_Plots_MC/aggregated_TopLeft_yz_T_Area_roc.pdf,Results/Overall_Generated_Plots/Aggregated_Plots_MC/aggregated_TopLeft_yz_T_Area_cm.pdf,Results/Overall_Generated_Plots/Aggregated_Plots_MC/aggregated_TopLeft_yz_T_Area_p_value_mc_dist.pdf,Results/Overall_Generated_Plots/Aggregated_Plots_MC/aggregated_TopLeft_yz_T_Area_threshold_mc_dist.pdf,Results/Overall_Generated_Plots/Aggregated_Plots_MC/aggregated_TopLeft_yz_T_Area_f1_score_mc_dist.pdf
aggregated_TopLeft_yz,T,T-Dist,t_T-Dist,not_equal,True,500,0.041541799021539705,0.0065509874915255385,0.14086521847577507,-2.2349521304369495,-2.8733622076776846,-1.5011073858813562,True,15.849930631329723,11.82750207898792,18.898996903625257,0.6417142510121457,0.5810784975258659,0.7105235042735043,Healthy,0.4056276923076923,0.3076923076923077,0.589038461538461,0.9485204678362573,0.7777777777777778,1.0,0.5565154150487794,0.45714285714285713,0.6956521739130435,19,26,Results/Overall_Generated_Plots/Aggregated_Plots_MC/aggregated_TopLeft_yz_T_T-Dist_tdist.pdf,Results/Overall_Generated_Plots/Aggregated_Plots_MC/aggregated_TopLeft_yz_T_T-Dist_boxplot.pdf,Results/Overall_Generated_Plots/Aggregated_Plots_MC/aggregated_TopLeft_yz_T_T-Dist_roc.pdf,Results/Overall_Generated_Plots/Aggregated_Plots_MC/aggregated_TopLeft_yz_T_T-Dist_cm.pdf,Results/Overall_Generated_Plots/Aggregated_Plots_MC/aggregated_TopLeft_yz_T_T-Dist_p_value_mc_dist.pdf,Results/Overall_Generated_Plots/Aggregated_Plots_MC/aggregated_TopLeft_yz_T_T-Dist_threshold_mc_dist.pdf,Results/Overall_Generated_Plots/Aggregated_Plots_MC/aggregated_TopLeft_yz_T_T-Dist_f1_score_mc_dist.pdf
aggregated_TopLeft_yz,T,Compact,t_Compact,not_equal,False,500,0.752123803135325,0.3507051101954096,0.9886031827260067,-0.2165155559254888,-0.9435721523518988,0.4246895088402701,False,0.49883584987877855,0.09048809308430622,0.9841595594409805,0.5272834008097166,0.4817813765182186,0.5809716599190284,Healthy,0.5518016194331983,0.17424089068825946,1.0,0.618672064777328,0.15384615384615385,0.9615384615384616,0.5566098877205654,0.2893356643356647,0.7384615384615385,19,26,Results/Overall_Generated_Plots/Aggregated_Plots_MC/aggregated_TopLeft_yz_T_Compact_tdist.pdf,Results/Overall_Generated_Plots/Aggregated_Plots_MC/aggregated_TopLeft_yz_T_Compact_boxplot.pdf,Results/Overall_Generated_Plots/Aggregated_Plots_MC/aggregated_TopLeft_yz_T_Compact_roc.pdf,Results/Overall_Generated_Plots/Aggregated_Plots_MC/aggregated_TopLeft_yz_T_Compact_cm.pdf,Results/Overall_Generated_Plots/Aggregated_Plots_MC/aggregated_TopLeft_yz_T_Compact_p_value_mc_dist.pdf,Results/Overall_Generated_Plots/Aggregated_Plots_MC/aggregated_TopLeft_yz_T_Compact_threshold_mc_dist.pdf,Results/Overall_Generated_Plots/Aggregated_Plots_MC/aggregated_TopLeft_yz_T_Compact_f1_score_mc_dist.pdf
aggregated_TopLeft_yz,T,Angle,t_Angle,not_equal,False,500,0.6404060055208006,0.15333995043555598,0.9855031063625734,-0.3489231130650546,-1.4565844478570433,0.604838082400793,False,-6.958597357882012,-111.12644879798579,171.62002841385404,0.5301295546558705,0.4817813765182186,0.5931174089068827,Healthy,0.43610121457489875,0.11538461538461539,0.8846153846153846,0.7111174089068827,0.21052631578947367,1.0,0.48013410765992787,0.20689655172413793,0.7301587301587301,19,26,Results/Overall_Generated_Plots/Aggregated_Plots_MC/aggregated_TopLeft_yz_T_Angle_tdist.pdf,Results/Overall_Generated_Plots/Aggregated_Plots_MC/aggregated_TopLeft_yz_T_Angle_boxplot.pdf,Results/Overall_Generated_Plots/Aggregated_Plots_MC/aggregated_TopLeft_yz_T_Angle_roc.pdf,Results/Overall_Generated_Plots/Aggregated_Plots_MC/aggregated_TopLeft_yz_T_Angle_cm.pdf,Results/Overall_Generated_Plots/Aggregated_Plots_MC/aggregated_TopLeft_yz_T_Angle_p_value_mc_dist.pdf,Results/Overall_Generated_Plots/Aggregated_Plots_MC/aggregated_TopLeft_yz_T_Angle_threshold_mc_dist.pdf,Results/Overall_Generated_Plots/Aggregated_Plots_MC/aggregated_TopLeft_yz_T_Angle_f1_score_mc_dist.pdf
aggregated_TopLeft_yz,QRS,Area,qrs_Area,not_equal,True,500,0.08303048756739446,0.0007926045109080889,0.42307661650601114,-2.2248948241039725,-3.761819412674239,-0.810490416566673,False,94.79624185833705,35.63921190547495,222.65563760189988,0.6435894968879161,0.5534068627450981,0.7386666666666667,Healthy,0.5641522580914398,0.35273076923076935,0.72,0.7948593137254902,0.5882352941176471,1.0,0.657693408012163,0.49290540540540556,0.7578888888888888,19,26,Results/Overall_Generated_Plots/Aggregated_Plots_MC/aggregated_TopLeft_yz_QRS_Area_tdist.pdf,Results/Overall_Generated_Plots/Aggregated_Plots_MC/aggregated_TopLeft_yz_QRS_Area_boxplot.pdf,Results/Overall_Generated_Plots/Aggregated_Plots_MC/aggregated_TopLeft_yz_QRS_Area_roc.pdf,Results/Overall_Generated_Plots/Aggregated_Plots_MC/aggregated_TopLeft_yz_QRS_Area_cm.pdf,Results/Overall_Generated_Plots/Aggregated_Plots_MC/aggregated_TopLeft_yz_QRS_Area_p_value_mc_dist.pdf,Results/Overall_Generated_Plots/Aggregated_Plots_MC/aggregated_TopLeft_yz_QRS_Area_threshold_mc_dist.pdf,Results/Overall_Generated_Plots/Aggregated_Plots_MC/aggregated_TopLeft_yz_QRS_Area_f1_score_mc_dist.pdf
aggregated_TopLeft_yz,QRS,T-Dist,qrs_T-Dist,not_equal,True,500,0.008253657485689712,9.79997550928542e-06,0.08066159977186545,-3.823187537789078,-5.160446215307284,-1.8064821550589267,True,20.12488283499427,11.141413622233603,28.114563507259067,0.7962403827468709,0.6931240942028986,0.8719025641025641,Healthy,0.7026534660991183,0.48,0.92,0.8412409663865547,0.5333333333333333,1.0,0.7753406385616761,0.631578947368421,0.8632130124777183,19,26,Results/Overall_Generated_Plots/Aggregated_Plots_MC/aggregated_TopLeft_yz_QRS_T-Dist_tdist.pdf,Results/Overall_Generated_Plots/Aggregated_Plots_MC/aggregated_TopLeft_yz_QRS_T-Dist_boxplot.pdf,Results/Overall_Generated_Plots/Aggregated_Plots_MC/aggregated_TopLeft_yz_QRS_T-Dist_roc.pdf,Results/Overall_Generated_Plots/Aggregated_Plots_MC/aggregated_TopLeft_yz_QRS_T-Dist_cm.pdf,Results/Overall_Generated_Plots/Aggregated_Plots_MC/aggregated_TopLeft_yz_QRS_T-Dist_p_value_mc_dist.pdf,Results/Overall_Generated_Plots/Aggregated_Plots_MC/aggregated_TopLeft_yz_QRS_T-Dist_threshold_mc_dist.pdf,Results/Overall_Generated_Plots/Aggregated_Plots_MC/aggregated_TopLeft_yz_QRS_T-Dist_f1_score_mc_dist.pdf
aggregated_TopLeft_yz,QRS,Compact,qrs_Compact,not_equal,True,500,0.4683775766315928,0.06596674055446608,0.9649693997749811,0.6940048557060743,-0.8985389457400669,1.915609475184993,False,0.6569906118042035,0.10032389165639315,1.1355999536943848,0.5509230437929281,0.4808461538461538,0.6362013888888889,ARVC,0.43095638564737637,0.15789473684210525,1.0,0.7859077267536608,0.20651709401709434,1.0,0.4875916790358873,0.2727272727272727,0.7168241178105027,19,26,Results/Overall_Generated_Plots/Aggregated_Plots_MC/aggregated_TopLeft_yz_QRS_Compact_tdist.pdf,Results/Overall_Generated_Plots/Aggregated_Plots_MC/aggregated_TopLeft_yz_QRS_Compact_boxplot.pdf,Results/Overall_Generated_Plots/Aggregated_Plots_MC/aggregated_TopLeft_yz_QRS_Compact_roc.pdf,Results/Overall_Generated_Plots/Aggregated_Plots_MC/aggregated_TopLeft_yz_QRS_Compact_cm.pdf,Results/Overall_Generated_Plots/Aggregated_Plots_MC/aggregated_TopLeft_yz_QRS_Compact_p_value_mc_dist.pdf,Results/Overall_Generated_Plots/Aggregated_Plots_MC/aggregated_TopLeft_yz_QRS_Compact_threshold_mc_dist.pdf,Results/Overall_Generated_Plots/Aggregated_Plots_MC/aggregated_TopLeft_yz_QRS_Compact_f1_score_mc_dist.pdf
aggregated_TopLeft_yz,QRS,Angle,qrs_Angle,not_equal,False,500,0.4865924158980703,0.10854052743693512,0.9435272768306837,-0.7482558922933723,-1.6419314416424209,0.18814796361985311,False,-73.2167605078065,-151.99342965462003,157.3454389416691,0.5741497975708502,0.48572874493927126,0.6477732793522267,Healthy,0.6498502024291498,0.15384615384615385,1.0,0.5648947368421053,0.21052631578947367,1.0,0.6377416286804001,0.26666666666666666,0.7878787878787878,19,26,Results/Overall_Generated_Plots/Aggregated_Plots_MC/aggregated_TopLeft_yz_QRS_Angle_tdist.pdf,Results/Overall_Generated_Plots/Aggregated_Plots_MC/aggregated_TopLeft_yz_QRS_Angle_boxplot.pdf,Results/Overall_Generated_Plots/Aggregated_Plots_MC/aggregated_TopLeft_yz_QRS_Angle_roc.pdf,Results/Overall_Generated_Plots/Aggregated_Plots_MC/aggregated_TopLeft_yz_QRS_Angle_cm.pdf,Results/Overall_Generated_Plots/Aggregated_Plots_MC/aggregated_TopLeft_yz_QRS_Angle_p_value_mc_dist.pdf,Results/Overall_Generated_Plots/Aggregated_Plots_MC/aggregated_TopLeft_yz_QRS_Angle_threshold_mc_dist.pdf,Results/Overall_Generated_Plots/Aggregated_Plots_MC/aggregated_TopLeft_yz_QRS_Angle_f1_score_mc_dist.pdf
aggregated_TopLeft_yz,ST,Area,st_Area,not_equal,True,500,0.17744574448393594,0.00035781686990961006,0.8869139332293389,-1.9496041019753856,-4.108522626222649,0.45799304011494363,False,14.195072734850946,0.6537850270146521,41.156630882932106,0.6670853887131963,0.4752604166666668,0.8284118357487922,Healthy,0.597791365154192,0.2608695652173913,0.9149456521739129,0.8155288709783359,0.3488586956521739,1.0,0.6779868864030751,0.41379310344827586,0.8386744186046511,19,26,Results/Overall_Generated_Plots/Aggregated_Plots_MC/aggregated_TopLeft_yz_ST_Area_tdist.pdf,Results/Overall_Generated_Plots/Aggregated_Plots_MC/aggregated_TopLeft_yz_ST_Area_boxplot.pdf,Results/Overall_Generated_Plots/Aggregated_Plots_MC/aggregated_TopLeft_yz_ST_Area_roc.pdf,Results/Overall_Generated_Plots/Aggregated_Plots_MC/aggregated_TopLeft_yz_ST_Area_cm.pdf,Results/Overall_Generated_Plots/Aggregated_Plots_MC/aggregated_TopLeft_yz_ST_Area_p_value_mc_dist.pdf,Results/Overall_Generated_Plots/Aggregated_Plots_MC/aggregated_TopLeft_yz_ST_Area_threshold_mc_dist.pdf,Results/Overall_Generated_Plots/Aggregated_Plots_MC/aggregated_TopLeft_yz_ST_Area_f1_score_mc_dist.pdf
aggregated_TopLeft_yz,ST,T-Dist,st_T-Dist,not_equal,True,500,0.2321101213808384,0.0005350849205134982,0.912496257193686,-1.6334062210069946,-3.7860974943280996,0.4245174675328435,False,4.312161067902954,0.2011694293716614,8.27271386959233,0.6258741678134022,0.5023296097285068,0.7789277432126696,Healthy,0.5322570037967447,0.23291855203619916,0.942892156862745,0.8097385388377345,0.28670588235294137,1.0,0.6172566947524754,0.36363636363636365,0.7912063953488372,19,26,Results/Overall_Generated_Plots/Aggregated_Plots_MC/aggregated_TopLeft_yz_ST_T-Dist_tdist.pdf,Results/Overall_Generated_Plots/Aggregated_Plots_MC/aggregated_TopLeft_yz_ST_T-Dist_boxplot.pdf,Results/Overall_Generated_Plots/Aggregated_Plots_MC/aggregated_TopLeft_yz_ST_T-Dist_roc.pdf,Results/Overall_Generated_Plots/Aggregated_Plots_MC/aggregated_TopLeft_yz_ST_T-Dist_cm.pdf,Results/Overall_Generated_Plots/Aggregated_Plots_MC/aggregated_TopLeft_yz_ST_T-Dist_p_value_mc_dist.pdf,Results/Overall_Generated_Plots/Aggregated_Plots_MC/aggregated_TopLeft_yz_ST_T-Dist_threshold_mc_dist.pdf,Results/Overall_Generated_Plots/Aggregated_Plots_MC/aggregated_TopLeft_yz_ST_T-Dist_f1_score_mc_dist.pdf
aggregated_TopLeft_yz,ST,Compact,st_Compact,not_equal,True,500,0.4809718813468395,0.021619553331478292,0.9760878621057761,-0.3094567881601847,-2.3041957292025077,1.5128121181609346,False,0.41130569489967705,0.07090461134890169,0.9377088899351916,0.56443730366837,0.47368421052631576,0.6972939814814815,ARVC,0.5899227873064701,0.19230769230769232,1.0,0.6558741304672056,0.21052631578947367,1.0,0.5957986873032675,0.3225806451612903,0.7927944046844503,19,26,Results/Overall_Generated_Plots/Aggregated_Plots_MC/aggregated_TopLeft_yz_ST_Compact_tdist.pdf,Results/Overall_Generated_Plots/Aggregated_Plots_MC/aggregated_TopLeft_yz_ST_Compact_boxplot.pdf,Results/Overall_Generated_Plots/Aggregated_Plots_MC/aggregated_TopLeft_yz_ST_Compact_roc.pdf,Results/Overall_Generated_Plots/Aggregated_Plots_MC/aggregated_TopLeft_yz_ST_Compact_cm.pdf,Results/Overall_Generated_Plots/Aggregated_Plots_MC/aggregated_TopLeft_yz_ST_Compact_p_value_mc_dist.pdf,Results/Overall_Generated_Plots/Aggregated_Plots_MC/aggregated_TopLeft_yz_ST_Compact_threshold_mc_dist.pdf,Results/Overall_Generated_Plots/Aggregated_Plots_MC/aggregated_TopLeft_yz_ST_Compact_f1_score_mc_dist.pdf
aggregated_TopLeft_yz,ST,Angle,st_Angle,not_equal,False,500,0.705820295389746,0.30741716066100366,0.9843866281263064,0.16534958855888968,-0.7223033248139663,1.0267539331556552,False,47.965603840421956,-25.65628547919206,155.46116917073954,0.5260769230769231,0.4757085020242915,0.5829959514170041,ARVC,0.6423967611336032,0.15384615384615385,0.9473684210526315,0.5304210526315789,0.19230769230769232,1.0,0.5439342083366614,0.26666666666666666,0.6792452830188679,19,26,Results/Overall_Generated_Plots/Aggregated_Plots_MC/aggregated_TopLeft_yz_ST_Angle_tdist.pdf,Results/Overall_Generated_Plots/Aggregated_Plots_MC/aggregated_TopLeft_yz_ST_Angle_boxplot.pdf,Results/Overall_Generated_Plots/Aggregated_Plots_MC/aggregated_TopLeft_yz_ST_Angle_roc.pdf,Results/Overall_Generated_Plots/Aggregated_Plots_MC/aggregated_TopLeft_yz_ST_Angle_cm.pdf,Results/Overall_Generated_Plots/Aggregated_Plots_MC/aggregated_TopLeft_yz_ST_Angle_p_value_mc_dist.pdf,Results/Overall_Generated_Plots/Aggregated_Plots_MC/aggregated_TopLeft_yz_ST_Angle_threshold_mc_dist.pdf,Results/Overall_Generated_Plots/Aggregated_Plots_MC/aggregated_TopLeft_yz_ST_Angle_f1_score_mc_dist.pdf
aggregated_TopRight_xy,T,Area,t_Area,not_equal,True,500,0.00224063141764217,4.501975527945322e-05,0.009757014864749546,-3.6820554196024613,-4.9332799923760176,-2.73502246257743,True,6.4003621886627196,3.454677660532502,10.197482164002516,0.8091245472936649,0.7354497354497355,0.8963778409090908,Healthy,0.8030692640692642,0.6363636363636364,0.9090909090909091,0.8027197712418301,0.6666666666666666,1.0,0.8175071557175252,0.75,0.8837209302325582,20,26,Results/Overall_Generated_Plots/Aggregated_Plots_MC/aggregated_TopRight_xy_T_Area_tdist.pdf,Results/Overall_Generated_Plots/Aggregated_Plots_MC/aggregated_TopRight_xy_T_Area_boxplot.pdf,Results/Overall_Generated_Plots/Aggregated_Plots_MC/aggregated_TopRight_xy_T_Area_roc.pdf,Results/Overall_Generated_Plots/Aggregated_Plots_MC/aggregated_TopRight_xy_T_Area_cm.pdf,Results/Overall_Generated_Plots/Aggregated_Plots_MC/aggregated_TopRight_xy_T_Area_p_value_mc_dist.pdf,Results/Overall_Generated_Plots/Aggregated_Plots_MC/aggregated_TopRight_xy_T_Area_threshold_mc_dist.pdf,Results/Overall_Generated_Plots/Aggregated_Plots_MC/aggregated_TopRight_xy_T_Area_f1_score_mc_dist.pdf
aggregated_TopRight_xy,T,T-Dist,t_T-Dist,not_equal,True,500,0.027357495386594374,0.0020199798497913097,0.11946732738304373,-2.475290927252222,-3.3023876188872614,-1.5883374634470695,True,7.968707708497077,4.510863019972116,13.55553156597921,0.6688739932736981,0.6009134615384616,0.7384615384615385,Healthy,0.6212509111178677,0.3076923076923077,0.8461538461538461,0.7357660818713451,0.5,1.0,0.6668728058777033,0.47058823529411764,0.7843137254901961,20,26,Results/Overall_Generated_Plots/Aggregated_Plots_MC/aggregated_TopRight_xy_T_T-Dist_tdist.pdf,Results/Overall_Generated_Plots/Aggregated_Plots_MC/aggregated_TopRight_xy_T_T-Dist_boxplot.pdf,Results/Overall_Generated_Plots/Aggregated_Plots_MC/aggregated_TopRight_xy_T_T-Dist_roc.pdf,Results/Overall_Generated_Plots/Aggregated_Plots_MC/aggregated_TopRight_xy_T_T-Dist_cm.pdf,Results/Overall_Generated_Plots/Aggregated_Plots_MC/aggregated_TopRight_xy_T_T-Dist_p_value_mc_dist.pdf,Results/Overall_Generated_Plots/Aggregated_Plots_MC/aggregated_TopRight_xy_T_T-Dist_threshold_mc_dist.pdf,Results/Overall_Generated_Plots/Aggregated_Plots_MC/aggregated_TopRight_xy_T_T-Dist_f1_score_mc_dist.pdf
aggregated_TopRight_xy,T,Compact,t_Compact,not_equal,False,500,0.011921697309744345,0.0012529238268673166,0.0545795177306255,-2.792867939613401,-3.485649401617681,-1.977659481506486,True,0.5132711421239646,0.23844558423837672,0.853157412775938,0.6952153846153847,0.6297596153846153,0.7538461538461538,Healthy,0.5430769230769231,0.34615384615384615,0.8461538461538461,0.8446,0.55,1.0,0.6463464089133938,0.5142857142857142,0.7731182795698924,20,26,Results/Overall_Generated_Plots/Aggregated_Plots_MC/aggregated_TopRight_xy_T_Compact_tdist.pdf,Results/Overall_Generated_Plots/Aggregated_Plots_MC/aggregated_TopRight_xy_T_Compact_boxplot.pdf,Results/Overall_Generated_Plots/Aggregated_Plots_MC/aggregated_TopRight_xy_T_Compact_roc.pdf,Results/Overall_Generated_Plots/Aggregated_Plots_MC/aggregated_TopRight_xy_T_Compact_cm.pdf,Results/Overall_Generated_Plots/Aggregated_Plots_MC/aggregated_TopRight_xy_T_Compact_p_value_mc_dist.pdf,Results/Overall_Generated_Plots/Aggregated_Plots_MC/aggregated_TopRight_xy_T_Compact_threshold_mc_dist.pdf,Results/Overall_Generated_Plots/Aggregated_Plots_MC/aggregated_TopRight_xy_T_Compact_f1_score_mc_dist.pdf
aggregated_TopRight_xy,T,Angle,t_Angle,not_equal,False,500,0.8134614703836521,0.5462672785477098,0.9913210778126128,0.08280724180152735,-0.5234484662721158,0.5501554801793384,False,10.438337018210394,-95.87524971614792,79.95985768712632,0.49585,0.4403846153846154,0.573076923076923,ARVC,0.5022153846153846,0.35,0.7692307692307693,0.7575769230769231,0.6,0.8461538461538461,0.5614341669880332,0.45161290322580644,0.7407407407407407,20,26,Results/Overall_Generated_Plots/Aggregated_Plots_MC/aggregated_TopRight_xy_T_Angle_tdist.pdf,Results/Overall_Generated_Plots/Aggregated_Plots_MC/aggregated_TopRight_xy_T_Angle_boxplot.pdf,Results/Overall_Generated_Plots/Aggregated_Plots_MC/aggregated_TopRight_xy_T_Angle_roc.pdf,Results/Overall_Generated_Plots/Aggregated_Plots_MC/aggregated_TopRight_xy_T_Angle_cm.pdf,Results/Overall_Generated_Plots/Aggregated_Plots_MC/aggregated_TopRight_xy_T_Angle_p_value_mc_dist.pdf,Results/Overall_Generated_Plots/Aggregated_Plots_MC/aggregated_TopRight_xy_T_Angle_threshold_mc_dist.pdf,Results/Overall_Generated_Plots/Aggregated_Plots_MC/aggregated_TopRight_xy_T_Angle_f1_score_mc_dist.pdf
aggregated_TopRight_xy,QRS,Area,qrs_Area,not_equal,True,500,0.025629102835928105,0.0005157453925316472,0.13499838056451552,-2.715209877439552,-3.961326090151155,-1.5288264642525224,True,29.9119658098099,12.680616636153761,65.03439225594157,0.7075365932123668,0.6143629388514299,0.8045261548913043,Healthy,0.6794199651073565,0.456344696969697,0.8636363636363636,0.7745088235294117,0.5882352941176471,1.0,0.7324993587041321,0.6111111111111112,0.8181818181818182,20,26,Results/Overall_Generated_Plots/Aggregated_Plots_MC/aggregated_TopRight_xy_QRS_Area_tdist.pdf,Results/Overall_Generated_Plots/Aggregated_Plots_MC/aggregated_TopRight_xy_QRS_Area_boxplot.pdf,Results/Overall_Generated_Plots/Aggregated_Plots_MC/aggregated_TopRight_xy_QRS_Area_roc.pdf,Results/Overall_Generated_Plots/Aggregated_Plots_MC/aggregated_TopRight_xy_QRS_Area_cm.pdf,Results/Overall_Generated_Plots/Aggregated_Plots_MC/aggregated_TopRight_xy_QRS_Area_p_value_mc_dist.pdf,Results/Overall_Generated_Plots/Aggregated_Plots_MC/aggregated_TopRight_xy_QRS_Area_threshold_mc_dist.pdf,Results/Overall_Generated_Plots/Aggregated_Plots_MC/aggregated_TopRight_xy_QRS_Area_f1_score_mc_dist.pdf
aggregated_TopRight_xy,QRS,T-Dist,qrs_T-Dist,not_equal,True,500,0.1336342753633658,0.00017536751223173061,0.8612809823854538,-2.1746334327170764,-4.161429528613045,0.1590159388600225,False,12.039919489680294,6.19130492586221,24.000078643934703,0.7290223350129845,0.6133914848553006,0.8293269230769231,Healthy,0.7980260206079199,0.44750000000000106,0.9615384615384616,0.6732434003380147,0.4444444444444444,0.9375,0.780902207117566,0.5928861788617894,0.8624239350912779,20,26,Results/Overall_Generated_Plots/Aggregated_Plots_MC/aggregated_TopRight_xy_QRS_T-Dist_tdist.pdf,Results/Overall_Generated_Plots/Aggregated_Plots_MC/aggregated_TopRight_xy_QRS_T-Dist_boxplot.pdf,Results/Overall_Generated_Plots/Aggregated_Plots_MC/aggregated_TopRight_xy_QRS_T-Dist_roc.pdf,Results/Overall_Generated_Plots/Aggregated_Plots_MC/aggregated_TopRight_xy_QRS_T-Dist_cm.pdf,Results/Overall_Generated_Plots/Aggregated_Plots_MC/aggregated_TopRight_xy_QRS_T-Dist_p_value_mc_dist.pdf,Results/Overall_Generated_Plots/Aggregated_Plots_MC/aggregated_TopRight_xy_QRS_T-Dist_threshold_mc_dist.pdf,Results/Overall_Generated_Plots/Aggregated_Plots_MC/aggregated_TopRight_xy_QRS_T-Dist_f1_score_mc_dist.pdf
aggregated_TopRight_xy,QRS,Compact,qrs_Compact,not_equal,True,500,0.5969997850592066,0.12540872671569764,0.9712350540631762,-0.45156073427466403,-1.5533624915033695,0.6501296206772263,False,0.8214017713094337,0.09749227159518917,1.3293070458697303,0.5213552465931042,0.4576923076923077,0.5981730769230769,Healthy,0.39948887989203774,0.15384615384615385,0.95,0.815674557698923,0.24,1.0,0.47176928778861976,0.26666666666666666,0.6785714285714286,20,26,Results/Overall_Generated_Plots/Aggregated_Plots_MC/aggregated_TopRight_xy_QRS_Compact_tdist.pdf,Results/Overall_Generated_Plots/Aggregated_Plots_MC/aggregated_TopRight_xy_QRS_Compact_boxplot.pdf,Results/Overall_Generated_Plots/Aggregated_Plots_MC/aggregated_TopRight_xy_QRS_Compact_roc.pdf,Results/Overall_Generated_Plots/Aggregated_Plots_MC/aggregated_TopRight_xy_QRS_Compact_cm.pdf,Results/Overall_Generated_Plots/Aggregated_Plots_MC/aggregated_TopRight_xy_QRS_Compact_p_value_mc_dist.pdf,Results/Overall_Generated_Plots/Aggregated_Plots_MC/aggregated_TopRight_xy_QRS_Compact_threshold_mc_dist.pdf,Results/Overall_Generated_Plots/Aggregated_Plots_MC/aggregated_TopRight_xy_QRS_Compact_f1_score_mc_dist.pdf
aggregated_TopRight_xy,QRS,Angle,qrs_Angle,not_equal,False,500,0.7322684855966292,0.3346963802916676,0.9889055737599053,0.17113146280379574,-0.6203100613241793,0.9809377084140029,False,-1.4275994944132786,-119.14056921412411,74.30272011322226,0.4902076923076923,0.3634615384615384,0.6663942307692308,ARVC,0.4417923076923077,0.2,0.9230769230769231,0.8138538461538463,0.45,1.0,0.5102963464705473,0.32,0.7969841269841268,20,26,Results/Overall_Generated_Plots/Aggregated_Plots_MC/aggregated_TopRight_xy_QRS_Angle_tdist.pdf,Results/Overall_Generated_Plots/Aggregated_Plots_MC/aggregated_TopRight_xy_QRS_Angle_boxplot.pdf,Results/Overall_Generated_Plots/Aggregated_Plots_MC/aggregated_TopRight_xy_QRS_Angle_roc.pdf,Results/Overall_Generated_Plots/Aggregated_Plots_MC/aggregated_TopRight_xy_QRS_Angle_cm.pdf,Results/Overall_Generated_Plots/Aggregated_Plots_MC/aggregated_TopRight_xy_QRS_Angle_p_value_mc_dist.pdf,Results/Overall_Generated_Plots/Aggregated_Plots_MC/aggregated_TopRight_xy_QRS_Angle_threshold_mc_dist.pdf,Results/Overall_Generated_Plots/Aggregated_Plots_MC/aggregated_TopRight_xy_QRS_Angle_f1_score_mc_dist.pdf
aggregated_TopRight_xy,ST,Area,st_Area,not_equal,True,500,0.0846932416898987,0.00045301455005874,0.7251738818234994,-2.4805990502483763,-4.067531172735889,-0.3426746667230714,False,7.886993851858886,1.7290720001477604,22.381793300622455,0.6733805495484559,0.4970170454545455,0.8193666666666667,Healthy,0.5767461634128723,0.3263333333333335,0.7916666666666666,0.8871517807662342,0.6354779411764708,1.0,0.6885763036174526,0.4837513061650993,0.8277571580063626,20,26,Results/Overall_Generated_Plots/Aggregated_Plots_MC/aggregated_TopRight_xy_ST_Area_tdist.pdf,Results/Overall_Generated_Plots/Aggregated_Plots_MC/aggregated_TopRight_xy_ST_Area_boxplot.pdf,Results/Overall_Generated_Plots/Aggregated_Plots_MC/aggregated_TopRight_xy_ST_Area_roc.pdf,Results/Overall_Generated_Plots/Aggregated_Plots_MC/aggregated_TopRight_xy_ST_Area_cm.pdf,Results/Overall_Generated_Plots/Aggregated_Plots_MC/aggregated_TopRight_xy_ST_Area_p_value_mc_dist.pdf,Results/Overall_Generated_Plots/Aggregated_Plots_MC/aggregated_TopRight_xy_ST_Area_threshold_mc_dist.pdf,Results/Overall_Generated_Plots/Aggregated_Plots_MC/aggregated_TopRight_xy_ST_Area_f1_score_mc_dist.pdf
aggregated_TopRight_xy,ST,T-Dist,st_T-Dist,not_equal,True,500,0.3492190711393787,0.0007423581332826244,0.9692106378664026,-0.8831877068294214,-3.670682069718374,1.688062962146003,False,2.8167796057140495,-1.0017090297877183,8.45294739785256,0.5982239462230043,0.47629410331384014,0.7461335227272727,ARVC,0.573868859644491,0.16666666666666666,1.0,0.7324696762857847,0.20833333333333334,1.0,0.6083976174827622,0.2857142857142857,0.782608695652174,20,26,Results/Overall_Generated_Plots/Aggregated_Plots_MC/aggregated_TopRight_xy_ST_T-Dist_tdist.pdf,Results/Overall_Generated_Plots/Aggregated_Plots_MC/aggregated_TopRight_xy_ST_T-Dist_boxplot.pdf,Results/Overall_Generated_Plots/Aggregated_Plots_MC/aggregated_TopRight_xy_ST_T-Dist_roc.pdf,Results/Overall_Generated_Plots/Aggregated_Plots_MC/aggregated_TopRight_xy_ST_T-Dist_cm.pdf,Results/Overall_Generated_Plots/Aggregated_Plots_MC/aggregated_TopRight_xy_ST_T-Dist_p_value_mc_dist.pdf,Results/Overall_Generated_Plots/Aggregated_Plots_MC/aggregated_TopRight_xy_ST_T-Dist_threshold_mc_dist.pdf,Results/Overall_Generated_Plots/Aggregated_Plots_MC/aggregated_TopRight_xy_ST_T-Dist_f1_score_mc_dist.pdf
aggregated_TopRight_xy,ST,Compact,st_Compact,not_equal,True,500,0.4240310055492481,0.019291527070527618,0.958405500661438,-0.6427261262985183,-2.4371809435916147,1.3330645230825926,False,0.3648039364943829,0.05883912757500017,0.7685990954588865,0.5629067715508915,0.4773846153846154,0.6947025401069518,Healthy,0.5562096108341188,0.16,0.9615384615384616,0.6724144937942212,0.23066666666666685,1.0,0.5745906222729921,0.2710344827586208,0.7719298245614035,20,26,Results/Overall_Generated_Plots/Aggregated_Plots_MC/aggregated_TopRight_xy_ST_Compact_tdist.pdf,Results/Overall_Generated_Plots/Aggregated_Plots_MC/aggregated_TopRight_xy_ST_Compact_boxplot.pdf,Results/Overall_Generated_Plots/Aggregated_Plots_MC/aggregated_TopRight_xy_ST_Compact_roc.pdf,Results/Overall_Generated_Plots/Aggregated_Plots_MC/aggregated_TopRight_xy_ST_Compact_cm.pdf,Results/Overall_Generated_Plots/Aggregated_Plots_MC/aggregated_TopRight_xy_ST_Compact_p_value_mc_dist.pdf,Results/Overall_Generated_Plots/Aggregated_Plots_MC/aggregated_TopRight_xy_ST_Compact_threshold_mc_dist.pdf,Results/Overall_Generated_Plots/Aggregated_Plots_MC/aggregated_TopRight_xy_ST_Compact_f1_score_mc_dist.pdf
aggregated_TopRight_xy,ST,Angle,st_Angle,not_equal,False,500,0.4552002712845764,0.1020897184215068,0.9621845381934153,-0.8048883289840311,-1.669787150453362,0.15398278342719168,False,84.04549996786061,-1.6996678499358535,99.06105518075492,0.6067461538461539,0.46235576923076926,0.6818749999999999,Healthy,0.43798461538461536,0.3076923076923077,0.8762499999999989,0.9118461538461539,0.2875000000000004,1.0,0.570364958529171,0.47058823529411764,0.6666666666666666,20,26,Results/Overall_Generated_Plots/Aggregated_Plots_MC/aggregated_TopRight_xy_ST_Angle_tdist.pdf,Results/Overall_Generated_Plots/Aggregated_Plots_MC/aggregated_TopRight_xy_ST_Angle_boxplot.pdf,Results/Overall_Generated_Plots/Aggregated_Plots_MC/aggregated_TopRight_xy_ST_Angle_roc.pdf,Results/Overall_Generated_Plots/Aggregated_Plots_MC/aggregated_TopRight_xy_ST_Angle_cm.pdf,Results/Overall_Generated_Plots/Aggregated_Plots_MC/aggregated_TopRight_xy_ST_Angle_p_value_mc_dist.pdf,Results/Overall_Generated_Plots/Aggregated_Plots_MC/aggregated_TopRight_xy_ST_Angle_threshold_mc_dist.pdf,Results/Overall_Generated_Plots/Aggregated_Plots_MC/aggregated_TopRight_xy_ST_Angle_f1_score_mc_dist.pdf
aggregated_TopRight_yz,T,Area,t_Area,not_equal,True,500,0.0008400615711931332,0.00015091244783435357,0.002135543200835783,-3.855693040947206,-4.4958610892425925,-3.4076424246761357,True,19.466036473422033,4.656612935139692,36.86746909722229,0.8180076544109771,0.7590034113060429,0.9111111111111111,Healthy,0.6756584615384615,0.4583333333333333,0.9583333333333334,0.8651214322571134,0.5789473684210527,1.0,0.751729052675865,0.6285714285714286,0.8695652173913043,19,26,Results/Overall_Generated_Plots/Aggregated_Plots_MC/aggregated_TopRight_yz_T_Area_tdist.pdf,Results/Overall_Generated_Plots/Aggregated_Plots_MC/aggregated_TopRight_yz_T_Area_boxplot.pdf,Results/Overall_Generated_Plots/Aggregated_Plots_MC/aggregated_TopRight_yz_T_Area_roc.pdf,Results/Overall_Generated_Plots/Aggregated_Plots_MC/aggregated_TopRight_yz_T_Area_cm.pdf,Results/Overall_Generated_Plots/Aggregated_Plots_MC/aggregated_TopRight_yz_T_Area_p_value_mc_dist.pdf,Results/Overall_Generated_Plots/Aggregated_Plots_MC/aggregated_TopRight_yz_T_Area_threshold_mc_dist.pdf,Results/Overall_Generated_Plots/Aggregated_Plots_MC/aggregated_TopRight_yz_T_Area_f1_score_mc_dist.pdf
aggregated_TopRight_yz,T,T-Dist,t_T-Dist,not_equal,True,500,0.027937907577971353,0.0012527203754287293,0.1107363889779659,-2.5226439048823868,-3.517974786718825,-1.6380417396544389,True,11.048627371160382,8.68480581754345,14.567878365482375,0.6448664942049696,0.5523190045248869,0.7338562753036437,Healthy,0.48287076923076927,0.34615384615384615,0.6538461538461539,0.9496816649466805,0.8375000000000001,1.0,0.6319772818648473,0.5142857142857142,0.7441860465116279,19,26,Results/Overall_Generated_Plots/Aggregated_Plots_MC/aggregated_TopRight_yz_T_T-Dist_tdist.pdf,Results/Overall_Generated_Plots/Aggregated_Plots_MC/aggregated_TopRight_yz_T_T-Dist_boxplot.pdf,Results/Overall_Generated_Plots/Aggregated_Plots_MC/aggregated_TopRight_yz_T_T-Dist_roc.pdf,Results/Overall_Generated_Plots/Aggregated_Plots_MC/aggregated_TopRight_yz_T_T-Dist_cm.pdf,Results/Overall_Generated_Plots/Aggregated_Plots_MC/aggregated_TopRight_yz_T_T-Dist_p_value_mc_dist.pdf,Results/Overall_Generated_Plots/Aggregated_Plots_MC/aggregated_TopRight_yz_T_T-Dist_threshold_mc_dist.pdf,Results/Overall_Generated_Plots/Aggregated_Plots_MC/aggregated_TopRight_yz_T_T-Dist_f1_score_mc_dist.pdf
aggregated_TopRight_yz,T,Compact,t_Compact,not_equal,False,500,0.17887041172368298,0.025742982712653028,0.49827453953235534,-1.489405203124308,-2.330714704736993,-0.6855571024961111,False,0.2830760523359207,0.15916302764004644,0.46604238861388414,0.6868380566801621,0.6275303643724697,0.7520748987854251,Healthy,0.8289230769230769,0.6153846153846154,1.0,0.5832631578947369,0.42105263157894735,0.7894736842105263,0.7736985254735654,0.6808510638297872,0.8387096774193549,19,26,Results/Overall_Generated_Plots/Aggregated_Plots_MC/aggregated_TopRight_yz_T_Compact_tdist.pdf,Results/Overall_Generated_Plots/Aggregated_Plots_MC/aggregated_TopRight_yz_T_Compact_boxplot.pdf,Results/Overall_Generated_Plots/Aggregated_Plots_MC/aggregated_TopRight_yz_T_Compact_roc.pdf,Results/Overall_Generated_Plots/Aggregated_Plots_MC/aggregated_TopRight_yz_T_Compact_cm.pdf,Results/Overall_Generated_Plots/Aggregated_Plots_MC/aggregated_TopRight_yz_T_Compact_p_value_mc_dist.pdf,Results/Overall_Generated_Plots/Aggregated_Plots_MC/aggregated_TopRight_yz_T_Compact_threshold_mc_dist.pdf,Results/Overall_Generated_Plots/Aggregated_Plots_MC/aggregated_TopRight_yz_T_Compact_f1_score_mc_dist.pdf
aggregated_TopRight_yz,T,Angle,t_Angle,not_equal,False,500,0.11275688097560858,0.015472699154535384,0.3472616946945951,-1.7420397492294386,-2.5246302729148833,-0.950335080113774,False,-47.06489298371425,-113.37537090604306,96.53623671776506,0.6380607287449392,0.5931174089068826,0.6862348178137653,Healthy,0.5428461538461538,0.2692307692307692,0.7692307692307693,0.7552631578947367,0.5263157894736842,1.0,0.6231039384409454,0.42424242424242425,0.7272727272727273,19,26,Results/Overall_Generated_Plots/Aggregated_Plots_MC/aggregated_TopRight_yz_T_Angle_tdist.pdf,Results/Overall_Generated_Plots/Aggregated_Plots_MC/aggregated_TopRight_yz_T_Angle_boxplot.pdf,Results/Overall_Generated_Plots/Aggregated_Plots_MC/aggregated_TopRight_yz_T_Angle_roc.pdf,Results/Overall_Generated_Plots/Aggregated_Plots_MC/aggregated_TopRight_yz_T_Angle_cm.pdf,Results/Overall_Generated_Plots/Aggregated_Plots_MC/aggregated_TopRight_yz_T_Angle_p_value_mc_dist.pdf,Results/Overall_Generated_Plots/Aggregated_Plots_MC/aggregated_TopRight_yz_T_Angle_threshold_mc_dist.pdf,Results/Overall_Generated_Plots/Aggregated_Plots_MC/aggregated_TopRight_yz_T_Angle_f1_score_mc_dist.pdf
aggregated_TopRight_yz,QRS,Area,qrs_Area,not_equal,True,500,0.04937032348900125,0.001681048272790821,0.30592802599403685,-2.420709366699473,-3.5242543240291786,-1.0385300729450624,True,67.93838926268162,19.302704191663153,166.8197014147901,0.6685245414099462,0.5755895350564468,0.7633180480072463,Healthy,0.5535373749438967,0.2916666666666667,0.8333333333333334,0.8153159786721705,0.5294117647058824,1.0,0.6445289184384646,0.45161290322580644,0.7835038363171355,19,26,Results/Overall_Generated_Plots/Aggregated_Plots_MC/aggregated_TopRight_yz_QRS_Area_tdist.pdf,Results/Overall_Generated_Plots/Aggregated_Plots_MC/aggregated_TopRight_yz_QRS_Area_boxplot.pdf,Results/Overall_Generated_Plots/Aggregated_Plots_MC/aggregated_TopRight_yz_QRS_Area_roc.pdf,Results/Overall_Generated_Plots/Aggregated_Plots_MC/aggregated_TopRight_yz_QRS_Area_cm.pdf,Results/Overall_Generated_Plots/Aggregated_Plots_MC/aggregated_TopRight_yz_QRS_Area_p_value_mc_dist.pdf,Results/Overall_Generated_Plots/Aggregated_Plots_MC/aggregated_TopRight_yz_QRS_Area_threshold_mc_dist.pdf,Results/Overall_Generated_Plots/Aggregated_Plots_MC/aggregated_TopRight_yz_QRS_Area_f1_score_mc_dist.pdf
aggregated_TopRight_yz,QRS,T-Dist,qrs_T-Dist,not_equal,True,500,0.012377274760148098,3.7387764418834017e-06,0.09866359869413541,-3.617699488220752,-5.471705221977197,-1.7084005416206323,True,13.195573438908612,9.270087442708416,22.127023975479958,0.8123032618981497,0.7186820652173914,0.9085538461538462,Healthy,0.8617634773921731,0.6073076923076924,1.0,0.7210790849673202,0.5625,0.9375,0.8406466405688834,0.7352332979851538,0.9056603773584906,19,26,Results/Overall_Generated_Plots/Aggregated_Plots_MC/aggregated_TopRight_yz_QRS_T-Dist_tdist.pdf,Results/Overall_Generated_Plots/Aggregated_Plots_MC/aggregated_TopRight_yz_QRS_T-Dist_boxplot.pdf,Results/Overall_Generated_Plots/Aggregated_Plots_MC/aggregated_TopRight_yz_QRS_T-Dist_roc.pdf,Results/Overall_Generated_Plots/Aggregated_Plots_MC/aggregated_TopRight_yz_QRS_T-Dist_cm.pdf,Results/Overall_Generated_Plots/Aggregated_Plots_MC/aggregated_TopRight_yz_QRS_T-Dist_p_value_mc_dist.pdf,Results/Overall_Generated_Plots/Aggregated_Plots_MC/aggregated_TopRight_yz_QRS_T-Dist_threshold_mc_dist.pdf,Results/Overall_Generated_Plots/Aggregated_Plots_MC/aggregated_TopRight_yz_QRS_T-Dist_f1_score_mc_dist.pdf
aggregated_TopRight_yz,QRS,Compact,qrs_Compact,not_equal,True,500,0.49070519862065215,0.06681813006940918,0.9771798010799813,0.7033266489316038,-0.5809329291945866,1.9117766728332564,False,0.5269015367725012,0.08743585531348963,1.0620258856806777,0.5658849354506612,0.4948886639676114,0.6509407894736842,ARVC,0.5471500452488688,0.21052631578947367,0.9749999999999988,0.6753609337281823,0.23076923076923078,1.0,0.5340854011795504,0.34782608695652173,0.6729166666666664,19,26,Results/Overall_Generated_Plots/Aggregated_Plots_MC/aggregated_TopRight_yz_QRS_Compact_tdist.pdf,Results/Overall_Generated_Plots/Aggregated_Plots_MC/aggregated_TopRight_yz_QRS_Compact_boxplot.pdf,Results/Overall_Generated_Plots/Aggregated_Plots_MC/aggregated_TopRight_yz_QRS_Compact_roc.pdf,Results/Overall_Generated_Plots/Aggregated_Plots_MC/aggregated_TopRight_yz_QRS_Compact_cm.pdf,Results/Overall_Generated_Plots/Aggregated_Plots_MC/aggregated_TopRight_yz_QRS_Compact_p_value_mc_dist.pdf,Results/Overall_Generated_Plots/Aggregated_Plots_MC/aggregated_TopRight_yz_QRS_Compact_threshold_mc_dist.pdf,Results/Overall_Generated_Plots/Aggregated_Plots_MC/aggregated_TopRight_yz_QRS_Compact_f1_score_mc_dist.pdf
aggregated_TopRight_yz,QRS,Angle,qrs_Angle,not_equal,False,500,0.4605004874435657,0.1708895306814284,0.900024636085582,0.7802452118582421,0.0993516495077538,1.3985416932680694,False,-113.80444347160088,-141.42107390179441,-81.21176600047757,0.605578947368421,0.539423076923077,0.6619433198380567,ARVC,0.6815425101214575,0.47368421052631576,0.8421052631578947,0.5963643724696356,0.4028846153846158,0.7692307692307693,0.6069161628230225,0.5142857142857142,0.6666666666666666,19,26,Results/Overall_Generated_Plots/Aggregated_Plots_MC/aggregated_TopRight_yz_QRS_Angle_tdist.pdf,Results/Overall_Generated_Plots/Aggregated_Plots_MC/aggregated_TopRight_yz_QRS_Angle_boxplot.pdf,Results/Overall_Generated_Plots/Aggregated_Plots_MC/aggregated_TopRight_yz_QRS_Angle_roc.pdf,Results/Overall_Generated_Plots/Aggregated_Plots_MC/aggregated_TopRight_yz_QRS_Angle_cm.pdf,Results/Overall_Generated_Plots/Aggregated_Plots_MC/aggregated_TopRight_yz_QRS_Angle_p_value_mc_dist.pdf,Results/Overall_Generated_Plots/Aggregated_Plots_MC/aggregated_TopRight_yz_QRS_Angle_threshold_mc_dist.pdf,Results/Overall_Generated_Plots/Aggregated_Plots_MC/aggregated_TopRight_yz_QRS_Angle_f1_score_mc_dist.pdf
aggregated_TopRight_yz,ST,Area,st_Area,not_equal,True,500,0.13109256045245887,0.00020788686465867323,0.8561601510873756,-2.265656625138638,-4.269957436036814,-0.018441035460205476,False,16.607995061375032,2.0430163773148378,44.34907175282546,0.6613462026836189,0.4920778325534759,0.819075,Healthy,0.568202093650057,0.2928308823529412,0.8400641025641022,0.8549268582081235,0.3947916666666671,1.0,0.6706443555315026,0.45161290322580644,0.8095238095238095,19,26,Results/Overall_Generated_Plots/Aggregated_Plots_MC/aggregated_TopRight_yz_ST_Area_tdist.pdf,Results/Overall_Generated_Plots/Aggregated_Plots_MC/aggregated_TopRight_yz_ST_Area_boxplot.pdf,Results/Overall_Generated_Plots/Aggregated_Plots_MC/aggregated_TopRight_yz_ST_Area_roc.pdf,Results/Overall_Generated_Plots/Aggregated_Plots_MC/aggregated_TopRight_yz_ST_Area_cm.pdf,Results/Overall_Generated_Plots/Aggregated_Plots_MC/aggregated_TopRight_yz_ST_Area_p_value_mc_dist.pdf,Results/Overall_Generated_Plots/Aggregated_Plots_MC/aggregated_TopRight_yz_ST_Area_threshold_mc_dist.pdf,Results/Overall_Generated_Plots/Aggregated_Plots_MC/aggregated_TopRight_yz_ST_Area_f1_score_mc_dist.pdf
aggregated_TopRight_yz,ST,T-Dist,st_T-Dist,not_equal,True,500,0.33692193781861013,0.001975420684759431,0.9615469612440017,-1.0661241875045016,-3.316224295446953,1.2529112836827117,False,4.097724645155523,-0.5322064048464817,10.21908495456562,0.6007607718065985,0.4833333333333334,0.7615859728506786,Healthy,0.5473596198884199,0.2222222222222222,0.9444444444444444,0.773522323193027,0.2591346153846156,1.0,0.6089183866120578,0.3553359683794468,0.7741883116883116,19,26,Results/Overall_Generated_Plots/Aggregated_Plots_MC/aggregated_TopRight_yz_ST_T-Dist_tdist.pdf,Results/Overall_Generated_Plots/Aggregated_Plots_MC/aggregated_TopRight_yz_ST_T-Dist_boxplot.pdf,Results/Overall_Generated_Plots/Aggregated_Plots_MC/aggregated_TopRight_yz_ST_T-Dist_roc.pdf,Results/Overall_Generated_Plots/Aggregated_Plots_MC/aggregated_TopRight_yz_ST_T-Dist_cm.pdf,Results/Overall_Generated_Plots/Aggregated_Plots_MC/aggregated_TopRight_yz_ST_T-Dist_p_value_mc_dist.pdf,Results/Overall_Generated_Plots/Aggregated_Plots_MC/aggregated_TopRight_yz_ST_T-Dist_threshold_mc_dist.pdf,Results/Overall_Generated_Plots/Aggregated_Plots_MC/aggregated_TopRight_yz_ST_T-Dist_f1_score_mc_dist.pdf
aggregated_TopRight_yz,ST,Compact,st_Compact,not_equal,True,500,0.4541150776598083,0.02978408094039233,0.9668469355803236,0.603313139496878,-1.4181660366007551,2.161669958579015,False,0.4865796571708646,0.08507007394000549,0.9532914238231809,0.5605508943256836,0.4671153846153846,0.6908085430968726,ARVC,0.4942413316913714,0.16666666666666666,1.0,0.7662255765423313,0.20937500000000003,1.0,0.5432390244936073,0.2857142857142857,0.7796610169491526,19,26,Results/Overall_Generated_Plots/Aggregated_Plots_MC/aggregated_TopRight_yz_ST_Compact_tdist.pdf,Results/Overall_Generated_Plots/Aggregated_Plots_MC/aggregated_TopRight_yz_ST_Compact_boxplot.pdf,Results/Overall_Generated_Plots/Aggregated_Plots_MC/aggregated_TopRight_yz_ST_Compact_roc.pdf,Results/Overall_Generated_Plots/Aggregated_Plots_MC/aggregated_TopRight_yz_ST_Compact_cm.pdf,Results/Overall_Generated_Plots/Aggregated_Plots_MC/aggregated_TopRight_yz_ST_Compact_p_value_mc_dist.pdf,Results/Overall_Generated_Plots/Aggregated_Plots_MC/aggregated_TopRight_yz_ST_Compact_threshold_mc_dist.pdf,Results/Overall_Generated_Plots/Aggregated_Plots_MC/aggregated_TopRight_yz_ST_Compact_f1_score_mc_dist.pdf
aggregated_TopRight_yz,ST,Angle,st_Angle,not_equal,False,500,0.7098828066066685,0.2879822990806493,0.986869261801545,-0.07468542043582359,-1.0314324347557675,0.9310857986867639,False,23.973696107163665,-123.80526831410927,111.58697799230501,0.5216234817813765,0.45035425101214577,0.6014170040485828,Healthy,0.6373441295546559,0.15384615384615385,1.0,0.5348704453441295,0.10526315789473684,1.0,0.5979189192345147,0.25806451612903225,0.7536231884057971,19,26,Results/Overall_Generated_Plots/Aggregated_Plots_MC/aggregated_TopRight_yz_ST_Angle_tdist.pdf,Results/Overall_Generated_Plots/Aggregated_Plots_MC/aggregated_TopRight_yz_ST_Angle_boxplot.pdf,Results/Overall_Generated_Plots/Aggregated_Plots_MC/aggregated_TopRight_yz_ST_Angle_roc.pdf,Results/Overall_Generated_Plots/Aggregated_Plots_MC/aggregated_TopRight_yz_ST_Angle_cm.pdf,Results/Overall_Generated_Plots/Aggregated_Plots_MC/aggregated_TopRight_yz_ST_Angle_p_value_mc_dist.pdf,Results/Overall_Generated_Plots/Aggregated_Plots_MC/aggregated_TopRight_yz_ST_Angle_threshold_mc_dist.pdf,Results/Overall_Generated_Plots/Aggregated_Plots_MC/aggregated_TopRight_yz_ST_Angle_f1_score_mc_dist.pdf
aggregated_BottomLeft_xy,T,Area,t_Area,not_equal,True,500,0.0010873788551663958,0.00047179993607693153,0.0032371100002559694,-3.776587413604444,-4.063095256281554,-3.327405706563125,True,12.347626771779288,7.372785769285975,21.366831535208345,0.8451690333366548,0.7962962962962964,0.8842592592592593,Healthy,0.681183197816676,0.5833333333333334,0.7916666666666666,0.977843137254902,0.8333333333333334,1.0,0.8009910517023104,0.7368421052631579,0.8600840336134452,19,25,Results/Overall_Generated_Plots/Aggregated_Plots_MC/aggregated_BottomLeft_xy_T_Area_tdist.pdf,Results/Overall_Generated_Plots/Aggregated_Plots_MC/aggregated_BottomLeft_xy_T_Area_boxplot.pdf,Results/Overall_Generated_Plots/Aggregated_Plots_MC/aggregated_BottomLeft_xy_T_Area_roc.pdf,Results/Overall_Generated_Plots/Aggregated_Plots_MC/aggregated_BottomLeft_xy_T_Area_cm.pdf,Results/Overall_Generated_Plots/Aggregated_Plots_MC/aggregated_BottomLeft_xy_T_Area_p_value_mc_dist.pdf,Results/Overall_Generated_Plots/Aggregated_Plots_MC/aggregated_BottomLeft_xy_T_Area_threshold_mc_dist.pdf,Results/Overall_Generated_Plots/Aggregated_Plots_MC/aggregated_BottomLeft_xy_T_Area_f1_score_mc_dist.pdf
aggregated_BottomLeft_xy,T,T-Dist,t_T-Dist,not_equal,True,500,0.001222289080375232,0.00015887880080400508,0.00459594010028722,-3.692915845046192,-4.317772825398524,-3.061058424385334,True,9.328316969875333,5.935847876833915,13.278104874393721,0.7601895240566606,0.7034171539961014,0.8254632352941176,Healthy,0.6135184057971014,0.4372608695652174,0.84,0.8893503181974545,0.6482456140350881,1.0,0.7166346880073874,0.6084595959595961,0.8260869565217391,19,25,Results/Overall_Generated_Plots/Aggregated_Plots_MC/aggregated_BottomLeft_xy_T_T-Dist_tdist.pdf,Results/Overall_Generated_Plots/Aggregated_Plots_MC/aggregated_BottomLeft_xy_T_T-Dist_boxplot.pdf,Results/Overall_Generated_Plots/Aggregated_Plots_MC/aggregated_BottomLeft_xy_T_T-Dist_roc.pdf,Results/Overall_Generated_Plots/Aggregated_Plots_MC/aggregated_BottomLeft_xy_T_T-Dist_cm.pdf,Results/Overall_Generated_Plots/Aggregated_Plots_MC/aggregated_BottomLeft_xy_T_T-Dist_p_value_mc_dist.pdf,Results/Overall_Generated_Plots/Aggregated_Plots_MC/aggregated_BottomLeft_xy_T_T-Dist_threshold_mc_dist.pdf,Results/Overall_Generated_Plots/Aggregated_Plots_MC/aggregated_BottomLeft_xy_T_T-Dist_f1_score_mc_dist.pdf
aggregated_BottomLeft_xy,T,Compact,t_Compact,not_equal,False,500,0.2844990787631934,0.07535614343841583,0.6130104008394093,-1.1486358537999353,-1.8303323664995856,-0.5111572516550076,False,0.26756318242999294,0.07388733995720022,0.5272201037630494,0.6613473684210526,0.5988947368421053,0.7285263157894736,Healthy,0.7991115789473685,0.5790000000000004,0.96,0.58576,0.3684210526315789,0.7894736842105263,0.7531381837787243,0.6511627906976745,0.8148148148148148,19,25,Results/Overall_Generated_Plots/Aggregated_Plots_MC/aggregated_BottomLeft_xy_T_Compact_tdist.pdf,Results/Overall_Generated_Plots/Aggregated_Plots_MC/aggregated_BottomLeft_xy_T_Compact_boxplot.pdf,Results/Overall_Generated_Plots/Aggregated_Plots_MC/aggregated_BottomLeft_xy_T_Compact_roc.pdf,Results/Overall_Generated_Plots/Aggregated_Plots_MC/aggregated_BottomLeft_xy_T_Compact_cm.pdf,Results/Overall_Generated_Plots/Aggregated_Plots_MC/aggregated_BottomLeft_xy_T_Compact_p_value_mc_dist.pdf,Results/Overall_Generated_Plots/Aggregated_Plots_MC/aggregated_BottomLeft_xy_T_Compact_threshold_mc_dist.pdf,Results/Overall_Generated_Plots/Aggregated_Plots_MC/aggregated_BottomLeft_xy_T_Compact_f1_score_mc_dist.pdf
aggregated_BottomLeft_xy,T,Angle,t_Angle,not_equal,False,500,0.6999022496415958,0.31188533271202684,0.9866304008782185,-0.06273854160991145,-1.0174462694244188,0.8693357380399599,False,-51.51065321481848,-167.18149309271536,69.6911284408005,0.5271621052631579,0.44421052631578944,0.6221578947368421,Healthy,0.4446863157894737,0.10526315789473684,1.0,0.7470736842105262,0.12,1.0,0.4902259842570247,0.19047619047619047,0.7194581280788175,19,25,Results/Overall_Generated_Plots/Aggregated_Plots_MC/aggregated_BottomLeft_xy_T_Angle_tdist.pdf,Results/Overall_Generated_Plots/Aggregated_Plots_MC/aggregated_BottomLeft_xy_T_Angle_boxplot.pdf,Results/Overall_Generated_Plots/Aggregated_Plots_MC/aggregated_BottomLeft_xy_T_Angle_roc.pdf,Results/Overall_Generated_Plots/Aggregated_Plots_MC/aggregated_BottomLeft_xy_T_Angle_cm.pdf,Results/Overall_Generated_Plots/Aggregated_Plots_MC/aggregated_BottomLeft_xy_T_Angle_p_value_mc_dist.pdf,Results/Overall_Generated_Plots/Aggregated_Plots_MC/aggregated_BottomLeft_xy_T_Angle_threshold_mc_dist.pdf,Results/Overall_Generated_Plots/Aggregated_Plots_MC/aggregated_BottomLeft_xy_T_Angle_f1_score_mc_dist.pdf
aggregated_BottomLeft_xy,QRS,Area,qrs_Area,not_equal,True,500,0.056922703857153895,0.003791710773327185,0.3175808833460916,-2.319391163410086,-3.184446630770569,-1.0159298209766796,False,48.4192441457696,24.4110259507337,131.73492125311492,0.6688549978183723,0.5730862547039018,0.7500000000000001,Healthy,0.6146309716980197,0.34782608695652173,0.7779150197628456,0.7845602253181975,0.6111111111111112,1.0,0.6864970643182099,0.5161290322580645,0.7816012725344644,19,25,Results/Overall_Generated_Plots/Aggregated_Plots_MC/aggregated_BottomLeft_xy_QRS_Area_tdist.pdf,Results/Overall_Generated_Plots/Aggregated_Plots_MC/aggregated_BottomLeft_xy_QRS_Area_boxplot.pdf,Results/Overall_Generated_Plots/Aggregated_Plots_MC/aggregated_BottomLeft_xy_QRS_Area_roc.pdf,Results/Overall_Generated_Plots/Aggregated_Plots_MC/aggregated_BottomLeft_xy_QRS_Area_cm.pdf,Results/Overall_Generated_Plots/Aggregated_Plots_MC/aggregated_BottomLeft_xy_QRS_Area_p_value_mc_dist.pdf,Results/Overall_Generated_Plots/Aggregated_Plots_MC/aggregated_BottomLeft_xy_QRS_Area_threshold_mc_dist.pdf,Results/Overall_Generated_Plots/Aggregated_Plots_MC/aggregated_BottomLeft_xy_QRS_Area_f1_score_mc_dist.pdf
aggregated_BottomLeft_xy,QRS,T-Dist,qrs_T-Dist,not_equal,True,500,0.045428201826536986,0.0015247909706603302,0.22240821952327297,-2.3742401961151463,-3.4688887629291534,-1.2402745157587487,True,25.825509710241015,14.135626428383626,45.077213520384696,0.6680256185928247,0.5861244019138756,0.7445652173913044,Healthy,0.5813567287784679,0.31178260869565233,0.7916666666666666,0.789093137254902,0.5263157894736842,1.0,0.6572219385912392,0.4685294117647059,0.76,19,25,Results/Overall_Generated_Plots/Aggregated_Plots_MC/aggregated_BottomLeft_xy_QRS_T-Dist_tdist.pdf,Results/Overall_Generated_Plots/Aggregated_Plots_MC/aggregated_BottomLeft_xy_QRS_T-Dist_boxplot.pdf,Results/Overall_Generated_Plots/Aggregated_Plots_MC/aggregated_BottomLeft_xy_QRS_T-Dist_roc.pdf,Results/Overall_Generated_Plots/Aggregated_Plots_MC/aggregated_BottomLeft_xy_QRS_T-Dist_cm.pdf,Results/Overall_Generated_Plots/Aggregated_Plots_MC/aggregated_BottomLeft_xy_QRS_T-Dist_p_value_mc_dist.pdf,Results/Overall_Generated_Plots/Aggregated_Plots_MC/aggregated_BottomLeft_xy_QRS_T-Dist_threshold_mc_dist.pdf,Results/Overall_Generated_Plots/Aggregated_Plots_MC/aggregated_BottomLeft_xy_QRS_T-Dist_f1_score_mc_dist.pdf
aggregated_BottomLeft_xy,QRS,Compact,qrs_Compact,not_equal,True,500,0.5933268614847259,0.1114626412785002,0.9758158398388704,0.3336616313628979,-1.1111300891888158,1.6238762026128377,False,0.49447746490270233,0.10882546221893956,1.0316471052522602,0.5425820558516243,0.4757894736842105,0.6275394101195015,ARVC,0.5670456543960071,0.16666666666666666,0.9450714285714279,0.6521467135345921,0.21608187134502935,1.0,0.5542885355058754,0.2857142857142857,0.75,19,25,Results/Overall_Generated_Plots/Aggregated_Plots_MC/aggregated_BottomLeft_xy_QRS_Compact_tdist.pdf,Results/Overall_Generated_Plots/Aggregated_Plots_MC/aggregated_BottomLeft_xy_QRS_Compact_boxplot.pdf,Results/Overall_Generated_Plots/Aggregated_Plots_MC/aggregated_BottomLeft_xy_QRS_Compact_roc.pdf,Results/Overall_Generated_Plots/Aggregated_Plots_MC/aggregated_BottomLeft_xy_QRS_Compact_cm.pdf,Results/Overall_Generated_Plots/Aggregated_Plots_MC/aggregated_BottomLeft_xy_QRS_Compact_p_value_mc_dist.pdf,Results/Overall_Generated_Plots/Aggregated_Plots_MC/aggregated_BottomLeft_xy_QRS_Compact_threshold_mc_dist.pdf,Results/Overall_Generated_Plots/Aggregated_Plots_MC/aggregated_BottomLeft_xy_QRS_Compact_f1_score_mc_dist.pdf
aggregated_BottomLeft_xy,QRS,Angle,qrs_Angle,not_equal,False,500,0.3620997922444011,0.04584837718364698,0.94877967123497,-1.017438500121524,-2.0607541619241836,0.21162163932561648,False,-83.36648934157644,-139.0765902472646,-28.467575640404426,0.5716126315789475,0.4915263157894737,0.6526315789473685,Healthy,0.5553557894736842,0.2,0.9473684210526315,0.6842442105263158,0.2590000000000004,1.0,0.5954133732553194,0.317288306451613,0.72,19,25,Results/Overall_Generated_Plots/Aggregated_Plots_MC/aggregated_BottomLeft_xy_QRS_Angle_tdist.pdf,Results/Overall_Generated_Plots/Aggregated_Plots_MC/aggregated_BottomLeft_xy_QRS_Angle_boxplot.pdf,Results/Overall_Generated_Plots/Aggregated_Plots_MC/aggregated_BottomLeft_xy_QRS_Angle_roc.pdf,Results/Overall_Generated_Plots/Aggregated_Plots_MC/aggregated_BottomLeft_xy_QRS_Angle_cm.pdf,Results/Overall_Generated_Plots/Aggregated_Plots_MC/aggregated_BottomLeft_xy_QRS_Angle_p_value_mc_dist.pdf,Results/Overall_Generated_Plots/Aggregated_Plots_MC/aggregated_BottomLeft_xy_QRS_Angle_threshold_mc_dist.pdf,Results/Overall_Generated_Plots/Aggregated_Plots_MC/aggregated_BottomLeft_xy_QRS_Angle_f1_score_mc_dist.pdf
aggregated_BottomLeft_xy,ST,Area,st_Area,not_equal,True,500,0.20630929714488536,0.0019710876587568384,0.9086933014972984,-1.6983275548284895,-3.5013339203536074,0.656421830644331,False,14.021820930424125,-0.31742902135582346,49.55995935330587,0.6375657233832407,0.4849537037037037,0.7979464285714285,Healthy,0.5671608832920867,0.18181818181818182,0.9784090909090899,0.7854104367854368,0.2857142857142857,1.0,0.6273386858193942,0.3076923076923077,0.8085106382978723,19,25,Results/Overall_Generated_Plots/Aggregated_Plots_MC/aggregated_BottomLeft_xy_ST_Area_tdist.pdf,Results/Overall_Generated_Plots/Aggregated_Plots_MC/aggregated_BottomLeft_xy_ST_Area_boxplot.pdf,Results/Overall_Generated_Plots/Aggregated_Plots_MC/aggregated_BottomLeft_xy_ST_Area_roc.pdf,Results/Overall_Generated_Plots/Aggregated_Plots_MC/aggregated_BottomLeft_xy_ST_Area_cm.pdf,Results/Overall_Generated_Plots/Aggregated_Plots_MC/aggregated_BottomLeft_xy_ST_Area_p_value_mc_dist.pdf,Results/Overall_Generated_Plots/Aggregated_Plots_MC/aggregated_BottomLeft_xy_ST_Area_threshold_mc_dist.pdf,Results/Overall_Generated_Plots/Aggregated_Plots_MC/aggregated_BottomLeft_xy_ST_Area_f1_score_mc_dist.pdf
aggregated_BottomLeft_xy,ST,T-Dist,st_T-Dist,not_equal,True,500,0.2906336747971679,0.001037909614585022,0.9187139333590286,-1.3931829967865486,-3.5503651944131365,0.5540934964839606,False,3.17297393827582,-0.14720466157083714,6.84589563931623,0.6212937324218659,0.48579408212560393,0.7700280748663102,Healthy,0.5601556740559063,0.2222222222222222,0.9545548654244306,0.7707267836247599,0.2447500000000001,1.0,0.6211678619434831,0.3333333333333333,0.7912063953488372,19,25,Results/Overall_Generated_Plots/Aggregated_Plots_MC/aggregated_BottomLeft_xy_ST_T-Dist_tdist.pdf,Results/Overall_Generated_Plots/Aggregated_Plots_MC/aggregated_BottomLeft_xy_ST_T-Dist_boxplot.pdf,Results/Overall_Generated_Plots/Aggregated_Plots_MC/aggregated_BottomLeft_xy_ST_T-Dist_roc.pdf,Results/Overall_Generated_Plots/Aggregated_Plots_MC/aggregated_BottomLeft_xy_ST_T-Dist_cm.pdf,Results/Overall_Generated_Plots/Aggregated_Plots_MC/aggregated_BottomLeft_xy_ST_T-Dist_p_value_mc_dist.pdf,Results/Overall_Generated_Plots/Aggregated_Plots_MC/aggregated_BottomLeft_xy_ST_T-Dist_threshold_mc_dist.pdf,Results/Overall_Generated_Plots/Aggregated_Plots_MC/aggregated_BottomLeft_xy_ST_T-Dist_f1_score_mc_dist.pdf
aggregated_BottomLeft_xy,ST,Compact,st_Compact,not_equal,True,500,0.49247237312268155,0.0365798448099908,0.9778432306919659,-0.14673816005483378,-2.005886653750567,1.809047226134735,False,0.4816675982037994,0.09452169587418949,1.0053484898345555,0.5622571503801445,0.47659012897857295,0.6884510869565217,ARVC,0.5285490308931283,0.16666666666666666,0.9565217391304348,0.7081314468396054,0.21052631578947367,1.0,0.556126960380674,0.2857142857142857,0.7419354838709677,19,25,Results/Overall_Generated_Plots/Aggregated_Plots_MC/aggregated_BottomLeft_xy_ST_Compact_tdist.pdf,Results/Overall_Generated_Plots/Aggregated_Plots_MC/aggregated_BottomLeft_xy_ST_Compact_boxplot.pdf,Results/Overall_Generated_Plots/Aggregated_Plots_MC/aggregated_BottomLeft_xy_ST_Compact_roc.pdf,Results/Overall_Generated_Plots/Aggregated_Plots_MC/aggregated_BottomLeft_xy_ST_Compact_cm.pdf,Results/Overall_Generated_Plots/Aggregated_Plots_MC/aggregated_BottomLeft_xy_ST_Compact_p_value_mc_dist.pdf,Results/Overall_Generated_Plots/Aggregated_Plots_MC/aggregated_BottomLeft_xy_ST_Compact_threshold_mc_dist.pdf,Results/Overall_Generated_Plots/Aggregated_Plots_MC/aggregated_BottomLeft_xy_ST_Compact_f1_score_mc_dist.pdf
aggregated_BottomLeft_xy,ST,Angle,st_Angle,not_equal,False,500,0.5766854984805826,0.15589391847170456,0.9688436469255841,0.476573761029365,-0.6220755753198536,1.4453000638253022,False,49.17520271622461,-12.43791510416688,113.21399215835625,0.5355663157894737,0.47368421052631576,0.6022105263157893,ARVC,0.6856378947368421,0.28,0.9473684210526315,0.5114315789473685,0.2,0.8947368421052632,0.5828392238603665,0.4,0.6666666666666666,19,25,Results/Overall_Generated_Plots/Aggregated_Plots_MC/aggregated_BottomLeft_xy_ST_Angle_tdist.pdf,Results/Overall_Generated_Plots/Aggregated_Plots_MC/aggregated_BottomLeft_xy_ST_Angle_boxplot.pdf,Results/Overall_Generated_Plots/Aggregated_Plots_MC/aggregated_BottomLeft_xy_ST_Angle_roc.pdf,Results/Overall_Generated_Plots/Aggregated_Plots_MC/aggregated_BottomLeft_xy_ST_Angle_cm.pdf,Results/Overall_Generated_Plots/Aggregated_Plots_MC/aggregated_BottomLeft_xy_ST_Angle_p_value_mc_dist.pdf,Results/Overall_Generated_Plots/Aggregated_Plots_MC/aggregated_BottomLeft_xy_ST_Angle_threshold_mc_dist.pdf,Results/Overall_Generated_Plots/Aggregated_Plots_MC/aggregated_BottomLeft_xy_ST_Angle_f1_score_mc_dist.pdf
aggregated_BottomLeft_yz,T,Area,t_Area,not_equal,True,500,6.379850289208903e-05,1.8529523925943345e-05,0.00016968762131694027,-4.914313370214585,-5.360630038009708,-4.460702358576573,True,31.115634854724167,19.417042408827722,45.59747642381323,0.8859433876811594,0.8431505754475703,0.9239130434782609,Healthy,0.725822463768116,0.6086956521739131,0.8260869565217391,0.9590514705882354,0.875,1.0,0.8259528239032511,0.7567567567567568,0.8837209302325582,17,25,Results/Overall_Generated_Plots/Aggregated_Plots_MC/aggregated_BottomLeft_yz_T_Area_tdist.pdf,Results/Overall_Generated_Plots/Aggregated_Plots_MC/aggregated_BottomLeft_yz_T_Area_boxplot.pdf,Results/Overall_Generated_Plots/Aggregated_Plots_MC/aggregated_BottomLeft_yz_T_Area_roc.pdf,Results/Overall_Generated_Plots/Aggregated_Plots_MC/aggregated_BottomLeft_yz_T_Area_cm.pdf,Results/Overall_Generated_Plots/Aggregated_Plots_MC/aggregated_BottomLeft_yz_T_Area_p_value_mc_dist.pdf,Results/Overall_Generated_Plots/Aggregated_Plots_MC/aggregated_BottomLeft_yz_T_Area_threshold_mc_dist.pdf,Results/Overall_Generated_Plots/Aggregated_Plots_MC/aggregated_BottomLeft_yz_T_Area_f1_score_mc_dist.pdf
aggregated_BottomLeft_yz,T,T-Dist,t_T-Dist,not_equal,True,500,0.002211107601400307,6.671322599620921e-05,0.010522052975505508,-3.5531015837466295,-4.522844610902343,-2.728091442887077,True,12.409690809001848,9.953996342715941,14.90815123379308,0.7750291955943149,0.7083333333333333,0.8512841005967603,Healthy,0.6307738052641485,0.4583333333333333,0.8181818181818182,0.9383782913165266,0.7647058823529411,1.0,0.7492525262155609,0.6285714285714286,0.8410077519379844,17,25,Results/Overall_Generated_Plots/Aggregated_Plots_MC/aggregated_BottomLeft_yz_T_T-Dist_tdist.pdf,Results/Overall_Generated_Plots/Aggregated_Plots_MC/aggregated_BottomLeft_yz_T_T-Dist_boxplot.pdf,Results/Overall_Generated_Plots/Aggregated_Plots_MC/aggregated_BottomLeft_yz_T_T-Dist_roc.pdf,Results/Overall_Generated_Plots/Aggregated_Plots_MC/aggregated_BottomLeft_yz_T_T-Dist_cm.pdf,Results/Overall_Generated_Plots/Aggregated_Plots_MC/aggregated_BottomLeft_yz_T_T-Dist_p_value_mc_dist.pdf,Results/Overall_Generated_Plots/Aggregated_Plots_MC/aggregated_BottomLeft_yz_T_T-Dist_threshold_mc_dist.pdf,Results/Overall_Generated_Plots/Aggregated_Plots_MC/aggregated_BottomLeft_yz_T_T-Dist_f1_score_mc_dist.pdf
aggregated_BottomLeft_yz,T,Compact,t_Compact,not_equal,False,500,0.4291958839110642,0.11312242714411831,0.8752323988756002,-0.8509910818460744,-1.6239002827534654,-0.08829291626762584,False,0.3755949691317529,0.11297602437010028,0.7662255047388652,0.5984611764705883,0.5305294117647058,0.6611764705882353,Healthy,0.8050776470588236,0.4190000000000004,1.0,0.4737223529411765,0.23529411764705882,0.8235294117647058,0.7351050885521331,0.5375657894736845,0.806748726655348,17,25,Results/Overall_Generated_Plots/Aggregated_Plots_MC/aggregated_BottomLeft_yz_T_Compact_tdist.pdf,Results/Overall_Generated_Plots/Aggregated_Plots_MC/aggregated_BottomLeft_yz_T_Compact_boxplot.pdf,Results/Overall_Generated_Plots/Aggregated_Plots_MC/aggregated_BottomLeft_yz_T_Compact_roc.pdf,Results/Overall_Generated_Plots/Aggregated_Plots_MC/aggregated_BottomLeft_yz_T_Compact_cm.pdf,Results/Overall_Generated_Plots/Aggregated_Plots_MC/aggregated_BottomLeft_yz_T_Compact_p_value_mc_dist.pdf,Results/Overall_Generated_Plots/Aggregated_Plots_MC/aggregated_BottomLeft_yz_T_Compact_threshold_mc_dist.pdf,Results/Overall_Generated_Plots/Aggregated_Plots_MC/aggregated_BottomLeft_yz_T_Compact_f1_score_mc_dist.pdf
aggregated_BottomLeft_yz,T,Angle,t_Angle,not_equal,False,500,0.18526147077736146,0.022525165100446085,0.5641962261513823,1.501832708848984,0.5824562297803743,2.3855795654526486,False,67.37246201814837,-21.008842627101128,137.0696168553758,0.6380847058823529,0.5634705882352942,0.7094705882352941,ARVC,0.6421176470588235,0.4117647058823529,0.7647058823529411,0.6963105882352941,0.52,0.88,0.6127864371967678,0.5185185185185185,0.6842105263157895,17,25,Results/Overall_Generated_Plots/Aggregated_Plots_MC/aggregated_BottomLeft_yz_T_Angle_tdist.pdf,Results/Overall_Generated_Plots/Aggregated_Plots_MC/aggregated_BottomLeft_yz_T_Angle_boxplot.pdf,Results/Overall_Generated_Plots/Aggregated_Plots_MC/aggregated_BottomLeft_yz_T_Angle_roc.pdf,Results/Overall_Generated_Plots/Aggregated_Plots_MC/aggregated_BottomLeft_yz_T_Angle_cm.pdf,Results/Overall_Generated_Plots/Aggregated_Plots_MC/aggregated_BottomLeft_yz_T_Angle_p_value_mc_dist.pdf,Results/Overall_Generated_Plots/Aggregated_Plots_MC/aggregated_BottomLeft_yz_T_Angle_threshold_mc_dist.pdf,Results/Overall_Generated_Plots/Aggregated_Plots_MC/aggregated_BottomLeft_yz_T_Angle_f1_score_mc_dist.pdf
aggregated_BottomLeft_yz,QRS,Area,qrs_Area,not_equal,True,500,0.1570909893587365,0.00869932234367734,0.7632930815989568,-1.7194495932852438,-2.8381432795289494,-0.10932570730022546,False,119.45817332988646,40.80325089374211,235.64783324740958,0.5241754660060031,0.43939393939393934,0.6198863636363635,Healthy,0.3566117439465905,0.19441287878787908,0.6072916666666638,0.93599798338916,0.6606534090909096,1.0,0.49837812855672653,0.3198717948717951,0.6478934817170111,17,25,Results/Overall_Generated_Plots/Aggregated_Plots_MC/aggregated_BottomLeft_yz_QRS_Area_tdist.pdf,Results/Overall_Generated_Plots/Aggregated_Plots_MC/aggregated_BottomLeft_yz_QRS_Area_boxplot.pdf,Results/Overall_Generated_Plots/Aggregated_Plots_MC/aggregated_BottomLeft_yz_QRS_Area_roc.pdf,Results/Overall_Generated_Plots/Aggregated_Plots_MC/aggregated_BottomLeft_yz_QRS_Area_cm.pdf,Results/Overall_Generated_Plots/Aggregated_Plots_MC/aggregated_BottomLeft_yz_QRS_Area_p_value_mc_dist.pdf,Results/Overall_Generated_Plots/Aggregated_Plots_MC/aggregated_BottomLeft_yz_QRS_Area_threshold_mc_dist.pdf,Results/Overall_Generated_Plots/Aggregated_Plots_MC/aggregated_BottomLeft_yz_QRS_Area_f1_score_mc_dist.pdf
aggregated_BottomLeft_yz,QRS,T-Dist,qrs_T-Dist,not_equal,True,500,0.4585384534461639,0.057781936743109066,0.9604135753100902,-0.7616274410028356,-1.9570785708962901,0.5606173798047069,False,33.78053552922768,10.234930706180196,63.550447712043045,0.5522753615569214,0.4862648221343873,0.6329411764705882,Healthy,0.5159340545388116,0.14759090909090933,0.9583333333333334,0.6949596105556847,0.19590792838874724,1.0,0.5550355362668496,0.25218832891246734,0.7666666666666667,17,25,Results/Overall_Generated_Plots/Aggregated_Plots_MC/aggregated_BottomLeft_yz_QRS_T-Dist_tdist.pdf,Results/Overall_Generated_Plots/Aggregated_Plots_MC/aggregated_BottomLeft_yz_QRS_T-Dist_boxplot.pdf,Results/Overall_Generated_Plots/Aggregated_Plots_MC/aggregated_BottomLeft_yz_QRS_T-Dist_roc.pdf,Results/Overall_Generated_Plots/Aggregated_Plots_MC/aggregated_BottomLeft_yz_QRS_T-Dist_cm.pdf,Results/Overall_Generated_Plots/Aggregated_Plots_MC/aggregated_BottomLeft_yz_QRS_T-Dist_p_value_mc_dist.pdf,Results/Overall_Generated_Plots/Aggregated_Plots_MC/aggregated_BottomLeft_yz_QRS_T-Dist_threshold_mc_dist.pdf,Results/Overall_Generated_Plots/Aggregated_Plots_MC/aggregated_BottomLeft_yz_QRS_T-Dist_f1_score_mc_dist.pdf
aggregated_BottomLeft_yz,QRS,Compact,qrs_Compact,not_equal,True,500,0.5206914969446734,0.05972715272492595,0.9763283300014509,-0.37544479130600417,-1.9449342957449929,1.131235676986488,False,0.2760591132454939,0.05230204738985071,0.5755409579242384,0.5527638769732347,0.4782608695652174,0.6500078125,ARVC,0.551773311352353,0.17647058823529413,1.0,0.6827231643207604,0.20833333333333334,1.0,0.5541765115674543,0.3,0.7450980392156863,17,25,Results/Overall_Generated_Plots/Aggregated_Plots_MC/aggregated_BottomLeft_yz_QRS_Compact_tdist.pdf,Results/Overall_Generated_Plots/Aggregated_Plots_MC/aggregated_BottomLeft_yz_QRS_Compact_boxplot.pdf,Results/Overall_Generated_Plots/Aggregated_Plots_MC/aggregated_BottomLeft_yz_QRS_Compact_roc.pdf,Results/Overall_Generated_Plots/Aggregated_Plots_MC/aggregated_BottomLeft_yz_QRS_Compact_cm.pdf,Results/Overall_Generated_Plots/Aggregated_Plots_MC/aggregated_BottomLeft_yz_QRS_Compact_p_value_mc_dist.pdf,Results/Overall_Generated_Plots/Aggregated_Plots_MC/aggregated_BottomLeft_yz_QRS_Compact_threshold_mc_dist.pdf,Results/Overall_Generated_Plots/Aggregated_Plots_MC/aggregated_BottomLeft_yz_QRS_Compact_f1_score_mc_dist.pdf
aggregated_BottomLeft_yz,QRS,Angle,qrs_Angle,not_equal,False,500,0.5873323243796588,0.23156319978431128,0.9721106231017972,0.5592436861773984,-0.09097404607471986,1.220926894469858,False,83.90867589495267,-155.15333640060106,160.92647640508773,0.5356988235294118,0.478764705882353,0.6000000000000001,ARVC,0.5538870588235295,0.29411764705882354,0.9009999999999991,0.6436988235294118,0.29411764705882354,0.92,0.530372519314119,0.38461538461538464,0.7368421052631579,17,25,Results/Overall_Generated_Plots/Aggregated_Plots_MC/aggregated_BottomLeft_yz_QRS_Angle_tdist.pdf,Results/Overall_Generated_Plots/Aggregated_Plots_MC/aggregated_BottomLeft_yz_QRS_Angle_boxplot.pdf,Results/Overall_Generated_Plots/Aggregated_Plots_MC/aggregated_BottomLeft_yz_QRS_Angle_roc.pdf,Results/Overall_Generated_Plots/Aggregated_Plots_MC/aggregated_BottomLeft_yz_QRS_Angle_cm.pdf,Results/Overall_Generated_Plots/Aggregated_Plots_MC/aggregated_BottomLeft_yz_QRS_Angle_p_value_mc_dist.pdf,Results/Overall_Generated_Plots/Aggregated_Plots_MC/aggregated_BottomLeft_yz_QRS_Angle_threshold_mc_dist.pdf,Results/Overall_Generated_Plots/Aggregated_Plots_MC/aggregated_BottomLeft_yz_QRS_Angle_f1_score_mc_dist.pdf
aggregated_BottomLeft_yz,ST,Area,st_Area,not_equal,True,500,0.2462663344949089,0.0021672072713049538,0.9350590838033779,-1.4385442936875474,-3.434206417089777,1.0820192612543307,False,16.998278785221093,0.6139273282318531,49.57072546284632,0.6007363946228297,0.4676323160843285,0.7740848214285712,Healthy,0.4820936234914186,0.18181818181818182,0.9375,0.8317274376828658,0.3333333333333333,1.0,0.5710146105041319,0.3076923076923077,0.7755102040816326,17,25,Results/Overall_Generated_Plots/Aggregated_Plots_MC/aggregated_BottomLeft_yz_ST_Area_tdist.pdf,Results/Overall_Generated_Plots/Aggregated_Plots_MC/aggregated_BottomLeft_yz_ST_Area_boxplot.pdf,Results/Overall_Generated_Plots/Aggregated_Plots_MC/aggregated_BottomLeft_yz_ST_Area_roc.pdf,Results/Overall_Generated_Plots/Aggregated_Plots_MC/aggregated_BottomLeft_yz_ST_Area_cm.pdf,Results/Overall_Generated_Plots/Aggregated_Plots_MC/aggregated_BottomLeft_yz_ST_Area_p_value_mc_dist.pdf,Results/Overall_Generated_Plots/Aggregated_Plots_MC/aggregated_BottomLeft_yz_ST_Area_threshold_mc_dist.pdf,Results/Overall_Generated_Plots/Aggregated_Plots_MC/aggregated_BottomLeft_yz_ST_Area_f1_score_mc_dist.pdf
aggregated_BottomLeft_yz,ST,T-Dist,st_T-Dist,not_equal,True,500,0.22594271130004767,0.0006585402529746863,0.9179615435886979,-1.6401141464019462,-3.745988996151111,0.45653211401680943,False,4.272759634366824,0.28059372990257475,8.615624837505482,0.6348219254848952,0.49655317561807333,0.7878255208333332,Healthy,0.5436969530978287,0.23288043478260903,0.9375,0.822904019820759,0.36363636363636365,1.0,0.6315734978981318,0.3710344827586213,0.8,17,25,Results/Overall_Generated_Plots/Aggregated_Plots_MC/aggregated_BottomLeft_yz_ST_T-Dist_tdist.pdf,Results/Overall_Generated_Plots/Aggregated_Plots_MC/aggregated_BottomLeft_yz_ST_T-Dist_boxplot.pdf,Results/Overall_Generated_Plots/Aggregated_Plots_MC/aggregated_BottomLeft_yz_ST_T-Dist_roc.pdf,Results/Overall_Generated_Plots/Aggregated_Plots_MC/aggregated_BottomLeft_yz_ST_T-Dist_cm.pdf,Results/Overall_Generated_Plots/Aggregated_Plots_MC/aggregated_BottomLeft_yz_ST_T-Dist_p_value_mc_dist.pdf,Results/Overall_Generated_Plots/Aggregated_Plots_MC/aggregated_BottomLeft_yz_ST_T-Dist_threshold_mc_dist.pdf,Results/Overall_Generated_Plots/Aggregated_Plots_MC/aggregated_BottomLeft_yz_ST_T-Dist_f1_score_mc_dist.pdf
aggregated_BottomLeft_yz,ST,Compact,st_Compact,not_equal,True,500,0.5169272487519186,0.026282909486718218,0.9799953793325608,0.023383823899439122,-2.024334697728061,1.9704450960697044,False,0.3678284912986008,0.07467074083570824,0.79077531147404,0.5587375789728014,0.4629880769007208,0.6870123106060604,ARVC,0.5362605534491084,0.16666666666666666,0.9565340909090909,0.7116808077911678,0.24227941176470602,1.0,0.548043948937423,0.2857142857142857,0.75,17,25,Results/Overall_Generated_Plots/Aggregated_Plots_MC/aggregated_BottomLeft_yz_ST_Compact_tdist.pdf,Results/Overall_Generated_Plots/Aggregated_Plots_MC/aggregated_BottomLeft_yz_ST_Compact_boxplot.pdf,Results/Overall_Generated_Plots/Aggregated_Plots_MC/aggregated_BottomLeft_yz_ST_Compact_roc.pdf,Results/Overall_Generated_Plots/Aggregated_Plots_MC/aggregated_BottomLeft_yz_ST_Compact_cm.pdf,Results/Overall_Generated_Plots/Aggregated_Plots_MC/aggregated_BottomLeft_yz_ST_Compact_p_value_mc_dist.pdf,Results/Overall_Generated_Plots/Aggregated_Plots_MC/aggregated_BottomLeft_yz_ST_Compact_threshold_mc_dist.pdf,Results/Overall_Generated_Plots/Aggregated_Plots_MC/aggregated_BottomLeft_yz_ST_Compact_f1_score_mc_dist.pdf
aggregated_BottomLeft_yz,ST,Angle,st_Angle,not_equal,False,500,0.16509173631400992,0.0113985882380481,0.6401559514779369,-1.6245499500738751,-2.654766601972695,-0.47113259083722286,False,3.376904468218707,-27.65965389452457,63.25972324440621,0.6464141176470589,0.5505882352941176,0.721235294117647,Healthy,0.6292423529411765,0.28,0.88,0.6954635294117647,0.4117647058823529,1.0,0.6723495694453168,0.4305397727272729,0.7857142857142857,17,25,Results/Overall_Generated_Plots/Aggregated_Plots_MC/aggregated_BottomLeft_yz_ST_Angle_tdist.pdf,Results/Overall_Generated_Plots/Aggregated_Plots_MC/aggregated_BottomLeft_yz_ST_Angle_boxplot.pdf,Results/Overall_Generated_Plots/Aggregated_Plots_MC/aggregated_BottomLeft_yz_ST_Angle_roc.pdf,Results/Overall_Generated_Plots/Aggregated_Plots_MC/aggregated_BottomLeft_yz_ST_Angle_cm.pdf,Results/Overall_Generated_Plots/Aggregated_Plots_MC/aggregated_BottomLeft_yz_ST_Angle_p_value_mc_dist.pdf,Results/Overall_Generated_Plots/Aggregated_Plots_MC/aggregated_BottomLeft_yz_ST_Angle_threshold_mc_dist.pdf,Results/Overall_Generated_Plots/Aggregated_Plots_MC/aggregated_BottomLeft_yz_ST_Angle_f1_score_mc_dist.pdf
aggregated_BottomRight_xy,T,Area,t_Area,not_equal,True,500,0.0001366154552786359,2.5880156560823228e-05,0.0004873159582010829,-4.6641872043975905,-5.203962422194812,-4.048793363318529,True,7.569286173822606,4.9973689255165405,10.739191211534497,0.8344844611395282,0.7682291666666667,0.8889054840686273,Healthy,0.7450398550724637,0.6521739130434783,0.8333333333333334,0.9821576797385622,0.8823529411764706,1.0,0.8472453878520805,0.7894736842105263,0.8864341085271317,19,25,Results/Overall_Generated_Plots/Aggregated_Plots_MC/aggregated_BottomRight_xy_T_Area_tdist.pdf,Results/Overall_Generated_Plots/Aggregated_Plots_MC/aggregated_BottomRight_xy_T_Area_boxplot.pdf,Results/Overall_Generated_Plots/Aggregated_Plots_MC/aggregated_BottomRight_xy_T_Area_roc.pdf,Results/Overall_Generated_Plots/Aggregated_Plots_MC/aggregated_BottomRight_xy_T_Area_cm.pdf,Results/Overall_Generated_Plots/Aggregated_Plots_MC/aggregated_BottomRight_xy_T_Area_p_value_mc_dist.pdf,Results/Overall_Generated_Plots/Aggregated_Plots_MC/aggregated_BottomRight_xy_T_Area_threshold_mc_dist.pdf,Results/Overall_Generated_Plots/Aggregated_Plots_MC/aggregated_BottomRight_xy_T_Area_f1_score_mc_dist.pdf
aggregated_BottomRight_xy,T,T-Dist,t_T-Dist,not_equal,True,500,0.006281259655971493,0.00047739488392005165,0.025427180482830224,-3.143418203005114,-3.9091915042350145,-2.3445751495569347,True,9.02358576265472,6.811319743091316,12.198971216957556,0.742533153724102,0.6770022883295195,0.8125011441647597,Healthy,0.5975898211932995,0.3997529644268777,0.782608695652174,0.8794640952872378,0.6842105263157895,1.0,0.6980131227068934,0.5625,0.7912063953488372,19,25,Results/Overall_Generated_Plots/Aggregated_Plots_MC/aggregated_BottomRight_xy_T_T-Dist_tdist.pdf,Results/Overall_Generated_Plots/Aggregated_Plots_MC/aggregated_BottomRight_xy_T_T-Dist_boxplot.pdf,Results/Overall_Generated_Plots/Aggregated_Plots_MC/aggregated_BottomRight_xy_T_T-Dist_roc.pdf,Results/Overall_Generated_Plots/Aggregated_Plots_MC/aggregated_BottomRight_xy_T_T-Dist_cm.pdf,Results/Overall_Generated_Plots/Aggregated_Plots_MC/aggregated_BottomRight_xy_T_T-Dist_p_value_mc_dist.pdf,Results/Overall_Generated_Plots/Aggregated_Plots_MC/aggregated_BottomRight_xy_T_T-Dist_threshold_mc_dist.pdf,Results/Overall_Generated_Plots/Aggregated_Plots_MC/aggregated_BottomRight_xy_T_T-Dist_f1_score_mc_dist.pdf
aggregated_BottomRight_xy,T,Compact,t_Compact,not_equal,False,500,0.7890153372818669,0.5120673789131511,0.9904636021465781,0.14291776358956323,-0.49856822533850514,0.6598816179265949,False,0.5504943873896359,0.01866397707077005,1.1277673724253665,0.4968715789473684,0.43157894736842106,0.5852631578947368,ARVC,0.41773052631578944,0.10526315789473684,1.0,0.7516631578947368,0.12,1.0,0.447775442670875,0.19047619047619047,0.7666666666666667,19,25,Results/Overall_Generated_Plots/Aggregated_Plots_MC/aggregated_BottomRight_xy_T_Compact_tdist.pdf,Results/Overall_Generated_Plots/Aggregated_Plots_MC/aggregated_BottomRight_xy_T_Compact_boxplot.pdf,Results/Overall_Generated_Plots/Aggregated_Plots_MC/aggregated_BottomRight_xy_T_Compact_roc.pdf,Results/Overall_Generated_Plots/Aggregated_Plots_MC/aggregated_BottomRight_xy_T_Compact_cm.pdf,Results/Overall_Generated_Plots/Aggregated_Plots_MC/aggregated_BottomRight_xy_T_Compact_p_value_mc_dist.pdf,Results/Overall_Generated_Plots/Aggregated_Plots_MC/aggregated_BottomRight_xy_T_Compact_threshold_mc_dist.pdf,Results/Overall_Generated_Plots/Aggregated_Plots_MC/aggregated_BottomRight_xy_T_Compact_f1_score_mc_dist.pdf
aggregated_BottomRight_xy,T,Angle,t_Angle,not_equal,False,500,0.2212422187619358,0.02533229198694518,0.8299488965753921,1.4520328425455096,0.10391748300876799,2.375872889313859,False,-49.409084702538586,-54.36650019497988,-46.981866836218174,0.5984042105263159,0.5242105263157895,0.6652631578947368,ARVC,0.5782694736842106,0.47368421052631576,0.631578947368421,0.8244084210526317,0.72,0.88,0.6397184055828683,0.5667410714285716,0.7058823529411765,19,25,Results/Overall_Generated_Plots/Aggregated_Plots_MC/aggregated_BottomRight_xy_T_Angle_tdist.pdf,Results/Overall_Generated_Plots/Aggregated_Plots_MC/aggregated_BottomRight_xy_T_Angle_boxplot.pdf,Results/Overall_Generated_Plots/Aggregated_Plots_MC/aggregated_BottomRight_xy_T_Angle_roc.pdf,Results/Overall_Generated_Plots/Aggregated_Plots_MC/aggregated_BottomRight_xy_T_Angle_cm.pdf,Results/Overall_Generated_Plots/Aggregated_Plots_MC/aggregated_BottomRight_xy_T_Angle_p_value_mc_dist.pdf,Results/Overall_Generated_Plots/Aggregated_Plots_MC/aggregated_BottomRight_xy_T_Angle_threshold_mc_dist.pdf,Results/Overall_Generated_Plots/Aggregated_Plots_MC/aggregated_BottomRight_xy_T_Angle_f1_score_mc_dist.pdf
aggregated_BottomRight_xy,QRS,Area,qrs_Area,not_equal,True,500,0.03148351647941529,0.003060659858295874,0.13679025250132112,-2.5298704854590173,-3.2851524321108387,-1.5250739070487294,True,82.06363749439248,18.125165514900736,186.82756778460003,0.670724573648671,0.5916740938799763,0.7392687747035572,Healthy,0.48455545504076397,0.2727272727272727,0.7454545454545447,0.8864113347093223,0.5882352941176471,1.0,0.6095390114625825,0.42857142857142855,0.7222222222222222,19,25,Results/Overall_Generated_Plots/Aggregated_Plots_MC/aggregated_BottomRight_xy_QRS_Area_tdist.pdf,Results/Overall_Generated_Plots/Aggregated_Plots_MC/aggregated_BottomRight_xy_QRS_Area_boxplot.pdf,Results/Overall_Generated_Plots/Aggregated_Plots_MC/aggregated_BottomRight_xy_QRS_Area_roc.pdf,Results/Overall_Generated_Plots/Aggregated_Plots_MC/aggregated_BottomRight_xy_QRS_Area_cm.pdf,Results/Overall_Generated_Plots/Aggregated_Plots_MC/aggregated_BottomRight_xy_QRS_Area_p_value_mc_dist.pdf,Results/Overall_Generated_Plots/Aggregated_Plots_MC/aggregated_BottomRight_xy_QRS_Area_threshold_mc_dist.pdf,Results/Overall_Generated_Plots/Aggregated_Plots_MC/aggregated_BottomRight_xy_QRS_Area_f1_score_mc_dist.pdf
aggregated_BottomRight_xy,QRS,T-Dist,qrs_T-Dist,not_equal,True,500,0.03356142120022206,0.001131981215652581,0.14571092298215615,-2.4500816213809165,-3.5105253085968084,-1.4827649997538932,True,25.024545879874974,10.73512937223355,46.33560604128523,0.6901967455659367,0.6218859649122808,0.7691633986928105,Healthy,0.6462702898550724,0.32,0.96,0.7115079549363605,0.3684210526315789,1.0,0.6760042223859714,0.48484848484848486,0.8,19,25,Results/Overall_Generated_Plots/Aggregated_Plots_MC/aggregated_BottomRight_xy_QRS_T-Dist_tdist.pdf,Results/Overall_Generated_Plots/Aggregated_Plots_MC/aggregated_BottomRight_xy_QRS_T-Dist_boxplot.pdf,Results/Overall_Generated_Plots/Aggregated_Plots_MC/aggregated_BottomRight_xy_QRS_T-Dist_roc.pdf,Results/Overall_Generated_Plots/Aggregated_Plots_MC/aggregated_BottomRight_xy_QRS_T-Dist_cm.pdf,Results/Overall_Generated_Plots/Aggregated_Plots_MC/aggregated_BottomRight_xy_QRS_T-Dist_p_value_mc_dist.pdf,Results/Overall_Generated_Plots/Aggregated_Plots_MC/aggregated_BottomRight_xy_QRS_T-Dist_threshold_mc_dist.pdf,Results/Overall_Generated_Plots/Aggregated_Plots_MC/aggregated_BottomRight_xy_QRS_T-Dist_f1_score_mc_dist.pdf
aggregated_BottomRight_xy,QRS,Compact,qrs_Compact,not_equal,True,500,0.5377778440348263,0.04989109038649108,0.9778376534250439,0.5002766348928586,-0.9081033459078732,2.0175213715658566,False,0.37302228962436096,0.047911849349517664,0.8697573055462383,0.5539619446985116,0.4671052631578948,0.647188995215311,ARVC,0.5389702819762908,0.13043478260869565,1.0,0.6991012598272789,0.21052631578947367,1.0,0.5513228957080368,0.23076923076923078,0.75,19,25,Results/Overall_Generated_Plots/Aggregated_Plots_MC/aggregated_BottomRight_xy_QRS_Compact_tdist.pdf,Results/Overall_Generated_Plots/Aggregated_Plots_MC/aggregated_BottomRight_xy_QRS_Compact_boxplot.pdf,Results/Overall_Generated_Plots/Aggregated_Plots_MC/aggregated_BottomRight_xy_QRS_Compact_roc.pdf,Results/Overall_Generated_Plots/Aggregated_Plots_MC/aggregated_BottomRight_xy_QRS_Compact_cm.pdf,Results/Overall_Generated_Plots/Aggregated_Plots_MC/aggregated_BottomRight_xy_QRS_Compact_p_value_mc_dist.pdf,Results/Overall_Generated_Plots/Aggregated_Plots_MC/aggregated_BottomRight_xy_QRS_Compact_threshold_mc_dist.pdf,Results/Overall_Generated_Plots/Aggregated_Plots_MC/aggregated_BottomRight_xy_QRS_Compact_f1_score_mc_dist.pdf
aggregated_BottomRight_xy,QRS,Angle,qrs_Angle,not_equal,False,500,0.4374435219779716,0.11074804652290708,0.9592581947873131,-0.8382919687243905,-1.6335748948626014,0.16381794403581132,False,-95.23527810066552,-109.64637844441623,-51.36515378835019,0.5584252631578948,0.4863157894736842,0.6200526315789473,Healthy,0.8278821052631579,0.3684210526315789,0.96,0.47127157894736843,0.3684210526315789,0.84,0.7346780065780031,0.4666666666666667,0.8,19,25,Results/Overall_Generated_Plots/Aggregated_Plots_MC/aggregated_BottomRight_xy_QRS_Angle_tdist.pdf,Results/Overall_Generated_Plots/Aggregated_Plots_MC/aggregated_BottomRight_xy_QRS_Angle_boxplot.pdf,Results/Overall_Generated_Plots/Aggregated_Plots_MC/aggregated_BottomRight_xy_QRS_Angle_roc.pdf,Results/Overall_Generated_Plots/Aggregated_Plots_MC/aggregated_BottomRight_xy_QRS_Angle_cm.pdf,Results/Overall_Generated_Plots/Aggregated_Plots_MC/aggregated_BottomRight_xy_QRS_Angle_p_value_mc_dist.pdf,Results/Overall_Generated_Plots/Aggregated_Plots_MC/aggregated_BottomRight_xy_QRS_Angle_threshold_mc_dist.pdf,Results/Overall_Generated_Plots/Aggregated_Plots_MC/aggregated_BottomRight_xy_QRS_Angle_f1_score_mc_dist.pdf
aggregated_BottomRight_xy,ST,Area,st_Area,not_equal,True,500,0.17275337866862298,0.0016826680289005241,0.9171736912042918,-1.7324149647823393,-3.535809845317968,1.2143495305246708,False,15.504141292999343,-0.06433705707734011,54.94087939483338,0.616871225857998,0.4666433239962652,0.7829220779220779,Healthy,0.4967025856948424,0.2,0.9444444444444444,0.8418474414463208,0.29691176470588243,1.0,0.5891342093674576,0.3333333333333333,0.7816012725344644,19,25,Results/Overall_Generated_Plots/Aggregated_Plots_MC/aggregated_BottomRight_xy_ST_Area_tdist.pdf,Results/Overall_Generated_Plots/Aggregated_Plots_MC/aggregated_BottomRight_xy_ST_Area_boxplot.pdf,Results/Overall_Generated_Plots/Aggregated_Plots_MC/aggregated_BottomRight_xy_ST_Area_roc.pdf,Results/Overall_Generated_Plots/Aggregated_Plots_MC/aggregated_BottomRight_xy_ST_Area_cm.pdf,Results/Overall_Generated_Plots/Aggregated_Plots_MC/aggregated_BottomRight_xy_ST_Area_p_value_mc_dist.pdf,Results/Overall_Generated_Plots/Aggregated_Plots_MC/aggregated_BottomRight_xy_ST_Area_threshold_mc_dist.pdf,Results/Overall_Generated_Plots/Aggregated_Plots_MC/aggregated_BottomRight_xy_ST_Area_f1_score_mc_dist.pdf
aggregated_BottomRight_xy,ST,T-Dist,st_T-Dist,not_equal,True,500,0.40310617327274684,0.00517717536488822,0.9706214279961274,-0.7874270781596174,-3.0219941555491294,1.3668072451498403,False,2.9810972079432503,-1.4236526303531924,8.95528623461024,0.5820820980903202,0.4783596837944664,0.7264581002237851,Healthy,0.5777136869560943,0.17647058823529413,1.0,0.6947291091622517,0.2126358695652175,1.0,0.5933869581569365,0.3,0.7628138528138527,19,25,Results/Overall_Generated_Plots/Aggregated_Plots_MC/aggregated_BottomRight_xy_ST_T-Dist_tdist.pdf,Results/Overall_Generated_Plots/Aggregated_Plots_MC/aggregated_BottomRight_xy_ST_T-Dist_boxplot.pdf,Results/Overall_Generated_Plots/Aggregated_Plots_MC/aggregated_BottomRight_xy_ST_T-Dist_roc.pdf,Results/Overall_Generated_Plots/Aggregated_Plots_MC/aggregated_BottomRight_xy_ST_T-Dist_cm.pdf,Results/Overall_Generated_Plots/Aggregated_Plots_MC/aggregated_BottomRight_xy_ST_T-Dist_p_value_mc_dist.pdf,Results/Overall_Generated_Plots/Aggregated_Plots_MC/aggregated_BottomRight_xy_ST_T-Dist_threshold_mc_dist.pdf,Results/Overall_Generated_Plots/Aggregated_Plots_MC/aggregated_BottomRight_xy_ST_T-Dist_f1_score_mc_dist.pdf
aggregated_BottomRight_xy,ST,Compact,st_Compact,not_equal,True,500,0.42718385899675476,0.011557881435683582,0.9429568222909854,0.6041977720792254,-1.4612104007740825,2.6867645959564106,False,0.403873021098174,0.07169231720752063,0.7770240476823133,0.576148460121726,0.47654007177033497,0.7047896241830065,ARVC,0.5479105611544944,0.16666666666666666,1.0,0.7108497864808498,0.2608695652173913,1.0,0.5680259297353637,0.2857142857142857,0.75,19,25,Results/Overall_Generated_Plots/Aggregated_Plots_MC/aggregated_BottomRight_xy_ST_Compact_tdist.pdf,Results/Overall_Generated_Plots/Aggregated_Plots_MC/aggregated_BottomRight_xy_ST_Compact_boxplot.pdf,Results/Overall_Generated_Plots/Aggregated_Plots_MC/aggregated_BottomRight_xy_ST_Compact_roc.pdf,Results/Overall_Generated_Plots/Aggregated_Plots_MC/aggregated_BottomRight_xy_ST_Compact_cm.pdf,Results/Overall_Generated_Plots/Aggregated_Plots_MC/aggregated_BottomRight_xy_ST_Compact_p_value_mc_dist.pdf,Results/Overall_Generated_Plots/Aggregated_Plots_MC/aggregated_BottomRight_xy_ST_Compact_threshold_mc_dist.pdf,Results/Overall_Generated_Plots/Aggregated_Plots_MC/aggregated_BottomRight_xy_ST_Compact_f1_score_mc_dist.pdf
aggregated_BottomRight_xy,ST,Angle,st_Angle,not_equal,False,500,0.756753591581869,0.39545297572493493,0.984864255319104,-0.17698401459781865,-0.8295806411024761,0.5146209938168698,False,98.44786595615052,69.99272847401404,135.34333796333755,0.5320631578947368,0.4694736842105264,0.5915789473684211,Healthy,0.6181094736842105,0.2631578947368421,0.84,0.640282105263158,0.3684210526315789,0.96,0.6310874991885733,0.3919230769230771,0.7479872881355931,19,25,Results/Overall_Generated_Plots/Aggregated_Plots_MC/aggregated_BottomRight_xy_ST_Angle_tdist.pdf,Results/Overall_Generated_Plots/Aggregated_Plots_MC/aggregated_BottomRight_xy_ST_Angle_boxplot.pdf,Results/Overall_Generated_Plots/Aggregated_Plots_MC/aggregated_BottomRight_xy_ST_Angle_roc.pdf,Results/Overall_Generated_Plots/Aggregated_Plots_MC/aggregated_BottomRight_xy_ST_Angle_cm.pdf,Results/Overall_Generated_Plots/Aggregated_Plots_MC/aggregated_BottomRight_xy_ST_Angle_p_value_mc_dist.pdf,Results/Overall_Generated_Plots/Aggregated_Plots_MC/aggregated_BottomRight_xy_ST_Angle_threshold_mc_dist.pdf,Results/Overall_Generated_Plots/Aggregated_Plots_MC/aggregated_BottomRight_xy_ST_Angle_f1_score_mc_dist.pdf
aggregated_BottomRight_yz,T,Area,t_Area,not_equal,True,500,2.2095028381200067e-05,6.994184779869629e-06,5.312134191829495e-05,-5.405668936032702,-5.853975451925133,-4.956600624567083,True,26.921275445360813,19.480018493681392,35.06696483764864,0.9163595651532923,0.8888888888888888,0.9371980676328503,Healthy,0.8169756912042954,0.7619047619047619,0.8695652173913043,0.9965424836601308,0.9444444444444444,1.0,0.8976072649417882,0.8648648648648649,0.9302325581395349,19,23,Results/Overall_Generated_Plots/Aggregated_Plots_MC/aggregated_BottomRight_yz_T_Area_tdist.pdf,Results/Overall_Generated_Plots/Aggregated_Plots_MC/aggregated_BottomRight_yz_T_Area_boxplot.pdf,Results/Overall_Generated_Plots/Aggregated_Plots_MC/aggregated_BottomRight_yz_T_Area_roc.pdf,Results/Overall_Generated_Plots/Aggregated_Plots_MC/aggregated_BottomRight_yz_T_Area_cm.pdf,Results/Overall_Generated_Plots/Aggregated_Plots_MC/aggregated_BottomRight_yz_T_Area_p_value_mc_dist.pdf,Results/Overall_Generated_Plots/Aggregated_Plots_MC/aggregated_BottomRight_yz_T_Area_threshold_mc_dist.pdf,Results/Overall_Generated_Plots/Aggregated_Plots_MC/aggregated_BottomRight_yz_T_Area_f1_score_mc_dist.pdf
aggregated_BottomRight_yz,T,T-Dist,t_T-Dist,not_equal,True,500,0.11746187954016411,0.017954574276435476,0.36276399732560344,-1.7348931436575412,-2.502212180384887,-0.9224155952870299,False,14.701432442643299,9.606994434815258,19.342646302032627,0.6188404849400907,0.5465909090909091,0.6919786096256685,Healthy,0.4302384297370568,0.22727272727272727,0.7619047619047619,0.8983366443068456,0.5263157894736842,1.0,0.5547435124085576,0.37037037037037035,0.7162087912087911,19,23,Results/Overall_Generated_Plots/Aggregated_Plots_MC/aggregated_BottomRight_yz_T_T-Dist_tdist.pdf,Results/Overall_Generated_Plots/Aggregated_Plots_MC/aggregated_BottomRight_yz_T_T-Dist_boxplot.pdf,Results/Overall_Generated_Plots/Aggregated_Plots_MC/aggregated_BottomRight_yz_T_T-Dist_roc.pdf,Results/Overall_Generated_Plots/Aggregated_Plots_MC/aggregated_BottomRight_yz_T_T-Dist_cm.pdf,Results/Overall_Generated_Plots/Aggregated_Plots_MC/aggregated_BottomRight_yz_T_T-Dist_p_value_mc_dist.pdf,Results/Overall_Generated_Plots/Aggregated_Plots_MC/aggregated_BottomRight_yz_T_T-Dist_threshold_mc_dist.pdf,Results/Overall_Generated_Plots/Aggregated_Plots_MC/aggregated_BottomRight_yz_T_T-Dist_f1_score_mc_dist.pdf
aggregated_BottomRight_yz,T,Compact,t_Compact,not_equal,False,500,0.0679360078815964,0.0125309783472616,0.17938278889992523,-1.9665937040703525,-2.6156886478375663,-1.3684821340461544,False,0.37990052348484293,0.2160397514001346,0.6570968733953965,0.6891029748283752,0.6453089244851259,0.736842105263158,Healthy,0.7385217391304348,0.4782608695652174,0.8695652173913043,0.6482105263157896,0.47368421052631576,0.8947368421052632,0.7228734028770004,0.5945945945945946,0.7916666666666666,19,23,Results/Overall_Generated_Plots/Aggregated_Plots_MC/aggregated_BottomRight_yz_T_Compact_tdist.pdf,Results/Overall_Generated_Plots/Aggregated_Plots_MC/aggregated_BottomRight_yz_T_Compact_boxplot.pdf,Results/Overall_Generated_Plots/Aggregated_Plots_MC/aggregated_BottomRight_yz_T_Compact_roc.pdf,Results/Overall_Generated_Plots/Aggregated_Plots_MC/aggregated_BottomRight_yz_T_Compact_cm.pdf,Results/Overall_Generated_Plots/Aggregated_Plots_MC/aggregated_BottomRight_yz_T_Compact_p_value_mc_dist.pdf,Results/Overall_Generated_Plots/Aggregated_Plots_MC/aggregated_BottomRight_yz_T_Compact_threshold_mc_dist.pdf,Results/Overall_Generated_Plots/Aggregated_Plots_MC/aggregated_BottomRight_yz_T_Compact_f1_score_mc_dist.pdf
aggregated_BottomRight_yz,T,Angle,t_Angle,not_equal,False,500,0.4879464327006228,0.1679158797077846,0.9399483610015259,0.7378984418233222,0.0306103479508561,1.4047942004181855,False,-48.177391861274046,-105.01704140420915,157.75015683271548,0.5444164759725401,0.4850114416475973,0.6041189931350115,ARVC,0.7320320366132723,0.3097826086956523,0.7894736842105263,0.48882837528604123,0.391304347826087,0.8695652173913043,0.6194825295313895,0.42629870129870134,0.6666666666666666,19,23,Results/Overall_Generated_Plots/Aggregated_Plots_MC/aggregated_BottomRight_yz_T_Angle_tdist.pdf,Results/Overall_Generated_Plots/Aggregated_Plots_MC/aggregated_BottomRight_yz_T_Angle_boxplot.pdf,Results/Overall_Generated_Plots/Aggregated_Plots_MC/aggregated_BottomRight_yz_T_Angle_roc.pdf,Results/Overall_Generated_Plots/Aggregated_Plots_MC/aggregated_BottomRight_yz_T_Angle_cm.pdf,Results/Overall_Generated_Plots/Aggregated_Plots_MC/aggregated_BottomRight_yz_T_Angle_p_value_mc_dist.pdf,Results/Overall_Generated_Plots/Aggregated_Plots_MC/aggregated_BottomRight_yz_T_Angle_threshold_mc_dist.pdf,Results/Overall_Generated_Plots/Aggregated_Plots_MC/aggregated_BottomRight_yz_T_Angle_f1_score_mc_dist.pdf
aggregated_BottomRight_yz,QRS,Area,qrs_Area,not_equal,True,500,0.4232844697602994,0.059301068841997234,0.948038932170297,-0.8119711369085566,-1.9644369982100753,0.7130563895690883,False,184.54571883331167,10.009361765148741,435.24896316559006,0.5422627398088037,0.46705882352941175,0.6214646464646464,Healthy,0.4246718555281484,0.14285714285714285,0.9458088235294115,0.7782507813651777,0.2222222222222222,1.0,0.47985216569261174,0.25,0.7272727272727273,19,23,Results/Overall_Generated_Plots/Aggregated_Plots_MC/aggregated_BottomRight_yz_QRS_Area_tdist.pdf,Results/Overall_Generated_Plots/Aggregated_Plots_MC/aggregated_BottomRight_yz_QRS_Area_boxplot.pdf,Results/Overall_Generated_Plots/Aggregated_Plots_MC/aggregated_BottomRight_yz_QRS_Area_roc.pdf,Results/Overall_Generated_Plots/Aggregated_Plots_MC/aggregated_BottomRight_yz_QRS_Area_cm.pdf,Results/Overall_Generated_Plots/Aggregated_Plots_MC/aggregated_BottomRight_yz_QRS_Area_p_value_mc_dist.pdf,Results/Overall_Generated_Plots/Aggregated_Plots_MC/aggregated_BottomRight_yz_QRS_Area_threshold_mc_dist.pdf,Results/Overall_Generated_Plots/Aggregated_Plots_MC/aggregated_BottomRight_yz_QRS_Area_f1_score_mc_dist.pdf
aggregated_BottomRight_yz,QRS,T-Dist,qrs_T-Dist,not_equal,True,500,0.5037624114352186,0.03551439333276619,0.9760523500063962,-0.6509492098278225,-2.1932206088402126,0.7528200345605264,False,26.245745518066542,10.532377027390387,57.475846199850594,0.5783004480097982,0.45308924485125857,0.6785885549872123,Healthy,0.6067657274046155,0.16666666666666666,0.9545454545454546,0.6542857262993957,0.2989769820971868,1.0,0.6239121848669603,0.2857142857142857,0.7767006802721088,19,23,Results/Overall_Generated_Plots/Aggregated_Plots_MC/aggregated_BottomRight_yz_QRS_T-Dist_tdist.pdf,Results/Overall_Generated_Plots/Aggregated_Plots_MC/aggregated_BottomRight_yz_QRS_T-Dist_boxplot.pdf,Results/Overall_Generated_Plots/Aggregated_Plots_MC/aggregated_BottomRight_yz_QRS_T-Dist_roc.pdf,Results/Overall_Generated_Plots/Aggregated_Plots_MC/aggregated_BottomRight_yz_QRS_T-Dist_cm.pdf,Results/Overall_Generated_Plots/Aggregated_Plots_MC/aggregated_BottomRight_yz_QRS_T-Dist_p_value_mc_dist.pdf,Results/Overall_Generated_Plots/Aggregated_Plots_MC/aggregated_BottomRight_yz_QRS_T-Dist_threshold_mc_dist.pdf,Results/Overall_Generated_Plots/Aggregated_Plots_MC/aggregated_BottomRight_yz_QRS_T-Dist_f1_score_mc_dist.pdf
aggregated_BottomRight_yz,QRS,Compact,qrs_Compact,not_equal,True,500,0.29018095497716795,0.014363633873524658,0.9006257283390813,-1.2523342071178813,-2.582212476777049,0.20734733718873008,False,0.49821006563138154,0.1326130146986229,0.8242850463338702,0.576369418304903,0.48414291657998754,0.6691919191919192,Healthy,0.42554068042306026,0.18181818181818182,0.829891304347826,0.8361942488797751,0.35000000000000037,1.0,0.5224895866950089,0.3076923076923077,0.7111111111111111,19,23,Results/Overall_Generated_Plots/Aggregated_Plots_MC/aggregated_BottomRight_yz_QRS_Compact_tdist.pdf,Results/Overall_Generated_Plots/Aggregated_Plots_MC/aggregated_BottomRight_yz_QRS_Compact_boxplot.pdf,Results/Overall_Generated_Plots/Aggregated_Plots_MC/aggregated_BottomRight_yz_QRS_Compact_roc.pdf,Results/Overall_Generated_Plots/Aggregated_Plots_MC/aggregated_BottomRight_yz_QRS_Compact_cm.pdf,Results/Overall_Generated_Plots/Aggregated_Plots_MC/aggregated_BottomRight_yz_QRS_Compact_p_value_mc_dist.pdf,Results/Overall_Generated_Plots/Aggregated_Plots_MC/aggregated_BottomRight_yz_QRS_Compact_threshold_mc_dist.pdf,Results/Overall_Generated_Plots/Aggregated_Plots_MC/aggregated_BottomRight_yz_QRS_Compact_f1_score_mc_dist.pdf
aggregated_BottomRight_yz,QRS,Angle,qrs_Angle,not_equal,False,500,0.612344208415481,0.19856272637119662,0.9724833042661671,0.5030499085314273,-0.28488763190924365,1.30751139780818,False,-15.117450218280862,-167.5094539422822,164.2943817147497,0.5370160183066361,0.47368421052631576,0.6144736842105263,ARVC,0.6522288329519451,0.21739130434782608,0.9565217391304348,0.5497254004576659,0.21378718535469113,1.0,0.5832022427520617,0.35714285714285715,0.7439447785675232,19,23,Results/Overall_Generated_Plots/Aggregated_Plots_MC/aggregated_BottomRight_yz_QRS_Angle_tdist.pdf,Results/Overall_Generated_Plots/Aggregated_Plots_MC/aggregated_BottomRight_yz_QRS_Angle_boxplot.pdf,Results/Overall_Generated_Plots/Aggregated_Plots_MC/aggregated_BottomRight_yz_QRS_Angle_roc.pdf,Results/Overall_Generated_Plots/Aggregated_Plots_MC/aggregated_BottomRight_yz_QRS_Angle_cm.pdf,Results/Overall_Generated_Plots/Aggregated_Plots_MC/aggregated_BottomRight_yz_QRS_Angle_p_value_mc_dist.pdf,Results/Overall_Generated_Plots/Aggregated_Plots_MC/aggregated_BottomRight_yz_QRS_Angle_threshold_mc_dist.pdf,Results/Overall_Generated_Plots/Aggregated_Plots_MC/aggregated_BottomRight_yz_QRS_Angle_f1_score_mc_dist.pdf
aggregated_BottomRight_yz,ST,Area,st_Area,not_equal,True,500,0.3428998882655422,0.001661798769559887,0.9720340937035854,-1.1353013158084486,-3.5186448341748098,1.1863210392922683,False,17.4961480871359,-2.471421073168825,53.49503741742032,0.6089961648860779,0.47073607220666047,0.7792207792207793,Healthy,0.566319500584368,0.20826086956521758,1.0,0.7469637096477654,0.1950000000000001,1.0,0.6127838449785336,0.33879310344827596,0.7737179487179485,19,23,Results/Overall_Generated_Plots/Aggregated_Plots_MC/aggregated_BottomRight_yz_ST_Area_tdist.pdf,Results/Overall_Generated_Plots/Aggregated_Plots_MC/aggregated_BottomRight_yz_ST_Area_boxplot.pdf,Results/Overall_Generated_Plots/Aggregated_Plots_MC/aggregated_BottomRight_yz_ST_Area_roc.pdf,Results/Overall_Generated_Plots/Aggregated_Plots_MC/aggregated_BottomRight_yz_ST_Area_cm.pdf,Results/Overall_Generated_Plots/Aggregated_Plots_MC/aggregated_BottomRight_yz_ST_Area_p_value_mc_dist.pdf,Results/Overall_Generated_Plots/Aggregated_Plots_MC/aggregated_BottomRight_yz_ST_Area_threshold_mc_dist.pdf,Results/Overall_Generated_Plots/Aggregated_Plots_MC/aggregated_BottomRight_yz_ST_Area_f1_score_mc_dist.pdf
aggregated_BottomRight_yz,ST,T-Dist,st_T-Dist,not_equal,True,500,0.321070213018736,0.0016531374465216025,0.9389141660739343,-1.120512756609543,-3.4384759397478004,1.26112343819148,False,3.7374555730176935,-0.9256712671967952,9.72334153096109,0.6081980799902571,0.48661761476659177,0.7629846014492753,ARVC,0.5625886797614822,0.1950000000000001,0.9773809523809512,0.7604522397813521,0.236624649859944,1.0,0.6149676516614747,0.3263333333333335,0.7870227038183694,19,23,Results/Overall_Generated_Plots/Aggregated_Plots_MC/aggregated_BottomRight_yz_ST_T-Dist_tdist.pdf,Results/Overall_Generated_Plots/Aggregated_Plots_MC/aggregated_BottomRight_yz_ST_T-Dist_boxplot.pdf,Results/Overall_Generated_Plots/Aggregated_Plots_MC/aggregated_BottomRight_yz_ST_T-Dist_roc.pdf,Results/Overall_Generated_Plots/Aggregated_Plots_MC/aggregated_BottomRight_yz_ST_T-Dist_cm.pdf,Results/Overall_Generated_Plots/Aggregated_Plots_MC/aggregated_BottomRight_yz_ST_T-Dist_p_value_mc_dist.pdf,Results/Overall_Generated_Plots/Aggregated_Plots_MC/aggregated_BottomRight_yz_ST_T-Dist_threshold_mc_dist.pdf,Results/Overall_Generated_Plots/Aggregated_Plots_MC/aggregated_BottomRight_yz_ST_T-Dist_f1_score_mc_dist.pdf
aggregated_BottomRight_yz,ST,Compact,st_Compact,not_equal,True,500,0.52819739761918,0.04938729332005193,0.9836961790136244,0.09379834166340609,-1.802835182208145,1.787011482207826,False,0.37105909605919124,0.06781826066375164,0.7188068091583565,0.5641412269468976,0.4685606060606061,0.700563909774436,ARVC,0.554734089544562,0.16206140350877202,1.0,0.6929441969257019,0.21052631578947367,1.0,0.5690531900202007,0.2727272727272727,0.75,19,23,Results/Overall_Generated_Plots/Aggregated_Plots_MC/aggregated_BottomRight_yz_ST_Compact_tdist.pdf,Results/Overall_Generated_Plots/Aggregated_Plots_MC/aggregated_BottomRight_yz_ST_Compact_boxplot.pdf,Results/Overall_Generated_Plots/Aggregated_Plots_MC/aggregated_BottomRight_yz_ST_Compact_roc.pdf,Results/Overall_Generated_Plots/Aggregated_Plots_MC/aggregated_BottomRight_yz_ST_Compact_cm.pdf,Results/Overall_Generated_Plots/Aggregated_Plots_MC/aggregated_BottomRight_yz_ST_Compact_p_value_mc_dist.pdf,Results/Overall_Generated_Plots/Aggregated_Plots_MC/aggregated_BottomRight_yz_ST_Compact_threshold_mc_dist.pdf,Results/Overall_Generated_Plots/Aggregated_Plots_MC/aggregated_BottomRight_yz_ST_Compact_f1_score_mc_dist.pdf
aggregated_BottomRight_yz,ST,Angle,st_Angle,not_equal,False,500,0.5989312911717395,0.26575941922054297,0.9637558812824989,-0.5460834099973721,-1.1327445249448824,0.0041966029103364735,False,-12.705981131447214,-38.49144168617684,30.43334881218412,0.5967597254004576,0.5286041189931351,0.6556636155606407,Healthy,0.7362562929061784,0.36847826086956564,0.9565217391304348,0.5259267734553775,0.2631578947368421,0.8421052631578947,0.6793687978477576,0.4856265356265357,0.7706477732793522,19,23,Results/Overall_Generated_Plots/Aggregated_Plots_MC/aggregated_BottomRight_yz_ST_Angle_tdist.pdf,Results/Overall_Generated_Plots/Aggregated_Plots_MC/aggregated_BottomRight_yz_ST_Angle_boxplot.pdf,Results/Overall_Generated_Plots/Aggregated_Plots_MC/aggregated_BottomRight_yz_ST_Angle_roc.pdf,Results/Overall_Generated_Plots/Aggregated_Plots_MC/aggregated_BottomRight_yz_ST_Angle_cm.pdf,Results/Overall_Generated_Plots/Aggregated_Plots_MC/aggregated_BottomRight_yz_ST_Angle_p_value_mc_dist.pdf,Results/Overall_Generated_Plots/Aggregated_Plots_MC/aggregated_BottomRight_yz_ST_Angle_threshold_mc_dist.pdf,Results/Overall_Generated_Plots/Aggregated_Plots_MC/aggregated_BottomRight_yz_ST_Angle_f1_score_mc_dist.pdf
