source,segment,feature,column_name,hypothesis_tested,outliers_removed,mc_iterations,p_value_mean,p_value_ci_lower,p_value_ci_upper,t_stat_mean,t_stat_ci_lower,t_stat_ci_upper,significant_ttest (mean_p<0.05),opt_threshold_mean,opt_threshold_ci_lower,opt_threshold_ci_upper,roc_auc_mean,roc_auc_ci_lower,roc_auc_ci_upper,roc_positive_class_for_metrics,sensitivity_mean,sensitivity_ci_lower,sensitivity_ci_upper,specificity_mean,specificity_ci_lower,specificity_ci_upper,f1_score_mean,f1_score_ci_lower,f1_score_ci_upper,n_arvc_initial,n_healthy_initial,plot_nominal_tdist_path,plot_nominal_boxplot_path,plot_nominal_roc_path,plot_nominal_cm_path,plot_mc_pvalue_dist_path,plot_mc_threshold_dist_path,plot_mc_f1_dist_path
F0_yz,T,Area,t_Area,not_equal,True,500,0.0023653880231712986,0.0007617567120676675,0.004726628836316062,-4.334170065882807,-5.054454580856988,-3.713448827446059,True,26.60746353051456,16.99556258645084,40.44450488801928,0.9101100970017637,0.8771296296296297,0.9382716049382716,Healthy,0.8910333333333336,0.8,0.9,1.0,1.0,1.0,0.9421952872377022,0.8888888888888888,0.9473684210526315,9,10,Results/F0_yz/Generated_Plots_MC/F0_yz_T_Area_tdist.pdf,Results/F0_yz/Generated_Plots_MC/F0_yz_T_Area_boxplot.pdf,Results/F0_yz/Generated_Plots_MC/F0_yz_T_Area_roc.pdf,Results/F0_yz/Generated_Plots_MC/F0_yz_T_Area_cm.pdf,Results/F0_yz/Generated_Plots_MC/F0_yz_T_Area_p_value_mc_dist.pdf,Results/F0_yz/Generated_Plots_MC/F0_yz_T_Area_threshold_mc_dist.pdf,Results/F0_yz/Generated_Plots_MC/F0_yz_T_Area_f1_score_mc_dist.pdf
F0_yz,T,T-Dist,t_T-Dist,not_equal,True,500,0.05090368626324115,0.009840889654079324,0.15060925577732465,-2.3031034971956235,-3.1189981412064642,-1.548012581666269,False,13.04575715618158,8.213353008961173,18.892183734863856,0.7650725308641976,0.6666666666666666,0.875,Healthy,0.6459833333333334,0.4444444444444444,1.0,0.8686111111111111,0.5555555555555556,1.0,0.7209387683621026,0.6153846153846154,0.8571428571428571,9,10,Results/F0_yz/Generated_Plots_MC/F0_yz_T_T-Dist_tdist.pdf,Results/F0_yz/Generated_Plots_MC/F0_yz_T_T-Dist_boxplot.pdf,Results/F0_yz/Generated_Plots_MC/F0_yz_T_T-Dist_roc.pdf,Results/F0_yz/Generated_Plots_MC/F0_yz_T_T-Dist_cm.pdf,Results/F0_yz/Generated_Plots_MC/F0_yz_T_T-Dist_p_value_mc_dist.pdf,Results/F0_yz/Generated_Plots_MC/F0_yz_T_T-Dist_threshold_mc_dist.pdf,Results/F0_yz/Generated_Plots_MC/F0_yz_T_T-Dist_f1_score_mc_dist.pdf
F0_yz,T,Compact,t_Compact,not_equal,False,500,0.12397453456649624,0.031180462186879157,0.29340091431272636,-1.7038963414242398,-2.371477583694589,-1.0857585330789032,False,0.5268969661257178,0.27390100512750426,0.8185887379498205,0.7100666666666666,0.6222222222222221,0.7888888888888889,Healthy,0.6456000000000001,0.4,0.8,0.8068888888888889,0.5555555555555556,1.0,0.702511885636835,0.5333333333333333,0.8,9,10,Results/F0_yz/Generated_Plots_MC/F0_yz_T_Compact_tdist.pdf,Results/F0_yz/Generated_Plots_MC/F0_yz_T_Compact_boxplot.pdf,Results/F0_yz/Generated_Plots_MC/F0_yz_T_Compact_roc.pdf,Results/F0_yz/Generated_Plots_MC/F0_yz_T_Compact_cm.pdf,Results/F0_yz/Generated_Plots_MC/F0_yz_T_Compact_p_value_mc_dist.pdf,Results/F0_yz/Generated_Plots_MC/F0_yz_T_Compact_threshold_mc_dist.pdf,Results/F0_yz/Generated_Plots_MC/F0_yz_T_Compact_f1_score_mc_dist.pdf
F0_yz,T,Angle,t_Angle,not_equal,False,500,0.7824874804707258,0.5284800740144061,0.9863949958333537,-0.23663708884546417,-0.6436010892566877,0.2599372333643988,False,-115.86716690877705,-161.23805233064405,159.11686403605933,0.5664888888888888,0.4444444444444445,0.6444444444444445,Healthy,0.8714666666666668,0.3333333333333333,1.0,0.5008888888888889,0.3333333333333333,1.0,0.7339250398933264,0.46153846153846156,0.8,9,10,Results/F0_yz/Generated_Plots_MC/F0_yz_T_Angle_tdist.pdf,Results/F0_yz/Generated_Plots_MC/F0_yz_T_Angle_boxplot.pdf,Results/F0_yz/Generated_Plots_MC/F0_yz_T_Angle_roc.pdf,Results/F0_yz/Generated_Plots_MC/F0_yz_T_Angle_cm.pdf,Results/F0_yz/Generated_Plots_MC/F0_yz_T_Angle_p_value_mc_dist.pdf,Results/F0_yz/Generated_Plots_MC/F0_yz_T_Angle_threshold_mc_dist.pdf,Results/F0_yz/Generated_Plots_MC/F0_yz_T_Angle_f1_score_mc_dist.pdf
F0_yz,QRS,Area,qrs_Area,not_equal,True,500,0.21117835909890864,0.05149269655755295,0.8338198639293949,-1.4799310194331907,-2.2197863082319613,-0.2090417723602708,False,96.12361399901476,15.605341062396905,457.9717395522815,0.6772293761022928,0.5555555555555556,0.8253968253968254,Healthy,0.6938277777777778,0.25,1.0,0.6973015873015873,0.3333333333333333,1.0,0.6821449431918943,0.4,0.8181818181818182,9,10,Results/F0_yz/Generated_Plots_MC/F0_yz_QRS_Area_tdist.pdf,Results/F0_yz/Generated_Plots_MC/F0_yz_QRS_Area_boxplot.pdf,Results/F0_yz/Generated_Plots_MC/F0_yz_QRS_Area_roc.pdf,Results/F0_yz/Generated_Plots_MC/F0_yz_QRS_Area_cm.pdf,Results/F0_yz/Generated_Plots_MC/F0_yz_QRS_Area_p_value_mc_dist.pdf,Results/F0_yz/Generated_Plots_MC/F0_yz_QRS_Area_threshold_mc_dist.pdf,Results/F0_yz/Generated_Plots_MC/F0_yz_QRS_Area_f1_score_mc_dist.pdf
F0_yz,QRS,T-Dist,qrs_T-Dist,not_equal,True,500,0.5335695105097141,0.012640758198857571,0.9750081993210493,-0.6544763342617952,-2.912011567694619,0.7374404925963851,False,23.197868793151756,12.782608370142546,55.89105428602706,0.6285269620811288,0.41975308641975306,0.8537499999999999,Healthy,0.7830166666666667,0.2222222222222222,1.0,0.6469293650793649,0.3333333333333333,1.0,0.7226092715075714,0.36363636363636365,0.8695652173913043,9,10,Results/F0_yz/Generated_Plots_MC/F0_yz_QRS_T-Dist_tdist.pdf,Results/F0_yz/Generated_Plots_MC/F0_yz_QRS_T-Dist_boxplot.pdf,Results/F0_yz/Generated_Plots_MC/F0_yz_QRS_T-Dist_roc.pdf,Results/F0_yz/Generated_Plots_MC/F0_yz_QRS_T-Dist_cm.pdf,Results/F0_yz/Generated_Plots_MC/F0_yz_QRS_T-Dist_p_value_mc_dist.pdf,Results/F0_yz/Generated_Plots_MC/F0_yz_QRS_T-Dist_threshold_mc_dist.pdf,Results/F0_yz/Generated_Plots_MC/F0_yz_QRS_T-Dist_f1_score_mc_dist.pdf
F0_yz,QRS,Compact,qrs_Compact,not_equal,True,500,0.3799282604326879,0.02231055265626618,0.9544681985473797,-1.0446931430879516,-2.6975813194823783,0.582331918145765,False,0.37809487089534016,0.17372730956272883,0.7900467343025142,0.6306697641093474,0.4766203703703704,0.8076388888888888,Healthy,0.669834126984127,0.2222222222222222,1.0,0.7169444444444444,0.3333333333333333,1.0,0.6644454127639011,0.36363636363636365,0.8379385964912278,9,10,Results/F0_yz/Generated_Plots_MC/F0_yz_QRS_Compact_tdist.pdf,Results/F0_yz/Generated_Plots_MC/F0_yz_QRS_Compact_boxplot.pdf,Results/F0_yz/Generated_Plots_MC/F0_yz_QRS_Compact_roc.pdf,Results/F0_yz/Generated_Plots_MC/F0_yz_QRS_Compact_cm.pdf,Results/F0_yz/Generated_Plots_MC/F0_yz_QRS_Compact_p_value_mc_dist.pdf,Results/F0_yz/Generated_Plots_MC/F0_yz_QRS_Compact_threshold_mc_dist.pdf,Results/F0_yz/Generated_Plots_MC/F0_yz_QRS_Compact_f1_score_mc_dist.pdf
F0_yz,QRS,Angle,qrs_Angle,not_equal,False,500,0.7363696732258557,0.3796705194467255,0.9924693513178224,-0.10227431247930205,-0.8889099464919282,0.6937982888677702,False,-39.155148847411866,-170.76042062803697,155.72141045018634,0.5506666666666667,0.47777777777777775,0.6444444444444445,Healthy,0.6599333333333334,0.2222222222222222,1.0,0.5880222222222221,0.2222222222222222,1.0,0.6135343197801684,0.36363636363636365,0.7692307692307693,9,10,Results/F0_yz/Generated_Plots_MC/F0_yz_QRS_Angle_tdist.pdf,Results/F0_yz/Generated_Plots_MC/F0_yz_QRS_Angle_boxplot.pdf,Results/F0_yz/Generated_Plots_MC/F0_yz_QRS_Angle_roc.pdf,Results/F0_yz/Generated_Plots_MC/F0_yz_QRS_Angle_cm.pdf,Results/F0_yz/Generated_Plots_MC/F0_yz_QRS_Angle_p_value_mc_dist.pdf,Results/F0_yz/Generated_Plots_MC/F0_yz_QRS_Angle_threshold_mc_dist.pdf,Results/F0_yz/Generated_Plots_MC/F0_yz_QRS_Angle_f1_score_mc_dist.pdf
F0_yz,ST,Area,st_Area,not_equal,True,500,0.4041889089826528,0.01736731867177739,0.9720939221824806,-0.7021573895386186,-2.846923864274464,1.5310102640671897,False,16.66553334857774,-2.96553476232964,57.280006866702124,0.6347379755605945,0.4444444444444444,0.8775510204081632,Healthy,0.6247984126984126,0.2222222222222222,1.0,0.7908642857142857,0.2669642857142861,1.0,0.6613099509851361,0.36363636363636365,0.8888888888888888,9,10,Results/F0_yz/Generated_Plots_MC/F0_yz_ST_Area_tdist.pdf,Results/F0_yz/Generated_Plots_MC/F0_yz_ST_Area_boxplot.pdf,Results/F0_yz/Generated_Plots_MC/F0_yz_ST_Area_roc.pdf,Results/F0_yz/Generated_Plots_MC/F0_yz_ST_Area_cm.pdf,Results/F0_yz/Generated_Plots_MC/F0_yz_ST_Area_p_value_mc_dist.pdf,Results/F0_yz/Generated_Plots_MC/F0_yz_ST_Area_threshold_mc_dist.pdf,Results/F0_yz/Generated_Plots_MC/F0_yz_ST_Area_f1_score_mc_dist.pdf
F0_yz,ST,T-Dist,st_T-Dist,not_equal,True,500,0.3906404949886431,0.009624610170321556,0.9559215651754938,-0.5140994667548865,-3.024861847526255,1.7776294502343502,False,3.680705165881497,-0.6389386829064746,10.853424574889225,0.6393127872260016,0.4654166666666667,0.9078819444444441,Healthy,0.6378007936507936,0.25,1.0,0.7893626984126983,0.3,1.0,0.6688660777083553,0.4,0.8888888888888888,9,10,Results/F0_yz/Generated_Plots_MC/F0_yz_ST_T-Dist_tdist.pdf,Results/F0_yz/Generated_Plots_MC/F0_yz_ST_T-Dist_boxplot.pdf,Results/F0_yz/Generated_Plots_MC/F0_yz_ST_T-Dist_roc.pdf,Results/F0_yz/Generated_Plots_MC/F0_yz_ST_T-Dist_cm.pdf,Results/F0_yz/Generated_Plots_MC/F0_yz_ST_T-Dist_p_value_mc_dist.pdf,Results/F0_yz/Generated_Plots_MC/F0_yz_ST_T-Dist_threshold_mc_dist.pdf,Results/F0_yz/Generated_Plots_MC/F0_yz_ST_T-Dist_f1_score_mc_dist.pdf
F0_yz,ST,Compact,st_Compact,not_equal,True,500,0.48372340046017326,0.02798092614906286,0.9748143081477001,-0.19470149164723768,-2.225947184677474,2.0364411644805815,False,0.3897424738217785,0.08492406407190135,0.8669290345142425,0.5929301782564879,0.45555555555555555,0.7764583333333333,ARVC,0.6228253968253968,0.2,1.0,0.7399380952380953,0.2222222222222222,1.0,0.6322237807877948,0.3333333333333333,0.8,9,10,Results/F0_yz/Generated_Plots_MC/F0_yz_ST_Compact_tdist.pdf,Results/F0_yz/Generated_Plots_MC/F0_yz_ST_Compact_boxplot.pdf,Results/F0_yz/Generated_Plots_MC/F0_yz_ST_Compact_roc.pdf,Results/F0_yz/Generated_Plots_MC/F0_yz_ST_Compact_cm.pdf,Results/F0_yz/Generated_Plots_MC/F0_yz_ST_Compact_p_value_mc_dist.pdf,Results/F0_yz/Generated_Plots_MC/F0_yz_ST_Compact_threshold_mc_dist.pdf,Results/F0_yz/Generated_Plots_MC/F0_yz_ST_Compact_f1_score_mc_dist.pdf
F0_yz,ST,Angle,st_Angle,not_equal,False,500,0.7763213459471658,0.4274736749696804,0.9906719943211567,-0.0037238937993203463,-0.6413944666669154,0.770236335619785,False,10.84068916981701,-39.950971346828005,81.83459453451913,0.5325555555555554,0.4497222222222223,0.6222222222222222,Healthy,0.6292222222222221,0.1111111111111111,1.0,0.6441777777777778,0.2,1.0,0.6009646323443685,0.2,0.7272727272727273,9,10,Results/F0_yz/Generated_Plots_MC/F0_yz_ST_Angle_tdist.pdf,Results/F0_yz/Generated_Plots_MC/F0_yz_ST_Angle_boxplot.pdf,Results/F0_yz/Generated_Plots_MC/F0_yz_ST_Angle_roc.pdf,Results/F0_yz/Generated_Plots_MC/F0_yz_ST_Angle_cm.pdf,Results/F0_yz/Generated_Plots_MC/F0_yz_ST_Angle_p_value_mc_dist.pdf,Results/F0_yz/Generated_Plots_MC/F0_yz_ST_Angle_threshold_mc_dist.pdf,Results/F0_yz/Generated_Plots_MC/F0_yz_ST_Angle_f1_score_mc_dist.pdf
OR_xy,T,Area,t_Area,not_equal,True,500,0.01879877802290492,0.00656562704194095,0.04825852656493968,-2.9497405329905213,-3.542588326981388,-2.309089708403069,True,12.735075785482374,4.618553002945333,19.423258652266988,0.7839982716049383,0.6888888888888889,0.8555555555555556,Healthy,0.680311111111111,0.5555555555555556,0.7777777777777778,0.9953555555555557,0.8941666666666668,1.0,0.8066243967762544,0.7142857142857143,0.875,10,11,Results/OR_xy/Generated_Plots_MC/OR_xy_T_Area_tdist.pdf,Results/OR_xy/Generated_Plots_MC/OR_xy_T_Area_boxplot.pdf,Results/OR_xy/Generated_Plots_MC/OR_xy_T_Area_roc.pdf,Results/OR_xy/Generated_Plots_MC/OR_xy_T_Area_cm.pdf,Results/OR_xy/Generated_Plots_MC/OR_xy_T_Area_p_value_mc_dist.pdf,Results/OR_xy/Generated_Plots_MC/OR_xy_T_Area_threshold_mc_dist.pdf,Results/OR_xy/Generated_Plots_MC/OR_xy_T_Area_f1_score_mc_dist.pdf
OR_xy,T,T-Dist,t_T-Dist,not_equal,True,500,0.01898282563406244,0.0006742138921632985,0.07267610519712141,-2.948619142963439,-4.337240608753313,-1.9252718907005617,True,9.423510955165202,6.761841323273423,12.886957009797568,0.831247616241783,0.7316666666666667,0.9254861111111111,Healthy,0.7432540404040403,0.5,0.9,0.9118753968253969,0.7,1.0,0.8067065648146143,0.6666666666666666,0.9411764705882353,10,11,Results/OR_xy/Generated_Plots_MC/OR_xy_T_T-Dist_tdist.pdf,Results/OR_xy/Generated_Plots_MC/OR_xy_T_T-Dist_boxplot.pdf,Results/OR_xy/Generated_Plots_MC/OR_xy_T_T-Dist_roc.pdf,Results/OR_xy/Generated_Plots_MC/OR_xy_T_T-Dist_cm.pdf,Results/OR_xy/Generated_Plots_MC/OR_xy_T_T-Dist_p_value_mc_dist.pdf,Results/OR_xy/Generated_Plots_MC/OR_xy_T_T-Dist_threshold_mc_dist.pdf,Results/OR_xy/Generated_Plots_MC/OR_xy_T_T-Dist_f1_score_mc_dist.pdf
OR_xy,T,Compact,t_Compact,not_equal,False,500,0.6762132708311678,0.296611194405389,0.9740579398463407,-0.4338733317118382,-1.0757959233357737,0.09345414474636496,False,0.25417482679898085,0.050955112762751824,1.3252708899815167,0.6281636363636364,0.3909090909090909,0.7090909090909091,Healthy,0.6955090909090909,0.1,1.0,0.6533454545454547,0.4,1.0,0.6723376416158762,0.18181818181818182,0.7857142857142857,10,11,Results/OR_xy/Generated_Plots_MC/OR_xy_T_Compact_tdist.pdf,Results/OR_xy/Generated_Plots_MC/OR_xy_T_Compact_boxplot.pdf,Results/OR_xy/Generated_Plots_MC/OR_xy_T_Compact_roc.pdf,Results/OR_xy/Generated_Plots_MC/OR_xy_T_Compact_cm.pdf,Results/OR_xy/Generated_Plots_MC/OR_xy_T_Compact_p_value_mc_dist.pdf,Results/OR_xy/Generated_Plots_MC/OR_xy_T_Compact_threshold_mc_dist.pdf,Results/OR_xy/Generated_Plots_MC/OR_xy_T_Compact_f1_score_mc_dist.pdf
OR_xy,T,Angle,t_Angle,not_equal,False,500,0.8345270965509712,0.6636173307394417,0.9931150387935874,0.18030460079396754,-0.23973845116015896,0.43878200450462596,False,84.34783306433796,-117.34007826059238,236.29179911555966,0.36556363636363637,0.2545454545454545,0.7181818181818181,ARVC,0.3291090909090909,0.1,1.0,0.8401818181818181,0.18181818181818182,1.0,0.34351188001351335,0.18181818181818182,0.7619047619047619,10,11,Results/OR_xy/Generated_Plots_MC/OR_xy_T_Angle_tdist.pdf,Results/OR_xy/Generated_Plots_MC/OR_xy_T_Angle_boxplot.pdf,Results/OR_xy/Generated_Plots_MC/OR_xy_T_Angle_roc.pdf,Results/OR_xy/Generated_Plots_MC/OR_xy_T_Angle_cm.pdf,Results/OR_xy/Generated_Plots_MC/OR_xy_T_Angle_p_value_mc_dist.pdf,Results/OR_xy/Generated_Plots_MC/OR_xy_T_Angle_threshold_mc_dist.pdf,Results/OR_xy/Generated_Plots_MC/OR_xy_T_Angle_f1_score_mc_dist.pdf
OR_xy,QRS,Area,qrs_Area,not_equal,True,500,0.08112733232229187,0.027293738582384285,0.24556666485518272,-2.062149674083262,-2.5753776303033016,-1.23519800657995,False,128.98737058681255,16.479817174853096,319.4803941177894,0.7227081200897868,0.5985416666666666,0.8133838383838381,Healthy,0.5539560606060606,0.3333333333333333,0.9090909090909091,0.9089166666666667,0.5263888888888895,1.0,0.6665228957165288,0.5,0.8181818181818182,10,11,Results/OR_xy/Generated_Plots_MC/OR_xy_QRS_Area_tdist.pdf,Results/OR_xy/Generated_Plots_MC/OR_xy_QRS_Area_boxplot.pdf,Results/OR_xy/Generated_Plots_MC/OR_xy_QRS_Area_roc.pdf,Results/OR_xy/Generated_Plots_MC/OR_xy_QRS_Area_cm.pdf,Results/OR_xy/Generated_Plots_MC/OR_xy_QRS_Area_p_value_mc_dist.pdf,Results/OR_xy/Generated_Plots_MC/OR_xy_QRS_Area_threshold_mc_dist.pdf,Results/OR_xy/Generated_Plots_MC/OR_xy_QRS_Area_f1_score_mc_dist.pdf
OR_xy,QRS,T-Dist,qrs_T-Dist,not_equal,True,500,0.11792579178820367,0.018277418275678997,0.5060058497620094,-1.8409717962470302,-2.706930841988464,-0.6794747855616965,False,35.98620621154083,13.403612482331,52.53181475064174,0.686891212121212,0.5571363636363637,0.7727272727272728,Healthy,0.5362565656565657,0.2727272727272727,0.9047727272727271,0.9028,0.5,1.0,0.6494703252682954,0.42857142857142855,0.7777777777777778,10,11,Results/OR_xy/Generated_Plots_MC/OR_xy_QRS_T-Dist_tdist.pdf,Results/OR_xy/Generated_Plots_MC/OR_xy_QRS_T-Dist_boxplot.pdf,Results/OR_xy/Generated_Plots_MC/OR_xy_QRS_T-Dist_roc.pdf,Results/OR_xy/Generated_Plots_MC/OR_xy_QRS_T-Dist_cm.pdf,Results/OR_xy/Generated_Plots_MC/OR_xy_QRS_T-Dist_p_value_mc_dist.pdf,Results/OR_xy/Generated_Plots_MC/OR_xy_QRS_T-Dist_threshold_mc_dist.pdf,Results/OR_xy/Generated_Plots_MC/OR_xy_QRS_T-Dist_f1_score_mc_dist.pdf
OR_xy,QRS,Compact,qrs_Compact,not_equal,True,500,0.598597623653357,0.15944231090425626,0.9806397364594803,-0.23619515039480155,-1.3463194097080473,1.159276335565049,False,0.4538749025261861,0.07794759462014202,0.9563048640839454,0.5550055274971942,0.47,0.6613888888888887,Healthy,0.5875616161616163,0.18181818181818182,1.0,0.688840404040404,0.2,1.0,0.5898790435864008,0.3076923076923077,0.7586206896551724,10,11,Results/OR_xy/Generated_Plots_MC/OR_xy_QRS_Compact_tdist.pdf,Results/OR_xy/Generated_Plots_MC/OR_xy_QRS_Compact_boxplot.pdf,Results/OR_xy/Generated_Plots_MC/OR_xy_QRS_Compact_roc.pdf,Results/OR_xy/Generated_Plots_MC/OR_xy_QRS_Compact_cm.pdf,Results/OR_xy/Generated_Plots_MC/OR_xy_QRS_Compact_p_value_mc_dist.pdf,Results/OR_xy/Generated_Plots_MC/OR_xy_QRS_Compact_threshold_mc_dist.pdf,Results/OR_xy/Generated_Plots_MC/OR_xy_QRS_Compact_f1_score_mc_dist.pdf
OR_xy,QRS,Angle,qrs_Angle,not_equal,False,500,0.1814736220900945,0.0038089330543752075,0.8498386161313332,-1.7859811006351898,-3.3064912151903556,-0.17655899506307937,False,-99.69265088786209,-118.20878153631544,-85.57165578426874,0.7242545454545455,0.5818181818181818,0.8454545454545455,Healthy,0.6701636363636364,0.45454545454545453,0.9090909090909091,0.8217818181818183,0.5,1.0,0.726511475678419,0.5882352941176471,0.8571428571428571,10,11,Results/OR_xy/Generated_Plots_MC/OR_xy_QRS_Angle_tdist.pdf,Results/OR_xy/Generated_Plots_MC/OR_xy_QRS_Angle_boxplot.pdf,Results/OR_xy/Generated_Plots_MC/OR_xy_QRS_Angle_roc.pdf,Results/OR_xy/Generated_Plots_MC/OR_xy_QRS_Angle_cm.pdf,Results/OR_xy/Generated_Plots_MC/OR_xy_QRS_Angle_p_value_mc_dist.pdf,Results/OR_xy/Generated_Plots_MC/OR_xy_QRS_Angle_threshold_mc_dist.pdf,Results/OR_xy/Generated_Plots_MC/OR_xy_QRS_Angle_f1_score_mc_dist.pdf
OR_xy,ST,Area,st_Area,not_equal,True,500,0.3254275633632137,0.025785478918185285,0.9355005373744707,-1.0012174792027546,-2.6047994024124073,1.4689008172205638,False,22.12891631429025,-2.1601295917950543,90.51574662989924,0.6156411537140108,0.40863888888888894,0.8379640151515152,Healthy,0.5306665223665222,0.2,1.0,0.8580660894660895,0.3333333333333333,1.0,0.6113144531004807,0.3333333333333333,0.8379385964912278,10,11,Results/OR_xy/Generated_Plots_MC/OR_xy_ST_Area_tdist.pdf,Results/OR_xy/Generated_Plots_MC/OR_xy_ST_Area_boxplot.pdf,Results/OR_xy/Generated_Plots_MC/OR_xy_ST_Area_roc.pdf,Results/OR_xy/Generated_Plots_MC/OR_xy_ST_Area_cm.pdf,Results/OR_xy/Generated_Plots_MC/OR_xy_ST_Area_p_value_mc_dist.pdf,Results/OR_xy/Generated_Plots_MC/OR_xy_ST_Area_threshold_mc_dist.pdf,Results/OR_xy/Generated_Plots_MC/OR_xy_ST_Area_f1_score_mc_dist.pdf
OR_xy,ST,T-Dist,st_T-Dist,not_equal,True,500,0.4590457872705615,0.02369544741981184,0.9748876819682312,-0.2723540364508735,-2.493043102695327,1.8070536249996352,False,3.5761113765697456,-0.7920287441683932,10.453599804667947,0.6072820330286998,0.4641161616161616,0.8184523809523807,Healthy,0.6146984126984126,0.2,1.0,0.7399401875901875,0.2727272727272727,1.0,0.6310976265359184,0.3333333333333333,0.8235294117647058,10,11,Results/OR_xy/Generated_Plots_MC/OR_xy_ST_T-Dist_tdist.pdf,Results/OR_xy/Generated_Plots_MC/OR_xy_ST_T-Dist_boxplot.pdf,Results/OR_xy/Generated_Plots_MC/OR_xy_ST_T-Dist_roc.pdf,Results/OR_xy/Generated_Plots_MC/OR_xy_ST_T-Dist_cm.pdf,Results/OR_xy/Generated_Plots_MC/OR_xy_ST_T-Dist_p_value_mc_dist.pdf,Results/OR_xy/Generated_Plots_MC/OR_xy_ST_T-Dist_threshold_mc_dist.pdf,Results/OR_xy/Generated_Plots_MC/OR_xy_ST_T-Dist_f1_score_mc_dist.pdf
OR_xy,ST,Compact,st_Compact,not_equal,True,500,0.46662473212798194,0.03187202277413407,0.9657837581985448,-0.5808004157638281,-2.3922688881284033,1.3748604958687876,False,0.4386152011875682,0.06926780209174946,0.9698016411552884,0.5939979445246112,0.46172727272727276,0.7809545454545453,ARVC,0.5571979797979798,0.18181818181818182,1.0,0.7637919191919192,0.3,1.0,0.5972488612094914,0.3076923076923077,0.8077777777777775,10,11,Results/OR_xy/Generated_Plots_MC/OR_xy_ST_Compact_tdist.pdf,Results/OR_xy/Generated_Plots_MC/OR_xy_ST_Compact_boxplot.pdf,Results/OR_xy/Generated_Plots_MC/OR_xy_ST_Compact_roc.pdf,Results/OR_xy/Generated_Plots_MC/OR_xy_ST_Compact_cm.pdf,Results/OR_xy/Generated_Plots_MC/OR_xy_ST_Compact_p_value_mc_dist.pdf,Results/OR_xy/Generated_Plots_MC/OR_xy_ST_Compact_threshold_mc_dist.pdf,Results/OR_xy/Generated_Plots_MC/OR_xy_ST_Compact_f1_score_mc_dist.pdf
OR_xy,ST,Angle,st_Angle,not_equal,False,500,0.5746909765040347,0.036281989588201176,0.9910987212046144,-0.5267981289530737,-2.277789227782976,0.6364366584101675,False,77.19964820085467,-22.045984956635504,136.95650101796704,0.5979272727272726,0.32727272727272727,0.790909090909091,Healthy,0.6330727272727272,0.1,1.0,0.7175454545454546,0.09090909090909091,1.0,0.6458948130891103,0.18181818181818182,0.8,10,11,Results/OR_xy/Generated_Plots_MC/OR_xy_ST_Angle_tdist.pdf,Results/OR_xy/Generated_Plots_MC/OR_xy_ST_Angle_boxplot.pdf,Results/OR_xy/Generated_Plots_MC/OR_xy_ST_Angle_roc.pdf,Results/OR_xy/Generated_Plots_MC/OR_xy_ST_Angle_cm.pdf,Results/OR_xy/Generated_Plots_MC/OR_xy_ST_Angle_p_value_mc_dist.pdf,Results/OR_xy/Generated_Plots_MC/OR_xy_ST_Angle_threshold_mc_dist.pdf,Results/OR_xy/Generated_Plots_MC/OR_xy_ST_Angle_f1_score_mc_dist.pdf
F1_yz,T,Area,t_Area,not_equal,True,500,0.1822734163009987,0.06332052087651516,0.39494735424208965,-1.4707785012189034,-2.0414551669654566,-0.8798789349621963,False,62.18038149613129,48.43762115984256,80.1681861025359,0.5892633333333334,0.5222222222222223,0.6606776094276093,Healthy,0.4645787878787878,0.36363636363636365,0.5833333333333334,0.9622,0.9,1.0,0.6193376136419478,0.5333333333333333,0.7058823529411765,10,12,Results/F1_yz/Generated_Plots_MC/F1_yz_T_Area_tdist.pdf,Results/F1_yz/Generated_Plots_MC/F1_yz_T_Area_boxplot.pdf,Results/F1_yz/Generated_Plots_MC/F1_yz_T_Area_roc.pdf,Results/F1_yz/Generated_Plots_MC/F1_yz_T_Area_cm.pdf,Results/F1_yz/Generated_Plots_MC/F1_yz_T_Area_p_value_mc_dist.pdf,Results/F1_yz/Generated_Plots_MC/F1_yz_T_Area_threshold_mc_dist.pdf,Results/F1_yz/Generated_Plots_MC/F1_yz_T_Area_f1_score_mc_dist.pdf
F1_yz,T,T-Dist,t_T-Dist,not_equal,True,500,0.3021204229382178,0.06437152844503162,0.70350943404273,-1.1488992852639932,-1.9774174675253553,-0.3643767427515765,False,16.689526264600588,9.918133951653866,21.05235006375435,0.5989051022126022,0.5083333333333333,0.7083333333333334,Healthy,0.41375151515151515,0.25,0.75,0.9530717171717172,0.6,1.0,0.559254651158606,0.4,0.7368421052631579,10,12,Results/F1_yz/Generated_Plots_MC/F1_yz_T_T-Dist_tdist.pdf,Results/F1_yz/Generated_Plots_MC/F1_yz_T_T-Dist_boxplot.pdf,Results/F1_yz/Generated_Plots_MC/F1_yz_T_T-Dist_roc.pdf,Results/F1_yz/Generated_Plots_MC/F1_yz_T_T-Dist_cm.pdf,Results/F1_yz/Generated_Plots_MC/F1_yz_T_T-Dist_p_value_mc_dist.pdf,Results/F1_yz/Generated_Plots_MC/F1_yz_T_T-Dist_threshold_mc_dist.pdf,Results/F1_yz/Generated_Plots_MC/F1_yz_T_T-Dist_f1_score_mc_dist.pdf
F1_yz,T,Compact,t_Compact,not_equal,False,500,0.794852821237875,0.449681567876513,0.9924040336567791,0.08645280877914524,-0.5524601696715032,0.7690917553044353,False,0.6006101569477602,0.10024824901274185,1.3004370901060731,0.5368666666666666,0.425,0.65,ARVC,0.6176333333333335,0.16666666666666666,1.0,0.704,0.3333333333333333,1.0,0.5913044256934129,0.2857142857142857,0.7272727272727273,10,12,Results/F1_yz/Generated_Plots_MC/F1_yz_T_Compact_tdist.pdf,Results/F1_yz/Generated_Plots_MC/F1_yz_T_Compact_boxplot.pdf,Results/F1_yz/Generated_Plots_MC/F1_yz_T_Compact_roc.pdf,Results/F1_yz/Generated_Plots_MC/F1_yz_T_Compact_cm.pdf,Results/F1_yz/Generated_Plots_MC/F1_yz_T_Compact_p_value_mc_dist.pdf,Results/F1_yz/Generated_Plots_MC/F1_yz_T_Compact_threshold_mc_dist.pdf,Results/F1_yz/Generated_Plots_MC/F1_yz_T_Compact_f1_score_mc_dist.pdf
F1_yz,T,Angle,t_Angle,not_equal,False,500,0.7959462658189457,0.47479826077663767,0.9916595535820052,0.11829467490459412,-0.5225941632058103,0.7362216830818856,False,-26.13877020906672,-118.16719375338347,32.003350515721394,0.5140666666666666,0.4666666666666667,0.5710416666666664,ARVC,0.5003666666666666,0.2,0.9,0.6675666666666666,0.25,1.0,0.5145040924972677,0.3076923076923077,0.6896551724137931,10,12,Results/F1_yz/Generated_Plots_MC/F1_yz_T_Angle_tdist.pdf,Results/F1_yz/Generated_Plots_MC/F1_yz_T_Angle_boxplot.pdf,Results/F1_yz/Generated_Plots_MC/F1_yz_T_Angle_roc.pdf,Results/F1_yz/Generated_Plots_MC/F1_yz_T_Angle_cm.pdf,Results/F1_yz/Generated_Plots_MC/F1_yz_T_Angle_p_value_mc_dist.pdf,Results/F1_yz/Generated_Plots_MC/F1_yz_T_Angle_threshold_mc_dist.pdf,Results/F1_yz/Generated_Plots_MC/F1_yz_T_Angle_f1_score_mc_dist.pdf
F1_yz,QRS,Area,qrs_Area,not_equal,True,500,0.32118105486303816,0.03244597440382693,0.9132217547418018,-1.1833358642071536,-2.38004913878316,-0.0323966881828806,False,142.13215595730532,16.255946835434706,298.7967392177961,0.6005303872053872,0.50239898989899,0.7083333333333334,Healthy,0.5102848484848485,0.3333333333333333,0.7777777777777778,0.8304969696969697,0.4444444444444444,1.0,0.6137927296970109,0.47058823529411764,0.7368421052631579,10,12,Results/F1_yz/Generated_Plots_MC/F1_yz_QRS_Area_tdist.pdf,Results/F1_yz/Generated_Plots_MC/F1_yz_QRS_Area_boxplot.pdf,Results/F1_yz/Generated_Plots_MC/F1_yz_QRS_Area_roc.pdf,Results/F1_yz/Generated_Plots_MC/F1_yz_QRS_Area_cm.pdf,Results/F1_yz/Generated_Plots_MC/F1_yz_QRS_Area_p_value_mc_dist.pdf,Results/F1_yz/Generated_Plots_MC/F1_yz_QRS_Area_threshold_mc_dist.pdf,Results/F1_yz/Generated_Plots_MC/F1_yz_QRS_Area_f1_score_mc_dist.pdf
F1_yz,QRS,T-Dist,qrs_T-Dist,not_equal,True,500,0.09249928707231209,0.006957036163190759,0.35145345735663946,-2.041914318575765,-3.118884091347067,-0.9610517855288997,False,27.827837355126498,17.62564069178985,38.39626398371455,0.7009036796536796,0.5509895833333334,0.8020833333333334,Healthy,0.5560666666666666,0.3333333333333333,0.8095454545454541,0.9466928571428571,0.75,1.0,0.6913280773169089,0.5,0.8181818181818182,10,12,Results/F1_yz/Generated_Plots_MC/F1_yz_QRS_T-Dist_tdist.pdf,Results/F1_yz/Generated_Plots_MC/F1_yz_QRS_T-Dist_boxplot.pdf,Results/F1_yz/Generated_Plots_MC/F1_yz_QRS_T-Dist_roc.pdf,Results/F1_yz/Generated_Plots_MC/F1_yz_QRS_T-Dist_cm.pdf,Results/F1_yz/Generated_Plots_MC/F1_yz_QRS_T-Dist_p_value_mc_dist.pdf,Results/F1_yz/Generated_Plots_MC/F1_yz_QRS_T-Dist_threshold_mc_dist.pdf,Results/F1_yz/Generated_Plots_MC/F1_yz_QRS_T-Dist_f1_score_mc_dist.pdf
F1_yz,QRS,Compact,qrs_Compact,not_equal,True,500,0.5975613150752636,0.12013377664224847,0.9795973864981384,0.1170646994357003,-1.5593216861056594,1.36968582007873,False,0.506622772206351,0.06335928175653316,0.9895121798590443,0.5604622615039282,0.46053240740740753,0.6770833333333334,ARVC,0.5273121212121211,0.2,1.0,0.7532085858585859,0.2222222222222222,1.0,0.5635228534412772,0.3333333333333333,0.7586206896551724,10,12,Results/F1_yz/Generated_Plots_MC/F1_yz_QRS_Compact_tdist.pdf,Results/F1_yz/Generated_Plots_MC/F1_yz_QRS_Compact_boxplot.pdf,Results/F1_yz/Generated_Plots_MC/F1_yz_QRS_Compact_roc.pdf,Results/F1_yz/Generated_Plots_MC/F1_yz_QRS_Compact_cm.pdf,Results/F1_yz/Generated_Plots_MC/F1_yz_QRS_Compact_p_value_mc_dist.pdf,Results/F1_yz/Generated_Plots_MC/F1_yz_QRS_Compact_threshold_mc_dist.pdf,Results/F1_yz/Generated_Plots_MC/F1_yz_QRS_Compact_f1_score_mc_dist.pdf
F1_yz,QRS,Angle,qrs_Angle,not_equal,False,500,0.7667158573315411,0.3777150467236258,0.9892418261450282,-0.2200010029769932,-0.9039171501120021,0.3930828360336047,False,-49.860120853195625,-124.37639734610359,150.85289483784544,0.55295,0.425,0.6583333333333333,Healthy,0.6793,0.2,1.0,0.6221666666666665,0.16666666666666666,1.0,0.6480944910261568,0.3333333333333333,0.7692307692307693,10,12,Results/F1_yz/Generated_Plots_MC/F1_yz_QRS_Angle_tdist.pdf,Results/F1_yz/Generated_Plots_MC/F1_yz_QRS_Angle_boxplot.pdf,Results/F1_yz/Generated_Plots_MC/F1_yz_QRS_Angle_roc.pdf,Results/F1_yz/Generated_Plots_MC/F1_yz_QRS_Angle_cm.pdf,Results/F1_yz/Generated_Plots_MC/F1_yz_QRS_Angle_p_value_mc_dist.pdf,Results/F1_yz/Generated_Plots_MC/F1_yz_QRS_Angle_threshold_mc_dist.pdf,Results/F1_yz/Generated_Plots_MC/F1_yz_QRS_Angle_f1_score_mc_dist.pdf
F1_yz,ST,Area,st_Area,not_equal,True,500,0.3084471226654276,0.011049220425833674,0.9528825738791256,-1.216369850137547,-2.9945298540139507,1.1549030411728605,False,19.219330187392938,-1.6364676791043276,53.7851894006654,0.6372291538399871,0.4431818181818182,0.844724025974026,Healthy,0.5616516594516595,0.2,1.0,0.8307046897546898,0.2727272727272727,1.0,0.6333896018286016,0.3333333333333333,0.8421052631578947,10,12,Results/F1_yz/Generated_Plots_MC/F1_yz_ST_Area_tdist.pdf,Results/F1_yz/Generated_Plots_MC/F1_yz_ST_Area_boxplot.pdf,Results/F1_yz/Generated_Plots_MC/F1_yz_ST_Area_roc.pdf,Results/F1_yz/Generated_Plots_MC/F1_yz_ST_Area_cm.pdf,Results/F1_yz/Generated_Plots_MC/F1_yz_ST_Area_p_value_mc_dist.pdf,Results/F1_yz/Generated_Plots_MC/F1_yz_ST_Area_threshold_mc_dist.pdf,Results/F1_yz/Generated_Plots_MC/F1_yz_ST_Area_f1_score_mc_dist.pdf
F1_yz,ST,T-Dist,st_T-Dist,not_equal,True,500,0.4087939616024928,0.007415973108431783,0.9736265528886731,-0.7362843769228263,-3.0118244600552186,1.6226150619140969,False,3.453334372281341,-0.74941354183869,8.273273318912903,0.6200850665383998,0.4814814814814815,0.7940972222222221,Healthy,0.6147937229437229,0.25,1.0,0.7561134199134198,0.25,1.0,0.6439141729402531,0.4,0.8148148148148148,10,12,Results/F1_yz/Generated_Plots_MC/F1_yz_ST_T-Dist_tdist.pdf,Results/F1_yz/Generated_Plots_MC/F1_yz_ST_T-Dist_boxplot.pdf,Results/F1_yz/Generated_Plots_MC/F1_yz_ST_T-Dist_roc.pdf,Results/F1_yz/Generated_Plots_MC/F1_yz_ST_T-Dist_cm.pdf,Results/F1_yz/Generated_Plots_MC/F1_yz_ST_T-Dist_p_value_mc_dist.pdf,Results/F1_yz/Generated_Plots_MC/F1_yz_ST_T-Dist_threshold_mc_dist.pdf,Results/F1_yz/Generated_Plots_MC/F1_yz_ST_T-Dist_f1_score_mc_dist.pdf
F1_yz,ST,Compact,st_Compact,not_equal,True,500,0.4459233515031275,0.008681450268131583,0.947347381646908,-0.6438605089057575,-2.9603702639029215,1.266264832666749,False,0.4055875771508629,0.10113855284882586,0.9664215554801229,0.6059691418149752,0.4583333333333333,0.8231944444444445,ARVC,0.6203570707070707,0.2,1.0,0.7290524531024531,0.25,1.0,0.6394173104510765,0.3333333333333333,0.8519230769230767,10,12,Results/F1_yz/Generated_Plots_MC/F1_yz_ST_Compact_tdist.pdf,Results/F1_yz/Generated_Plots_MC/F1_yz_ST_Compact_boxplot.pdf,Results/F1_yz/Generated_Plots_MC/F1_yz_ST_Compact_roc.pdf,Results/F1_yz/Generated_Plots_MC/F1_yz_ST_Compact_cm.pdf,Results/F1_yz/Generated_Plots_MC/F1_yz_ST_Compact_p_value_mc_dist.pdf,Results/F1_yz/Generated_Plots_MC/F1_yz_ST_Compact_threshold_mc_dist.pdf,Results/F1_yz/Generated_Plots_MC/F1_yz_ST_Compact_f1_score_mc_dist.pdf
F1_yz,ST,Angle,st_Angle,not_equal,False,500,0.6646478837333278,0.35646093152506797,0.9729882933217745,-0.43198913933658756,-0.9452041762309502,0.201281457887976,False,111.72370318846862,33.733152034100186,168.11952051821712,0.5674000000000001,0.4833333333333333,0.65,Healthy,0.46876666666666666,0.16666666666666666,0.9166666666666666,0.7789666666666667,0.3,1.0,0.5274788014386814,0.2857142857142857,0.7586206896551724,10,12,Results/F1_yz/Generated_Plots_MC/F1_yz_ST_Angle_tdist.pdf,Results/F1_yz/Generated_Plots_MC/F1_yz_ST_Angle_boxplot.pdf,Results/F1_yz/Generated_Plots_MC/F1_yz_ST_Angle_roc.pdf,Results/F1_yz/Generated_Plots_MC/F1_yz_ST_Angle_cm.pdf,Results/F1_yz/Generated_Plots_MC/F1_yz_ST_Angle_p_value_mc_dist.pdf,Results/F1_yz/Generated_Plots_MC/F1_yz_ST_Angle_threshold_mc_dist.pdf,Results/F1_yz/Generated_Plots_MC/F1_yz_ST_Angle_f1_score_mc_dist.pdf
EZ_yz,T,Area,t_Area,not_equal,True,500,0.0024332210026210134,0.00047781886999490573,0.00651992022327158,-3.889913326596078,-4.61078677176887,-3.2699113835641103,True,29.122597453871666,18.37124659411498,38.22826940414451,0.9191216245791247,0.875,0.9710227272727272,Healthy,0.7862353535353537,0.6666666666666666,0.9166666666666666,0.9724222222222222,0.8888888888888888,1.0,0.8672162159525763,0.8,0.9523809523809523,10,12,Results/EZ_yz/Generated_Plots_MC/EZ_yz_T_Area_tdist.pdf,Results/EZ_yz/Generated_Plots_MC/EZ_yz_T_Area_boxplot.pdf,Results/EZ_yz/Generated_Plots_MC/EZ_yz_T_Area_roc.pdf,Results/EZ_yz/Generated_Plots_MC/EZ_yz_T_Area_cm.pdf,Results/EZ_yz/Generated_Plots_MC/EZ_yz_T_Area_p_value_mc_dist.pdf,Results/EZ_yz/Generated_Plots_MC/EZ_yz_T_Area_threshold_mc_dist.pdf,Results/EZ_yz/Generated_Plots_MC/EZ_yz_T_Area_f1_score_mc_dist.pdf
EZ_yz,T,T-Dist,t_T-Dist,not_equal,True,500,0.6903205385270949,0.27372739873383967,0.9823828201030832,0.09335371217612712,-0.9337622029247818,0.9975586734261819,False,10.923071617901751,4.605056122824106,18.951717721934553,0.5457609090909091,0.4748674242424243,0.6459848484848484,ARVC,0.6664757575757576,0.2,1.0,0.5874191919191919,0.18181818181818182,1.0,0.6029824220751309,0.3333333333333333,0.7407407407407407,10,12,Results/EZ_yz/Generated_Plots_MC/EZ_yz_T_T-Dist_tdist.pdf,Results/EZ_yz/Generated_Plots_MC/EZ_yz_T_T-Dist_boxplot.pdf,Results/EZ_yz/Generated_Plots_MC/EZ_yz_T_T-Dist_roc.pdf,Results/EZ_yz/Generated_Plots_MC/EZ_yz_T_T-Dist_cm.pdf,Results/EZ_yz/Generated_Plots_MC/EZ_yz_T_T-Dist_p_value_mc_dist.pdf,Results/EZ_yz/Generated_Plots_MC/EZ_yz_T_T-Dist_threshold_mc_dist.pdf,Results/EZ_yz/Generated_Plots_MC/EZ_yz_T_T-Dist_f1_score_mc_dist.pdf
EZ_yz,T,Compact,t_Compact,not_equal,False,500,0.02251090988576333,0.004378468051772849,0.062462551368284484,-2.571975667853219,-3.225079060316047,-1.9735065928459856,True,0.3606248650303872,0.2649490192443987,0.5237317921205533,0.8205833333333333,0.7622916666666668,0.8583333333333334,Healthy,0.8665,0.75,0.9166666666666666,0.8306000000000001,0.7,0.9,0.8623795332204028,0.782608695652174,0.9166666666666666,10,12,Results/EZ_yz/Generated_Plots_MC/EZ_yz_T_Compact_tdist.pdf,Results/EZ_yz/Generated_Plots_MC/EZ_yz_T_Compact_boxplot.pdf,Results/EZ_yz/Generated_Plots_MC/EZ_yz_T_Compact_roc.pdf,Results/EZ_yz/Generated_Plots_MC/EZ_yz_T_Compact_cm.pdf,Results/EZ_yz/Generated_Plots_MC/EZ_yz_T_Compact_p_value_mc_dist.pdf,Results/EZ_yz/Generated_Plots_MC/EZ_yz_T_Compact_threshold_mc_dist.pdf,Results/EZ_yz/Generated_Plots_MC/EZ_yz_T_Compact_f1_score_mc_dist.pdf
EZ_yz,T,Angle,t_Angle,not_equal,False,500,0.4550054895178574,0.09546048149420581,0.9580605058712196,0.833515924720945,-0.09831386081802294,1.7514404955778362,False,-95.9778079071343,-143.46923369651694,147.11597502127904,0.5744833333333333,0.4666666666666667,0.6877083333333331,ARVC,0.9230666666666667,0.5,1.0,0.4055333333333333,0.25,0.8333333333333334,0.6954823106073814,0.5555555555555556,0.7407407407407407,10,12,Results/EZ_yz/Generated_Plots_MC/EZ_yz_T_Angle_tdist.pdf,Results/EZ_yz/Generated_Plots_MC/EZ_yz_T_Angle_boxplot.pdf,Results/EZ_yz/Generated_Plots_MC/EZ_yz_T_Angle_roc.pdf,Results/EZ_yz/Generated_Plots_MC/EZ_yz_T_Angle_cm.pdf,Results/EZ_yz/Generated_Plots_MC/EZ_yz_T_Angle_p_value_mc_dist.pdf,Results/EZ_yz/Generated_Plots_MC/EZ_yz_T_Angle_threshold_mc_dist.pdf,Results/EZ_yz/Generated_Plots_MC/EZ_yz_T_Angle_f1_score_mc_dist.pdf
EZ_yz,QRS,Area,qrs_Area,not_equal,True,500,0.5538916242697365,0.14920826638771018,0.9776063750088145,-0.3464245732570324,-1.4939346930690516,1.117307232655601,False,195.87561093035944,6.881219664018118,397.7363020962041,0.5276782098765431,0.41414141414141414,0.6724999999999998,Healthy,0.4139363636363636,0.18181818181818182,1.0,0.852820202020202,0.2727272727272727,1.0,0.4915136313543005,0.3076923076923077,0.7351754385964911,10,12,Results/EZ_yz/Generated_Plots_MC/EZ_yz_QRS_Area_tdist.pdf,Results/EZ_yz/Generated_Plots_MC/EZ_yz_QRS_Area_boxplot.pdf,Results/EZ_yz/Generated_Plots_MC/EZ_yz_QRS_Area_roc.pdf,Results/EZ_yz/Generated_Plots_MC/EZ_yz_QRS_Area_cm.pdf,Results/EZ_yz/Generated_Plots_MC/EZ_yz_QRS_Area_p_value_mc_dist.pdf,Results/EZ_yz/Generated_Plots_MC/EZ_yz_QRS_Area_threshold_mc_dist.pdf,Results/EZ_yz/Generated_Plots_MC/EZ_yz_QRS_Area_f1_score_mc_dist.pdf
EZ_yz,QRS,T-Dist,qrs_T-Dist,not_equal,True,500,0.550488148592061,0.11216732061966941,0.9740174970655918,-0.23544171326404326,-1.652254886782455,1.3228367444733362,False,29.629354660282853,9.495184758249243,57.50320946851208,0.5706967797017797,0.4722222222222222,0.6875,Healthy,0.5260088744588746,0.2222222222222222,1.0,0.7743158008658009,0.2607954545454548,1.0,0.5825173385230911,0.3333333333333333,0.7857142857142857,10,12,Results/EZ_yz/Generated_Plots_MC/EZ_yz_QRS_T-Dist_tdist.pdf,Results/EZ_yz/Generated_Plots_MC/EZ_yz_QRS_T-Dist_boxplot.pdf,Results/EZ_yz/Generated_Plots_MC/EZ_yz_QRS_T-Dist_roc.pdf,Results/EZ_yz/Generated_Plots_MC/EZ_yz_QRS_T-Dist_cm.pdf,Results/EZ_yz/Generated_Plots_MC/EZ_yz_QRS_T-Dist_p_value_mc_dist.pdf,Results/EZ_yz/Generated_Plots_MC/EZ_yz_QRS_T-Dist_threshold_mc_dist.pdf,Results/EZ_yz/Generated_Plots_MC/EZ_yz_QRS_T-Dist_f1_score_mc_dist.pdf
EZ_yz,QRS,Compact,qrs_Compact,not_equal,True,500,0.3579934793501397,0.034408387673197295,0.9156288711833452,-1.0462886174733066,-2.3368606764401663,0.5694895509696032,False,0.4904671632928522,0.09878208048204914,0.8704546628877808,0.5895307323232323,0.4811458333333334,0.7314814814814815,Healthy,0.4730252525252525,0.18181818181818182,1.0,0.8669040404040405,0.3333333333333333,1.0,0.5779698339431737,0.3076923076923077,0.75,10,12,Results/EZ_yz/Generated_Plots_MC/EZ_yz_QRS_Compact_tdist.pdf,Results/EZ_yz/Generated_Plots_MC/EZ_yz_QRS_Compact_boxplot.pdf,Results/EZ_yz/Generated_Plots_MC/EZ_yz_QRS_Compact_roc.pdf,Results/EZ_yz/Generated_Plots_MC/EZ_yz_QRS_Compact_cm.pdf,Results/EZ_yz/Generated_Plots_MC/EZ_yz_QRS_Compact_p_value_mc_dist.pdf,Results/EZ_yz/Generated_Plots_MC/EZ_yz_QRS_Compact_threshold_mc_dist.pdf,Results/EZ_yz/Generated_Plots_MC/EZ_yz_QRS_Compact_f1_score_mc_dist.pdf
EZ_yz,QRS,Angle,qrs_Angle,not_equal,False,500,0.48500872447308263,0.185164386731942,0.904690304371113,0.7466980716423459,0.1117917914463549,1.3725477658330663,False,41.98911173194961,-139.6943890601423,111.6026014492439,0.5462833333333333,0.44562500000000005,0.65,ARVC,0.7232000000000001,0.6,1.0,0.582,0.3333333333333333,0.75,0.6489546716442157,0.6,0.7142857142857143,10,12,Results/EZ_yz/Generated_Plots_MC/EZ_yz_QRS_Angle_tdist.pdf,Results/EZ_yz/Generated_Plots_MC/EZ_yz_QRS_Angle_boxplot.pdf,Results/EZ_yz/Generated_Plots_MC/EZ_yz_QRS_Angle_roc.pdf,Results/EZ_yz/Generated_Plots_MC/EZ_yz_QRS_Angle_cm.pdf,Results/EZ_yz/Generated_Plots_MC/EZ_yz_QRS_Angle_p_value_mc_dist.pdf,Results/EZ_yz/Generated_Plots_MC/EZ_yz_QRS_Angle_threshold_mc_dist.pdf,Results/EZ_yz/Generated_Plots_MC/EZ_yz_QRS_Angle_f1_score_mc_dist.pdf
EZ_yz,ST,Area,st_Area,not_equal,True,500,0.44299685832977254,0.02123523524878765,0.9599956451753716,-0.4189655002910653,-2.5928208892871165,1.6365299291461242,False,14.362528431439483,-2.3379352277433227,47.14103389031525,0.5927986143177809,0.42460227272727274,0.793472222222222,Healthy,0.5775266233766233,0.21055555555555577,1.0,0.7714856421356422,0.2727272727272727,1.0,0.615558359039768,0.3333333333333333,0.8,10,12,Results/EZ_yz/Generated_Plots_MC/EZ_yz_ST_Area_tdist.pdf,Results/EZ_yz/Generated_Plots_MC/EZ_yz_ST_Area_boxplot.pdf,Results/EZ_yz/Generated_Plots_MC/EZ_yz_ST_Area_roc.pdf,Results/EZ_yz/Generated_Plots_MC/EZ_yz_ST_Area_cm.pdf,Results/EZ_yz/Generated_Plots_MC/EZ_yz_ST_Area_p_value_mc_dist.pdf,Results/EZ_yz/Generated_Plots_MC/EZ_yz_ST_Area_threshold_mc_dist.pdf,Results/EZ_yz/Generated_Plots_MC/EZ_yz_ST_Area_f1_score_mc_dist.pdf
EZ_yz,ST,T-Dist,st_T-Dist,not_equal,True,500,0.4411659791109947,0.025251019863295542,0.9623395312988294,0.12912891956461187,-2.361095484517818,2.2028524447383395,False,3.4859988128353523,-1.5079937786875381,11.897890730034204,0.603531056998557,0.45555555555555555,0.7888888888888889,ARVC,0.6304646464646464,0.2222222222222222,1.0,0.7264383116883116,0.2727272727272727,1.0,0.6335702806573875,0.36363636363636365,0.8181818181818182,10,12,Results/EZ_yz/Generated_Plots_MC/EZ_yz_ST_T-Dist_tdist.pdf,Results/EZ_yz/Generated_Plots_MC/EZ_yz_ST_T-Dist_boxplot.pdf,Results/EZ_yz/Generated_Plots_MC/EZ_yz_ST_T-Dist_roc.pdf,Results/EZ_yz/Generated_Plots_MC/EZ_yz_ST_T-Dist_cm.pdf,Results/EZ_yz/Generated_Plots_MC/EZ_yz_ST_T-Dist_p_value_mc_dist.pdf,Results/EZ_yz/Generated_Plots_MC/EZ_yz_ST_T-Dist_threshold_mc_dist.pdf,Results/EZ_yz/Generated_Plots_MC/EZ_yz_ST_T-Dist_f1_score_mc_dist.pdf
EZ_yz,ST,Compact,st_Compact,not_equal,True,500,0.5085695993753488,0.04259638950122582,0.9667891807231576,0.15158243721025177,-1.9031235450435346,2.0973760334805,False,0.34698907096666226,0.07454474237629852,0.7430783609775394,0.5865949971941639,0.462962962962963,0.7765454545454544,ARVC,0.6059448773448773,0.2,1.0,0.7152681818181817,0.25,1.0,0.6143985744486817,0.3333333333333333,0.8,10,12,Results/EZ_yz/Generated_Plots_MC/EZ_yz_ST_Compact_tdist.pdf,Results/EZ_yz/Generated_Plots_MC/EZ_yz_ST_Compact_boxplot.pdf,Results/EZ_yz/Generated_Plots_MC/EZ_yz_ST_Compact_roc.pdf,Results/EZ_yz/Generated_Plots_MC/EZ_yz_ST_Compact_cm.pdf,Results/EZ_yz/Generated_Plots_MC/EZ_yz_ST_Compact_p_value_mc_dist.pdf,Results/EZ_yz/Generated_Plots_MC/EZ_yz_ST_Compact_threshold_mc_dist.pdf,Results/EZ_yz/Generated_Plots_MC/EZ_yz_ST_Compact_f1_score_mc_dist.pdf
EZ_yz,ST,Angle,st_Angle,not_equal,False,500,0.06342572308409307,0.007466260363641144,0.24233273458058155,-2.167444898084586,-3.0115824011699797,-1.2134311809980005,False,-22.726047129553802,-40.79571756436631,-12.225143269993652,0.7645166666666666,0.6916666666666667,0.85,Healthy,0.8603333333333333,0.75,1.0,0.6908,0.5,0.8,0.8114597134477495,0.75,0.88,10,12,Results/EZ_yz/Generated_Plots_MC/EZ_yz_ST_Angle_tdist.pdf,Results/EZ_yz/Generated_Plots_MC/EZ_yz_ST_Angle_boxplot.pdf,Results/EZ_yz/Generated_Plots_MC/EZ_yz_ST_Angle_roc.pdf,Results/EZ_yz/Generated_Plots_MC/EZ_yz_ST_Angle_cm.pdf,Results/EZ_yz/Generated_Plots_MC/EZ_yz_ST_Angle_p_value_mc_dist.pdf,Results/EZ_yz/Generated_Plots_MC/EZ_yz_ST_Angle_threshold_mc_dist.pdf,Results/EZ_yz/Generated_Plots_MC/EZ_yz_ST_Angle_f1_score_mc_dist.pdf
OX_xy,T,Area,t_Area,not_equal,True,500,0.10167017631738952,0.05171357658463992,0.22262657473697964,-1.8263902625792257,-2.1853112710958307,-1.2929690654373693,False,26.097236001169417,0.9947895011457154,85.1947121605713,0.6612861832611832,0.5532386363636365,0.7453733766233764,Healthy,0.553559595959596,0.2727272727272727,1.0,0.8109642857142858,0.375,1.0,0.6217497162101147,0.42857142857142855,0.8148148148148148,8,11,Results/OX_xy/Generated_Plots_MC/OX_xy_T_Area_tdist.pdf,Results/OX_xy/Generated_Plots_MC/OX_xy_T_Area_boxplot.pdf,Results/OX_xy/Generated_Plots_MC/OX_xy_T_Area_roc.pdf,Results/OX_xy/Generated_Plots_MC/OX_xy_T_Area_cm.pdf,Results/OX_xy/Generated_Plots_MC/OX_xy_T_Area_p_value_mc_dist.pdf,Results/OX_xy/Generated_Plots_MC/OX_xy_T_Area_threshold_mc_dist.pdf,Results/OX_xy/Generated_Plots_MC/OX_xy_T_Area_f1_score_mc_dist.pdf
OX_xy,T,T-Dist,t_T-Dist,not_equal,True,500,0.005919010950600575,0.0008716117541431856,0.017964287745539678,-3.3853810804443136,-4.208444479208671,-2.68155058704928,True,13.060508124583983,9.175849417589154,16.597457350164742,0.8611506583694083,0.7840909090909091,0.9318181818181819,Healthy,0.7361196969696969,0.6363636363636364,0.9090909090909091,0.9527142857142857,0.75,1.0,0.8285240567414817,0.75,0.9090909090909091,8,11,Results/OX_xy/Generated_Plots_MC/OX_xy_T_T-Dist_tdist.pdf,Results/OX_xy/Generated_Plots_MC/OX_xy_T_T-Dist_boxplot.pdf,Results/OX_xy/Generated_Plots_MC/OX_xy_T_T-Dist_roc.pdf,Results/OX_xy/Generated_Plots_MC/OX_xy_T_T-Dist_cm.pdf,Results/OX_xy/Generated_Plots_MC/OX_xy_T_T-Dist_p_value_mc_dist.pdf,Results/OX_xy/Generated_Plots_MC/OX_xy_T_T-Dist_threshold_mc_dist.pdf,Results/OX_xy/Generated_Plots_MC/OX_xy_T_T-Dist_f1_score_mc_dist.pdf
OX_xy,T,Compact,t_Compact,not_equal,False,500,0.2694624556509385,0.1146846389851273,0.5147203028713829,1.2071277652587338,0.6714074955194903,1.7257519227345366,False,0.41759526766715965,0.11290644892370243,0.5813781573619397,0.6395227272727273,0.5681818181818181,0.7272727272727273,ARVC,0.56375,0.375,0.875,0.8212727272727273,0.45454545454545453,1.0,0.6181891948780494,0.5,0.7102941176470586,8,11,Results/OX_xy/Generated_Plots_MC/OX_xy_T_Compact_tdist.pdf,Results/OX_xy/Generated_Plots_MC/OX_xy_T_Compact_boxplot.pdf,Results/OX_xy/Generated_Plots_MC/OX_xy_T_Compact_roc.pdf,Results/OX_xy/Generated_Plots_MC/OX_xy_T_Compact_cm.pdf,Results/OX_xy/Generated_Plots_MC/OX_xy_T_Compact_p_value_mc_dist.pdf,Results/OX_xy/Generated_Plots_MC/OX_xy_T_Compact_threshold_mc_dist.pdf,Results/OX_xy/Generated_Plots_MC/OX_xy_T_Compact_f1_score_mc_dist.pdf
OX_xy,T,Angle,t_Angle,not_equal,False,500,0.2760672216476447,0.07697776318951037,0.7615583564285293,-1.2204565595259447,-1.8834548636429902,-0.30881555969666596,False,129.83376668559248,120.50551513743171,136.04985064158825,0.6350681818181818,0.5454545454545454,0.7272727272727273,Healthy,0.46381818181818174,0.36363636363636365,0.5454545454545454,0.9895,0.875,1.0,0.6282899977215766,0.5333333333333333,0.7058823529411765,8,11,Results/OX_xy/Generated_Plots_MC/OX_xy_T_Angle_tdist.pdf,Results/OX_xy/Generated_Plots_MC/OX_xy_T_Angle_boxplot.pdf,Results/OX_xy/Generated_Plots_MC/OX_xy_T_Angle_roc.pdf,Results/OX_xy/Generated_Plots_MC/OX_xy_T_Angle_cm.pdf,Results/OX_xy/Generated_Plots_MC/OX_xy_T_Angle_p_value_mc_dist.pdf,Results/OX_xy/Generated_Plots_MC/OX_xy_T_Angle_threshold_mc_dist.pdf,Results/OX_xy/Generated_Plots_MC/OX_xy_T_Angle_f1_score_mc_dist.pdf
OX_xy,QRS,Area,qrs_Area,not_equal,True,500,0.4863564257761541,0.004359386490390302,0.9717114185610375,-0.8054409562539859,-3.4274868690335394,0.8581777244061105,False,8.668085853411606,0.8650245724932644,33.43797482589312,0.6407540043290044,0.3857142857142857,0.9029220779220776,Healthy,0.7217005772005773,0.2727272727272727,1.0,0.7013015873015872,0.42857142857142855,1.0,0.7266898299457083,0.4,0.894722222222222,8,11,Results/OX_xy/Generated_Plots_MC/OX_xy_QRS_Area_tdist.pdf,Results/OX_xy/Generated_Plots_MC/OX_xy_QRS_Area_boxplot.pdf,Results/OX_xy/Generated_Plots_MC/OX_xy_QRS_Area_roc.pdf,Results/OX_xy/Generated_Plots_MC/OX_xy_QRS_Area_cm.pdf,Results/OX_xy/Generated_Plots_MC/OX_xy_QRS_Area_p_value_mc_dist.pdf,Results/OX_xy/Generated_Plots_MC/OX_xy_QRS_Area_threshold_mc_dist.pdf,Results/OX_xy/Generated_Plots_MC/OX_xy_QRS_Area_f1_score_mc_dist.pdf
OX_xy,QRS,T-Dist,qrs_T-Dist,not_equal,True,500,0.6775071693938847,0.24765845802236627,0.9795552215716858,0.1608921131682523,-0.9589766691676547,1.1488051802179569,False,25.463005621305605,5.012420155028817,46.959462715953045,0.554098532948533,0.4772727272727273,0.6500000000000001,ARVC,0.5315823953823954,0.18181818181818182,0.9090909090909091,0.7477597402597402,0.2607954545454548,1.0,0.5692485510824358,0.3076923076923077,0.75,8,11,Results/OX_xy/Generated_Plots_MC/OX_xy_QRS_T-Dist_tdist.pdf,Results/OX_xy/Generated_Plots_MC/OX_xy_QRS_T-Dist_boxplot.pdf,Results/OX_xy/Generated_Plots_MC/OX_xy_QRS_T-Dist_roc.pdf,Results/OX_xy/Generated_Plots_MC/OX_xy_QRS_T-Dist_cm.pdf,Results/OX_xy/Generated_Plots_MC/OX_xy_QRS_T-Dist_p_value_mc_dist.pdf,Results/OX_xy/Generated_Plots_MC/OX_xy_QRS_T-Dist_threshold_mc_dist.pdf,Results/OX_xy/Generated_Plots_MC/OX_xy_QRS_T-Dist_f1_score_mc_dist.pdf
OX_xy,QRS,Compact,qrs_Compact,not_equal,True,500,0.4488290214471126,0.025671579005849647,0.9548247856322049,-0.7744658714615689,-2.5394353089791157,0.9465067048492445,False,0.17038854123528932,0.02150045561111407,0.4263737766139702,0.6101502525252525,0.4722222222222222,0.8041666666666666,Healthy,0.5845314574314574,0.2,1.0,0.7658183982683983,0.25,1.0,0.6301333534215793,0.3333333333333333,0.8333333333333334,8,11,Results/OX_xy/Generated_Plots_MC/OX_xy_QRS_Compact_tdist.pdf,Results/OX_xy/Generated_Plots_MC/OX_xy_QRS_Compact_boxplot.pdf,Results/OX_xy/Generated_Plots_MC/OX_xy_QRS_Compact_roc.pdf,Results/OX_xy/Generated_Plots_MC/OX_xy_QRS_Compact_cm.pdf,Results/OX_xy/Generated_Plots_MC/OX_xy_QRS_Compact_p_value_mc_dist.pdf,Results/OX_xy/Generated_Plots_MC/OX_xy_QRS_Compact_threshold_mc_dist.pdf,Results/OX_xy/Generated_Plots_MC/OX_xy_QRS_Compact_f1_score_mc_dist.pdf
OX_xy,QRS,Angle,qrs_Angle,not_equal,False,500,0.023550813859502362,0.008515422647892975,0.07082658691362965,-2.7448250804749477,-3.2521354095128685,-2.0172141237341794,True,-6.255343119578623,-40.64701376774878,110.50901731024425,0.6837954545454545,0.5568181818181818,0.7954545454545454,Healthy,0.5489090909090908,0.45454545454545453,0.6363636363636364,0.99225,0.875,1.0,0.7035664430684554,0.625,0.7777777777777778,8,11,Results/OX_xy/Generated_Plots_MC/OX_xy_QRS_Angle_tdist.pdf,Results/OX_xy/Generated_Plots_MC/OX_xy_QRS_Angle_boxplot.pdf,Results/OX_xy/Generated_Plots_MC/OX_xy_QRS_Angle_roc.pdf,Results/OX_xy/Generated_Plots_MC/OX_xy_QRS_Angle_cm.pdf,Results/OX_xy/Generated_Plots_MC/OX_xy_QRS_Angle_p_value_mc_dist.pdf,Results/OX_xy/Generated_Plots_MC/OX_xy_QRS_Angle_threshold_mc_dist.pdf,Results/OX_xy/Generated_Plots_MC/OX_xy_QRS_Angle_f1_score_mc_dist.pdf
OX_xy,ST,Area,st_Area,not_equal,True,500,0.0993578341866695,0.0006764289299137282,0.6758084499730325,-2.4808762885525804,-4.811863105160003,-0.39779916668983856,False,7.611463813981012,1.3892368768453434,15.277710944829149,0.786197107984608,0.575,0.9824537037037037,Healthy,0.7221732323232323,0.4,1.0,0.8906006493506493,0.5,1.0,0.791644169968219,0.5714285714285714,0.9523809523809523,8,11,Results/OX_xy/Generated_Plots_MC/OX_xy_ST_Area_tdist.pdf,Results/OX_xy/Generated_Plots_MC/OX_xy_ST_Area_boxplot.pdf,Results/OX_xy/Generated_Plots_MC/OX_xy_ST_Area_roc.pdf,Results/OX_xy/Generated_Plots_MC/OX_xy_ST_Area_cm.pdf,Results/OX_xy/Generated_Plots_MC/OX_xy_ST_Area_p_value_mc_dist.pdf,Results/OX_xy/Generated_Plots_MC/OX_xy_ST_Area_threshold_mc_dist.pdf,Results/OX_xy/Generated_Plots_MC/OX_xy_ST_Area_f1_score_mc_dist.pdf
OX_xy,ST,T-Dist,st_T-Dist,not_equal,True,500,0.23600832161787413,0.001521996303811874,0.897177841675758,-1.7015822421670186,-4.046873352591908,0.4164346096319857,False,4.907581054847587,0.8502955005967743,10.026266401971496,0.7037806547619048,0.5,0.9363433441558441,Healthy,0.6842879509379509,0.3,1.0,0.8107789321789322,0.375,1.0,0.734206720156498,0.46153846153846156,0.9333333333333333,8,11,Results/OX_xy/Generated_Plots_MC/OX_xy_ST_T-Dist_tdist.pdf,Results/OX_xy/Generated_Plots_MC/OX_xy_ST_T-Dist_boxplot.pdf,Results/OX_xy/Generated_Plots_MC/OX_xy_ST_T-Dist_roc.pdf,Results/OX_xy/Generated_Plots_MC/OX_xy_ST_T-Dist_cm.pdf,Results/OX_xy/Generated_Plots_MC/OX_xy_ST_T-Dist_p_value_mc_dist.pdf,Results/OX_xy/Generated_Plots_MC/OX_xy_ST_T-Dist_threshold_mc_dist.pdf,Results/OX_xy/Generated_Plots_MC/OX_xy_ST_T-Dist_f1_score_mc_dist.pdf
OX_xy,ST,Compact,st_Compact,not_equal,True,500,0.16586248223905148,0.00014130286464566363,0.894009123001097,-2.270781671172041,-5.363602535692461,0.07316574189667505,False,0.29129971561422685,0.1286941819436513,0.5239447472739631,0.771201492905243,0.5340909090909091,0.9827678571428572,Healthy,0.7498505772005771,0.36363636363636365,1.0,0.8277500721500722,0.5,1.0,0.7875619134074323,0.5333333333333333,0.9545548654244306,8,11,Results/OX_xy/Generated_Plots_MC/OX_xy_ST_Compact_tdist.pdf,Results/OX_xy/Generated_Plots_MC/OX_xy_ST_Compact_boxplot.pdf,Results/OX_xy/Generated_Plots_MC/OX_xy_ST_Compact_roc.pdf,Results/OX_xy/Generated_Plots_MC/OX_xy_ST_Compact_cm.pdf,Results/OX_xy/Generated_Plots_MC/OX_xy_ST_Compact_p_value_mc_dist.pdf,Results/OX_xy/Generated_Plots_MC/OX_xy_ST_Compact_threshold_mc_dist.pdf,Results/OX_xy/Generated_Plots_MC/OX_xy_ST_Compact_f1_score_mc_dist.pdf
OX_xy,ST,Angle,st_Angle,not_equal,False,500,0.4510080290522131,0.08221712747516305,0.950949838156183,0.849708615435668,-0.07788494397493079,1.8566256875983953,False,70.95201313628506,-52.06940254639127,139.44560746672923,0.5895454545454545,0.4485795454545456,0.7159090909090909,ARVC,0.7737727272727273,0.5,0.9568181818181798,0.577590909090909,0.25,0.9090909090909091,0.6579367971611004,0.5333333333333333,0.7778846153846151,8,11,Results/OX_xy/Generated_Plots_MC/OX_xy_ST_Angle_tdist.pdf,Results/OX_xy/Generated_Plots_MC/OX_xy_ST_Angle_boxplot.pdf,Results/OX_xy/Generated_Plots_MC/OX_xy_ST_Angle_roc.pdf,Results/OX_xy/Generated_Plots_MC/OX_xy_ST_Angle_cm.pdf,Results/OX_xy/Generated_Plots_MC/OX_xy_ST_Angle_p_value_mc_dist.pdf,Results/OX_xy/Generated_Plots_MC/OX_xy_ST_Angle_threshold_mc_dist.pdf,Results/OX_xy/Generated_Plots_MC/OX_xy_ST_Angle_f1_score_mc_dist.pdf
OW_yz,T,Area,t_Area,not_equal,True,500,0.004829977084913273,0.001999855590758125,0.01083086732459525,-3.6456519691371,-4.133520567170301,-3.1145843679542438,True,9.089741106994596,4.919332833395714,15.950076356683864,0.9372299182299182,0.8441558441558442,1.0,Healthy,0.8755151515151514,0.7272727272727273,1.0,0.9910476190476191,0.875,1.0,0.9292754425589667,0.8421052631578947,1.0,9,12,Results/OW_yz/Generated_Plots_MC/OW_yz_T_Area_tdist.pdf,Results/OW_yz/Generated_Plots_MC/OW_yz_T_Area_boxplot.pdf,Results/OW_yz/Generated_Plots_MC/OW_yz_T_Area_roc.pdf,Results/OW_yz/Generated_Plots_MC/OW_yz_T_Area_cm.pdf,Results/OW_yz/Generated_Plots_MC/OW_yz_T_Area_p_value_mc_dist.pdf,Results/OW_yz/Generated_Plots_MC/OW_yz_T_Area_threshold_mc_dist.pdf,Results/OW_yz/Generated_Plots_MC/OW_yz_T_Area_f1_score_mc_dist.pdf
OW_yz,T,T-Dist,t_T-Dist,not_equal,True,500,0.03549100778811484,0.00443428420286426,0.133268035892647,-2.542623261562645,-3.4462427221944205,-1.614593932020054,True,8.381088201101253,5.715112654056393,12.414734328398534,0.7456669071669072,0.6031723484848485,0.875,Healthy,0.6277,0.4166666666666667,0.8333333333333334,0.9491111111111111,0.6666666666666666,1.0,0.7488208302250986,0.5882352941176471,0.9090909090909091,9,12,Results/OW_yz/Generated_Plots_MC/OW_yz_T_T-Dist_tdist.pdf,Results/OW_yz/Generated_Plots_MC/OW_yz_T_T-Dist_boxplot.pdf,Results/OW_yz/Generated_Plots_MC/OW_yz_T_T-Dist_roc.pdf,Results/OW_yz/Generated_Plots_MC/OW_yz_T_T-Dist_cm.pdf,Results/OW_yz/Generated_Plots_MC/OW_yz_T_T-Dist_p_value_mc_dist.pdf,Results/OW_yz/Generated_Plots_MC/OW_yz_T_T-Dist_threshold_mc_dist.pdf,Results/OW_yz/Generated_Plots_MC/OW_yz_T_T-Dist_f1_score_mc_dist.pdf
OW_yz,T,Compact,t_Compact,not_equal,False,500,0.06999474722121994,0.004086932138556899,0.23143213242708346,-2.149859766456878,-3.3140319816448343,-1.2483362789624441,False,0.28795758000189076,0.15683975404565167,0.5333376082895708,0.7914444444444444,0.6988425925925927,0.8888888888888888,Healthy,0.8585,0.5833333333333334,1.0,0.7431111111111111,0.5555555555555556,0.8888888888888888,0.8338879602378854,0.7,0.9230769230769231,9,12,Results/OW_yz/Generated_Plots_MC/OW_yz_T_Compact_tdist.pdf,Results/OW_yz/Generated_Plots_MC/OW_yz_T_Compact_boxplot.pdf,Results/OW_yz/Generated_Plots_MC/OW_yz_T_Compact_roc.pdf,Results/OW_yz/Generated_Plots_MC/OW_yz_T_Compact_cm.pdf,Results/OW_yz/Generated_Plots_MC/OW_yz_T_Compact_p_value_mc_dist.pdf,Results/OW_yz/Generated_Plots_MC/OW_yz_T_Compact_threshold_mc_dist.pdf,Results/OW_yz/Generated_Plots_MC/OW_yz_T_Compact_f1_score_mc_dist.pdf
OW_yz,T,Angle,t_Angle,not_equal,False,500,0.3527813994733153,0.18049316744276353,0.6360895457301138,-0.9801487438003799,-1.3903628848543084,-0.48221167465510584,False,-102.10428648301009,-146.60356669404345,141.6222602160538,0.6402407407407408,0.5833333333333333,0.6851851851851852,Healthy,0.8086666666666666,0.4166666666666667,1.0,0.5157777777777778,0.3333333333333333,0.8888888888888888,0.7339314231074627,0.5555555555555556,0.8,9,12,Results/OW_yz/Generated_Plots_MC/OW_yz_T_Angle_tdist.pdf,Results/OW_yz/Generated_Plots_MC/OW_yz_T_Angle_boxplot.pdf,Results/OW_yz/Generated_Plots_MC/OW_yz_T_Angle_roc.pdf,Results/OW_yz/Generated_Plots_MC/OW_yz_T_Angle_cm.pdf,Results/OW_yz/Generated_Plots_MC/OW_yz_T_Angle_p_value_mc_dist.pdf,Results/OW_yz/Generated_Plots_MC/OW_yz_T_Angle_threshold_mc_dist.pdf,Results/OW_yz/Generated_Plots_MC/OW_yz_T_Angle_f1_score_mc_dist.pdf
OW_yz,QRS,Area,qrs_Area,not_equal,True,500,0.07730694814159478,0.016292685753422232,0.39614475590736853,-2.1578715649184006,-2.8815024253293036,-0.8765009566504091,False,38.963892371208146,19.264991259986427,137.1822880571948,0.7532467953342953,0.6142392676767677,0.8857142857142858,Healthy,0.6684848484848485,0.4,0.8181818181818182,0.927313492063492,0.6666666666666666,1.0,0.7710555613438774,0.5714285714285714,0.9,9,12,Results/OW_yz/Generated_Plots_MC/OW_yz_QRS_Area_tdist.pdf,Results/OW_yz/Generated_Plots_MC/OW_yz_QRS_Area_boxplot.pdf,Results/OW_yz/Generated_Plots_MC/OW_yz_QRS_Area_roc.pdf,Results/OW_yz/Generated_Plots_MC/OW_yz_QRS_Area_cm.pdf,Results/OW_yz/Generated_Plots_MC/OW_yz_QRS_Area_p_value_mc_dist.pdf,Results/OW_yz/Generated_Plots_MC/OW_yz_QRS_Area_threshold_mc_dist.pdf,Results/OW_yz/Generated_Plots_MC/OW_yz_QRS_Area_f1_score_mc_dist.pdf
OW_yz,QRS,T-Dist,qrs_T-Dist,not_equal,True,500,0.08127405505725639,0.0002129714256274287,0.4338375185864489,-2.7362182157514634,-4.874686974476779,-0.8128070945535141,False,11.861241088092484,8.488537257024666,16.520478017182075,0.8469753968253968,0.6989062500000001,0.9761904761904763,Healthy,0.9445151515151515,0.7129545454545457,1.0,0.7696666666666666,0.625,1.0,0.8974955096506073,0.782608695652174,0.96,9,12,Results/OW_yz/Generated_Plots_MC/OW_yz_QRS_T-Dist_tdist.pdf,Results/OW_yz/Generated_Plots_MC/OW_yz_QRS_T-Dist_boxplot.pdf,Results/OW_yz/Generated_Plots_MC/OW_yz_QRS_T-Dist_roc.pdf,Results/OW_yz/Generated_Plots_MC/OW_yz_QRS_T-Dist_cm.pdf,Results/OW_yz/Generated_Plots_MC/OW_yz_QRS_T-Dist_p_value_mc_dist.pdf,Results/OW_yz/Generated_Plots_MC/OW_yz_QRS_T-Dist_threshold_mc_dist.pdf,Results/OW_yz/Generated_Plots_MC/OW_yz_QRS_T-Dist_f1_score_mc_dist.pdf
OW_yz,QRS,Compact,qrs_Compact,not_equal,True,500,0.5948488205776041,0.13357082814488824,0.987019378882115,0.3379374964451401,-1.2412743922483682,1.4118591061633974,False,0.6549460841325548,0.12825305494097017,1.1444042047545793,0.555557245069745,0.4637626262626263,0.6767676767676768,ARVC,0.5017555555555555,0.2222222222222222,1.0,0.78600772005772,0.25,1.0,0.5600539770010757,0.36363636363636365,0.7857142857142857,9,12,Results/OW_yz/Generated_Plots_MC/OW_yz_QRS_Compact_tdist.pdf,Results/OW_yz/Generated_Plots_MC/OW_yz_QRS_Compact_boxplot.pdf,Results/OW_yz/Generated_Plots_MC/OW_yz_QRS_Compact_roc.pdf,Results/OW_yz/Generated_Plots_MC/OW_yz_QRS_Compact_cm.pdf,Results/OW_yz/Generated_Plots_MC/OW_yz_QRS_Compact_p_value_mc_dist.pdf,Results/OW_yz/Generated_Plots_MC/OW_yz_QRS_Compact_threshold_mc_dist.pdf,Results/OW_yz/Generated_Plots_MC/OW_yz_QRS_Compact_f1_score_mc_dist.pdf
OW_yz,QRS,Angle,qrs_Angle,not_equal,False,500,0.5371689033239763,0.3464892934150523,0.7576596281881836,0.6389259641137248,0.3137563717346531,0.9673823672532043,False,-117.26934985671677,-142.25777486058473,-83.14574326834995,0.635888888888889,0.5648148148148149,0.6944444444444445,ARVC,0.7582222222222222,0.5555555555555556,0.8888888888888888,0.6138333333333333,0.4166666666666667,0.75,0.665662108452562,0.5882352941176471,0.7368421052631579,9,12,Results/OW_yz/Generated_Plots_MC/OW_yz_QRS_Angle_tdist.pdf,Results/OW_yz/Generated_Plots_MC/OW_yz_QRS_Angle_boxplot.pdf,Results/OW_yz/Generated_Plots_MC/OW_yz_QRS_Angle_roc.pdf,Results/OW_yz/Generated_Plots_MC/OW_yz_QRS_Angle_cm.pdf,Results/OW_yz/Generated_Plots_MC/OW_yz_QRS_Angle_p_value_mc_dist.pdf,Results/OW_yz/Generated_Plots_MC/OW_yz_QRS_Angle_threshold_mc_dist.pdf,Results/OW_yz/Generated_Plots_MC/OW_yz_QRS_Angle_f1_score_mc_dist.pdf
OW_yz,ST,Area,st_Area,not_equal,True,500,0.26659080961189663,0.005986617918974235,0.9379487618944988,-1.5061787029773486,-3.4200319510100585,0.5452761699047464,False,12.845239045282385,1.1610975902467926,46.182949558251366,0.678481145983646,0.45502525252525255,0.8934253246753247,Healthy,0.6157284992784993,0.2607954545454548,1.0,0.8856869408369409,0.44924242424242433,1.0,0.70874215941385,0.41357142857142887,0.9,9,12,Results/OW_yz/Generated_Plots_MC/OW_yz_ST_Area_tdist.pdf,Results/OW_yz/Generated_Plots_MC/OW_yz_ST_Area_boxplot.pdf,Results/OW_yz/Generated_Plots_MC/OW_yz_ST_Area_roc.pdf,Results/OW_yz/Generated_Plots_MC/OW_yz_ST_Area_cm.pdf,Results/OW_yz/Generated_Plots_MC/OW_yz_ST_Area_p_value_mc_dist.pdf,Results/OW_yz/Generated_Plots_MC/OW_yz_ST_Area_threshold_mc_dist.pdf,Results/OW_yz/Generated_Plots_MC/OW_yz_ST_Area_f1_score_mc_dist.pdf
OW_yz,ST,T-Dist,st_T-Dist,not_equal,True,500,0.3821327750725801,0.010706480113428132,0.9578635475795905,-0.5816825124469827,-2.9854130227168656,1.70719891968809,False,3.9258229945209258,-0.5217072220918463,11.649490659552315,0.6120854447250281,0.4607070707070708,0.8222098214285714,Healthy,0.609248556998557,0.25,1.0,0.7757796536796536,0.2727272727272727,1.0,0.6390450911371642,0.3809090909090913,0.8421052631578947,9,12,Results/OW_yz/Generated_Plots_MC/OW_yz_ST_T-Dist_tdist.pdf,Results/OW_yz/Generated_Plots_MC/OW_yz_ST_T-Dist_boxplot.pdf,Results/OW_yz/Generated_Plots_MC/OW_yz_ST_T-Dist_roc.pdf,Results/OW_yz/Generated_Plots_MC/OW_yz_ST_T-Dist_cm.pdf,Results/OW_yz/Generated_Plots_MC/OW_yz_ST_T-Dist_p_value_mc_dist.pdf,Results/OW_yz/Generated_Plots_MC/OW_yz_ST_T-Dist_threshold_mc_dist.pdf,Results/OW_yz/Generated_Plots_MC/OW_yz_ST_T-Dist_f1_score_mc_dist.pdf
OW_yz,ST,Compact,st_Compact,not_equal,True,500,0.4574686632079371,0.012858923526273124,0.9824605863873986,-0.7438079520807649,-2.856815926163024,0.9573061187141713,False,0.39829230225601764,0.09786509434573344,0.8111167214919894,0.6159088884880553,0.46765625000000005,0.8222098214285715,Healthy,0.6165495670995671,0.2222222222222222,1.0,0.7470231601731602,0.25,1.0,0.649760404000405,0.36363636363636365,0.8571428571428571,9,12,Results/OW_yz/Generated_Plots_MC/OW_yz_ST_Compact_tdist.pdf,Results/OW_yz/Generated_Plots_MC/OW_yz_ST_Compact_boxplot.pdf,Results/OW_yz/Generated_Plots_MC/OW_yz_ST_Compact_roc.pdf,Results/OW_yz/Generated_Plots_MC/OW_yz_ST_Compact_cm.pdf,Results/OW_yz/Generated_Plots_MC/OW_yz_ST_Compact_p_value_mc_dist.pdf,Results/OW_yz/Generated_Plots_MC/OW_yz_ST_Compact_threshold_mc_dist.pdf,Results/OW_yz/Generated_Plots_MC/OW_yz_ST_Compact_f1_score_mc_dist.pdf
OW_yz,ST,Angle,st_Angle,not_equal,False,500,0.39933838950414624,0.15250474660859142,0.7764796474624186,0.9080674211062479,0.28852713063036417,1.507518533758813,False,94.52511352729185,4.595144688275709,147.9645622641638,0.5519814814814815,0.46296296296296297,0.6481481481481481,ARVC,0.3825,0.2222222222222222,0.8888888888888888,0.859111111111111,0.3333333333333333,1.0,0.44813333173489583,0.36363636363636365,0.6666666666666666,9,12,Results/OW_yz/Generated_Plots_MC/OW_yz_ST_Angle_tdist.pdf,Results/OW_yz/Generated_Plots_MC/OW_yz_ST_Angle_boxplot.pdf,Results/OW_yz/Generated_Plots_MC/OW_yz_ST_Angle_roc.pdf,Results/OW_yz/Generated_Plots_MC/OW_yz_ST_Angle_cm.pdf,Results/OW_yz/Generated_Plots_MC/OW_yz_ST_Angle_p_value_mc_dist.pdf,Results/OW_yz/Generated_Plots_MC/OW_yz_ST_Angle_threshold_mc_dist.pdf,Results/OW_yz/Generated_Plots_MC/OW_yz_ST_Angle_f1_score_mc_dist.pdf
OO_yz,T,Area,t_Area,not_equal,True,500,0.06401128638503302,0.034274003275894804,0.1296021410450117,-2.084290375898074,-2.3961958308223434,-1.622611368061689,False,37.43626340588131,23.30029377310162,103.44561649702963,0.6939855218855219,0.6181818181818182,0.7592592592592592,Healthy,0.5047878787878788,0.3333333333333333,0.6666666666666666,0.9478888888888889,0.7,1.0,0.6464010774273691,0.5,0.7619047619047619,10,12,Results/OO_yz/Generated_Plots_MC/OO_yz_T_Area_tdist.pdf,Results/OO_yz/Generated_Plots_MC/OO_yz_T_Area_boxplot.pdf,Results/OO_yz/Generated_Plots_MC/OO_yz_T_Area_roc.pdf,Results/OO_yz/Generated_Plots_MC/OO_yz_T_Area_cm.pdf,Results/OO_yz/Generated_Plots_MC/OO_yz_T_Area_p_value_mc_dist.pdf,Results/OO_yz/Generated_Plots_MC/OO_yz_T_Area_threshold_mc_dist.pdf,Results/OO_yz/Generated_Plots_MC/OO_yz_T_Area_f1_score_mc_dist.pdf
OO_yz,T,T-Dist,t_T-Dist,not_equal,True,500,0.18196178916551317,0.027823546460141325,0.5144269810002423,-1.5245657204620748,-2.4165301465640123,-0.6661666106136714,False,12.596113097231557,7.495294140913708,15.609500294807615,0.6309174663299664,0.5083333333333333,0.7588194444444444,Healthy,0.46968484848484854,0.2895833333333342,0.7937499999999982,0.944038888888889,0.6118750000000003,1.0,0.6128182385369624,0.4335294117647066,0.7692307692307693,10,12,Results/OO_yz/Generated_Plots_MC/OO_yz_T_T-Dist_tdist.pdf,Results/OO_yz/Generated_Plots_MC/OO_yz_T_T-Dist_boxplot.pdf,Results/OO_yz/Generated_Plots_MC/OO_yz_T_T-Dist_roc.pdf,Results/OO_yz/Generated_Plots_MC/OO_yz_T_T-Dist_cm.pdf,Results/OO_yz/Generated_Plots_MC/OO_yz_T_T-Dist_p_value_mc_dist.pdf,Results/OO_yz/Generated_Plots_MC/OO_yz_T_T-Dist_threshold_mc_dist.pdf,Results/OO_yz/Generated_Plots_MC/OO_yz_T_T-Dist_f1_score_mc_dist.pdf
OO_yz,T,Compact,t_Compact,not_equal,False,500,0.6614805982360851,0.3118344110109381,0.9703995777254972,-0.43656668029427675,-1.0385403918947065,0.17357526124417155,False,0.542238627200647,0.14844479273073563,1.1223621339313108,0.5552166666666667,0.4916666666666667,0.6377083333333331,Healthy,0.5852,0.16666666666666666,0.9166666666666666,0.6528666666666667,0.3,1.0,0.5913183372795645,0.2857142857142857,0.7586206896551724,10,12,Results/OO_yz/Generated_Plots_MC/OO_yz_T_Compact_tdist.pdf,Results/OO_yz/Generated_Plots_MC/OO_yz_T_Compact_boxplot.pdf,Results/OO_yz/Generated_Plots_MC/OO_yz_T_Compact_roc.pdf,Results/OO_yz/Generated_Plots_MC/OO_yz_T_Compact_cm.pdf,Results/OO_yz/Generated_Plots_MC/OO_yz_T_Compact_p_value_mc_dist.pdf,Results/OO_yz/Generated_Plots_MC/OO_yz_T_Compact_threshold_mc_dist.pdf,Results/OO_yz/Generated_Plots_MC/OO_yz_T_Compact_f1_score_mc_dist.pdf
OO_yz,T,Angle,t_Angle,not_equal,False,500,0.7740403802558649,0.42499869646922467,0.9879661778038336,-0.1240386812035211,-0.7591364516355195,0.56494708672782,False,-89.74684881153732,-171.09589340426518,137.08863915002453,0.53025,0.45833333333333337,0.6043749999999998,Healthy,0.6914333333333333,0.16666666666666666,1.0,0.5479666666666667,0.16666666666666666,1.0,0.6369932491005673,0.2857142857142857,0.7407407407407407,10,12,Results/OO_yz/Generated_Plots_MC/OO_yz_T_Angle_tdist.pdf,Results/OO_yz/Generated_Plots_MC/OO_yz_T_Angle_boxplot.pdf,Results/OO_yz/Generated_Plots_MC/OO_yz_T_Angle_roc.pdf,Results/OO_yz/Generated_Plots_MC/OO_yz_T_Angle_cm.pdf,Results/OO_yz/Generated_Plots_MC/OO_yz_T_Angle_p_value_mc_dist.pdf,Results/OO_yz/Generated_Plots_MC/OO_yz_T_Angle_threshold_mc_dist.pdf,Results/OO_yz/Generated_Plots_MC/OO_yz_T_Angle_f1_score_mc_dist.pdf
OO_yz,QRS,Area,qrs_Area,not_equal,True,500,0.10910783113924297,0.015747168175212503,0.531002421554065,-1.942832400452189,-2.785773471494354,-0.6394321652919209,False,113.88102677757466,38.350109627955035,210.70721017616276,0.6705868181818182,0.5502525252525253,0.7663352272727271,Healthy,0.5288323232323232,0.34772727272727305,0.739204545454545,0.9171277777777779,0.6666666666666666,1.0,0.6586745377866376,0.5,0.7737179487179485,10,12,Results/OO_yz/Generated_Plots_MC/OO_yz_QRS_Area_tdist.pdf,Results/OO_yz/Generated_Plots_MC/OO_yz_QRS_Area_boxplot.pdf,Results/OO_yz/Generated_Plots_MC/OO_yz_QRS_Area_roc.pdf,Results/OO_yz/Generated_Plots_MC/OO_yz_QRS_Area_cm.pdf,Results/OO_yz/Generated_Plots_MC/OO_yz_QRS_Area_p_value_mc_dist.pdf,Results/OO_yz/Generated_Plots_MC/OO_yz_QRS_Area_threshold_mc_dist.pdf,Results/OO_yz/Generated_Plots_MC/OO_yz_QRS_Area_f1_score_mc_dist.pdf
OO_yz,QRS,T-Dist,qrs_T-Dist,not_equal,True,500,0.05991315922734874,0.0005026147570696718,0.45624347335528187,-2.754358897761436,-4.3269997205414175,-0.7690386979072529,False,16.49188501507185,9.605884006088282,27.277399088210604,0.8172164983164982,0.6684659090909092,0.9270833333333333,Healthy,0.8307489898989898,0.5215909090909095,1.0,0.7836666666666666,0.5,1.0,0.8322150634524443,0.6666666666666666,0.9166666666666666,10,12,Results/OO_yz/Generated_Plots_MC/OO_yz_QRS_T-Dist_tdist.pdf,Results/OO_yz/Generated_Plots_MC/OO_yz_QRS_T-Dist_boxplot.pdf,Results/OO_yz/Generated_Plots_MC/OO_yz_QRS_T-Dist_roc.pdf,Results/OO_yz/Generated_Plots_MC/OO_yz_QRS_T-Dist_cm.pdf,Results/OO_yz/Generated_Plots_MC/OO_yz_QRS_T-Dist_p_value_mc_dist.pdf,Results/OO_yz/Generated_Plots_MC/OO_yz_QRS_T-Dist_threshold_mc_dist.pdf,Results/OO_yz/Generated_Plots_MC/OO_yz_QRS_T-Dist_f1_score_mc_dist.pdf
OO_yz,QRS,Compact,qrs_Compact,not_equal,True,500,0.63418850642639,0.11961645072666734,0.9831806186640929,0.12193819524865451,-1.2407033764984075,1.5696584126129811,False,0.5129267363215737,0.057841406881968066,1.169680663992738,0.5593374350649352,0.4605324074074075,0.7,ARVC,0.6110959595959596,0.16666666666666666,1.0,0.672608585858586,0.25,1.0,0.5888816585635404,0.2857142857142857,0.75,10,12,Results/OO_yz/Generated_Plots_MC/OO_yz_QRS_Compact_tdist.pdf,Results/OO_yz/Generated_Plots_MC/OO_yz_QRS_Compact_boxplot.pdf,Results/OO_yz/Generated_Plots_MC/OO_yz_QRS_Compact_roc.pdf,Results/OO_yz/Generated_Plots_MC/OO_yz_QRS_Compact_cm.pdf,Results/OO_yz/Generated_Plots_MC/OO_yz_QRS_Compact_p_value_mc_dist.pdf,Results/OO_yz/Generated_Plots_MC/OO_yz_QRS_Compact_threshold_mc_dist.pdf,Results/OO_yz/Generated_Plots_MC/OO_yz_QRS_Compact_f1_score_mc_dist.pdf
OO_yz,QRS,Angle,qrs_Angle,not_equal,False,500,0.6906494715078211,0.3296070920256536,0.9840033044471261,0.22873912967361326,-0.6317479773092471,1.0091537250713467,False,-101.67864325687697,-171.515881243855,32.69306254815825,0.5519166666666667,0.4666666666666667,0.6333333333333333,ARVC,0.6612666666666667,0.25,1.0,0.5585,0.16666666666666666,0.9166666666666666,0.5955770789591167,0.375,0.7333333333333333,10,12,Results/OO_yz/Generated_Plots_MC/OO_yz_QRS_Angle_tdist.pdf,Results/OO_yz/Generated_Plots_MC/OO_yz_QRS_Angle_boxplot.pdf,Results/OO_yz/Generated_Plots_MC/OO_yz_QRS_Angle_roc.pdf,Results/OO_yz/Generated_Plots_MC/OO_yz_QRS_Angle_cm.pdf,Results/OO_yz/Generated_Plots_MC/OO_yz_QRS_Angle_p_value_mc_dist.pdf,Results/OO_yz/Generated_Plots_MC/OO_yz_QRS_Angle_threshold_mc_dist.pdf,Results/OO_yz/Generated_Plots_MC/OO_yz_QRS_Angle_f1_score_mc_dist.pdf
OO_yz,ST,Area,st_Area,not_equal,True,500,0.2586557812042499,0.005158955477574191,0.945932632370994,-1.435966169376876,-3.335595802920186,0.8479741194506286,False,20.962054187263732,0.3981524946736086,51.20762251368517,0.6501885143097643,0.46601731601731605,0.8477380952380951,Healthy,0.5537176767676768,0.25,1.0,0.8621405483405483,0.3333333333333333,1.0,0.6476525392080985,0.4,0.8421052631578947,10,12,Results/OO_yz/Generated_Plots_MC/OO_yz_ST_Area_tdist.pdf,Results/OO_yz/Generated_Plots_MC/OO_yz_ST_Area_boxplot.pdf,Results/OO_yz/Generated_Plots_MC/OO_yz_ST_Area_roc.pdf,Results/OO_yz/Generated_Plots_MC/OO_yz_ST_Area_cm.pdf,Results/OO_yz/Generated_Plots_MC/OO_yz_ST_Area_p_value_mc_dist.pdf,Results/OO_yz/Generated_Plots_MC/OO_yz_ST_Area_threshold_mc_dist.pdf,Results/OO_yz/Generated_Plots_MC/OO_yz_ST_Area_f1_score_mc_dist.pdf
OO_yz,ST,T-Dist,st_T-Dist,not_equal,True,500,0.4118972517740626,0.012609986615333591,0.9777441755695451,-0.3963551531415556,-2.8287815323225223,1.7793297372697023,False,4.405029848117993,-0.6926079528246486,16.542539400897464,0.6153755621693121,0.4434659090909091,0.8198863636363636,ARVC,0.6137370851370851,0.2222222222222222,1.0,0.7620156565656566,0.2727272727272727,1.0,0.6429542493038439,0.36363636363636365,0.8461538461538461,10,12,Results/OO_yz/Generated_Plots_MC/OO_yz_ST_T-Dist_tdist.pdf,Results/OO_yz/Generated_Plots_MC/OO_yz_ST_T-Dist_boxplot.pdf,Results/OO_yz/Generated_Plots_MC/OO_yz_ST_T-Dist_roc.pdf,Results/OO_yz/Generated_Plots_MC/OO_yz_ST_T-Dist_cm.pdf,Results/OO_yz/Generated_Plots_MC/OO_yz_ST_T-Dist_p_value_mc_dist.pdf,Results/OO_yz/Generated_Plots_MC/OO_yz_ST_T-Dist_threshold_mc_dist.pdf,Results/OO_yz/Generated_Plots_MC/OO_yz_ST_T-Dist_f1_score_mc_dist.pdf
OO_yz,ST,Compact,st_Compact,not_equal,True,500,0.48873986921950935,0.052112160417445666,0.969338111718483,0.14227356099631613,-1.7971045749631596,1.9915092534807222,False,0.4223082882441587,0.09295382600706156,0.9293960513942524,0.5788394664902998,0.46464646464646464,0.7588484848484848,ARVC,0.5751970418470419,0.19045454545454565,1.0,0.7388604617604618,0.23541666666666694,1.0,0.6007227024605457,0.3076923076923077,0.8,10,12,Results/OO_yz/Generated_Plots_MC/OO_yz_ST_Compact_tdist.pdf,Results/OO_yz/Generated_Plots_MC/OO_yz_ST_Compact_boxplot.pdf,Results/OO_yz/Generated_Plots_MC/OO_yz_ST_Compact_roc.pdf,Results/OO_yz/Generated_Plots_MC/OO_yz_ST_Compact_cm.pdf,Results/OO_yz/Generated_Plots_MC/OO_yz_ST_Compact_p_value_mc_dist.pdf,Results/OO_yz/Generated_Plots_MC/OO_yz_ST_Compact_threshold_mc_dist.pdf,Results/OO_yz/Generated_Plots_MC/OO_yz_ST_Compact_f1_score_mc_dist.pdf
OO_yz,ST,Angle,st_Angle,not_equal,False,500,0.5650226448343969,0.22601456072016357,0.969581234947742,-0.5068705286012314,-1.2401099551218693,0.6326162454705426,False,68.84976248260767,-26.57370231816839,173.90279605048215,0.5393499999999999,0.44999999999999996,0.6166666666666667,Healthy,0.5403,0.16666666666666666,1.0,0.6849333333333334,0.2,1.0,0.5539812190665024,0.2857142857142857,0.7586206896551724,10,12,Results/OO_yz/Generated_Plots_MC/OO_yz_ST_Angle_tdist.pdf,Results/OO_yz/Generated_Plots_MC/OO_yz_ST_Angle_boxplot.pdf,Results/OO_yz/Generated_Plots_MC/OO_yz_ST_Angle_roc.pdf,Results/OO_yz/Generated_Plots_MC/OO_yz_ST_Angle_cm.pdf,Results/OO_yz/Generated_Plots_MC/OO_yz_ST_Angle_p_value_mc_dist.pdf,Results/OO_yz/Generated_Plots_MC/OO_yz_ST_Angle_threshold_mc_dist.pdf,Results/OO_yz/Generated_Plots_MC/OO_yz_ST_Angle_f1_score_mc_dist.pdf
C1_xy,T,Area,t_Area,not_equal,True,500,0.04577907655088569,0.007643205463440661,0.1595566458862748,-2.439828893704276,-3.380254200996534,-1.4920070666484118,True,6.619258534180986,3.1806781735662506,9.502774650304856,0.7760930535513869,0.625,0.9,Healthy,0.7323535353535353,0.5,0.9,0.9208293650793651,0.6666666666666666,1.0,0.8125430790123415,0.6666666666666666,0.9473684210526315,9,12,Results/C1_xy/Generated_Plots_MC/C1_xy_T_Area_tdist.pdf,Results/C1_xy/Generated_Plots_MC/C1_xy_T_Area_boxplot.pdf,Results/C1_xy/Generated_Plots_MC/C1_xy_T_Area_roc.pdf,Results/C1_xy/Generated_Plots_MC/C1_xy_T_Area_cm.pdf,Results/C1_xy/Generated_Plots_MC/C1_xy_T_Area_p_value_mc_dist.pdf,Results/C1_xy/Generated_Plots_MC/C1_xy_T_Area_threshold_mc_dist.pdf,Results/C1_xy/Generated_Plots_MC/C1_xy_T_Area_f1_score_mc_dist.pdf
C1_xy,T,T-Dist,t_T-Dist,not_equal,True,500,0.05822307436542128,0.006530865222524256,0.16920727539160013,-2.181980918866792,-3.1308439551646026,-1.4337329218001649,False,8.267922541697978,5.1194733507423775,12.727959994733213,0.7341944444444445,0.6363636363636364,0.8341856060606059,Healthy,0.6790757575757576,0.36363636363636365,0.9090909090909091,0.7910833333333334,0.5555555555555556,1.0,0.7214963519041794,0.5333333333333333,0.8421052631578947,9,12,Results/C1_xy/Generated_Plots_MC/C1_xy_T_T-Dist_tdist.pdf,Results/C1_xy/Generated_Plots_MC/C1_xy_T_T-Dist_boxplot.pdf,Results/C1_xy/Generated_Plots_MC/C1_xy_T_T-Dist_roc.pdf,Results/C1_xy/Generated_Plots_MC/C1_xy_T_T-Dist_cm.pdf,Results/C1_xy/Generated_Plots_MC/C1_xy_T_T-Dist_p_value_mc_dist.pdf,Results/C1_xy/Generated_Plots_MC/C1_xy_T_T-Dist_threshold_mc_dist.pdf,Results/C1_xy/Generated_Plots_MC/C1_xy_T_T-Dist_f1_score_mc_dist.pdf
C1_xy,T,Compact,t_Compact,not_equal,False,500,0.5741036889330149,0.2694995122580402,0.9733162192341926,0.5876837709835115,-0.07424399030562813,1.1525574429729728,False,0.38743213262876414,0.05860379635511964,1.1081116965256956,0.581462962962963,0.4907407407407407,0.6666666666666666,ARVC,0.6159444444444443,0.2222222222222222,0.9472222222222196,0.6621666666666668,0.3333333333333333,1.0,0.5783180390904767,0.3333333333333333,0.7,9,12,Results/C1_xy/Generated_Plots_MC/C1_xy_T_Compact_tdist.pdf,Results/C1_xy/Generated_Plots_MC/C1_xy_T_Compact_boxplot.pdf,Results/C1_xy/Generated_Plots_MC/C1_xy_T_Compact_roc.pdf,Results/C1_xy/Generated_Plots_MC/C1_xy_T_Compact_cm.pdf,Results/C1_xy/Generated_Plots_MC/C1_xy_T_Compact_p_value_mc_dist.pdf,Results/C1_xy/Generated_Plots_MC/C1_xy_T_Compact_threshold_mc_dist.pdf,Results/C1_xy/Generated_Plots_MC/C1_xy_T_Compact_f1_score_mc_dist.pdf
C1_xy,T,Angle,t_Angle,not_equal,False,500,0.0834037827632091,0.01336748585721512,0.4209058809378326,2.067478717403705,0.8247175976374654,2.746584183364974,False,-49.759754225272815,-55.20099911806519,-47.781802626321884,0.778888888888889,0.6944444444444444,0.8518518518518519,ARVC,0.8891111111111113,0.8888888888888888,0.8888888888888888,0.7545,0.5833333333333334,0.8333333333333334,0.8036626189980882,0.7368421052631579,0.8421052631578947,9,12,Results/C1_xy/Generated_Plots_MC/C1_xy_T_Angle_tdist.pdf,Results/C1_xy/Generated_Plots_MC/C1_xy_T_Angle_boxplot.pdf,Results/C1_xy/Generated_Plots_MC/C1_xy_T_Angle_roc.pdf,Results/C1_xy/Generated_Plots_MC/C1_xy_T_Angle_cm.pdf,Results/C1_xy/Generated_Plots_MC/C1_xy_T_Angle_p_value_mc_dist.pdf,Results/C1_xy/Generated_Plots_MC/C1_xy_T_Angle_threshold_mc_dist.pdf,Results/C1_xy/Generated_Plots_MC/C1_xy_T_Angle_f1_score_mc_dist.pdf
C1_xy,QRS,Area,qrs_Area,not_equal,True,500,0.1251231237683497,0.01462434928397139,0.5942405323119914,-1.9188775748204965,-2.8540289298870003,-0.5248949329708895,False,66.00380515834232,4.147279223145305,156.09570494775048,0.686448575036075,0.5575892857142858,0.7922077922077921,Healthy,0.5301242424242424,0.3333333333333333,0.9166666666666666,0.9036309523809524,0.4444444444444444,1.0,0.6543861436867415,0.48455882352941204,0.8231191222570531,9,12,Results/C1_xy/Generated_Plots_MC/C1_xy_QRS_Area_tdist.pdf,Results/C1_xy/Generated_Plots_MC/C1_xy_QRS_Area_boxplot.pdf,Results/C1_xy/Generated_Plots_MC/C1_xy_QRS_Area_roc.pdf,Results/C1_xy/Generated_Plots_MC/C1_xy_QRS_Area_cm.pdf,Results/C1_xy/Generated_Plots_MC/C1_xy_QRS_Area_p_value_mc_dist.pdf,Results/C1_xy/Generated_Plots_MC/C1_xy_QRS_Area_threshold_mc_dist.pdf,Results/C1_xy/Generated_Plots_MC/C1_xy_QRS_Area_f1_score_mc_dist.pdf
C1_xy,QRS,T-Dist,qrs_T-Dist,not_equal,True,500,0.34474512219263764,0.004850252100005532,0.9234062781043251,-1.222779235559287,-3.2744575243579077,0.14840814731497848,False,13.553792561295724,8.519234065277356,31.071364591353635,0.6711855960397627,0.4897685185185185,0.8571428571428572,Healthy,0.8920858585858586,0.38882575757575816,1.0,0.5703222222222222,0.3333333333333333,1.0,0.7953479724489476,0.5158333333333337,0.8888888888888888,9,12,Results/C1_xy/Generated_Plots_MC/C1_xy_QRS_T-Dist_tdist.pdf,Results/C1_xy/Generated_Plots_MC/C1_xy_QRS_T-Dist_boxplot.pdf,Results/C1_xy/Generated_Plots_MC/C1_xy_QRS_T-Dist_roc.pdf,Results/C1_xy/Generated_Plots_MC/C1_xy_QRS_T-Dist_cm.pdf,Results/C1_xy/Generated_Plots_MC/C1_xy_QRS_T-Dist_p_value_mc_dist.pdf,Results/C1_xy/Generated_Plots_MC/C1_xy_QRS_T-Dist_threshold_mc_dist.pdf,Results/C1_xy/Generated_Plots_MC/C1_xy_QRS_T-Dist_f1_score_mc_dist.pdf
C1_xy,QRS,Compact,qrs_Compact,not_equal,True,500,0.4126641403067456,0.05704332924982879,0.968355165400612,0.8689328306547863,-0.7678021080667027,2.165655104555036,False,0.282102113650542,0.05321862569792357,0.5947009570488927,0.6223276936026936,0.48863636363636365,0.7747619047619045,ARVC,0.6462028860028861,0.2727272727272727,1.0,0.7242503607503608,0.2607954545454548,1.0,0.6396793527082341,0.42857142857142855,0.8,9,12,Results/C1_xy/Generated_Plots_MC/C1_xy_QRS_Compact_tdist.pdf,Results/C1_xy/Generated_Plots_MC/C1_xy_QRS_Compact_boxplot.pdf,Results/C1_xy/Generated_Plots_MC/C1_xy_QRS_Compact_roc.pdf,Results/C1_xy/Generated_Plots_MC/C1_xy_QRS_Compact_cm.pdf,Results/C1_xy/Generated_Plots_MC/C1_xy_QRS_Compact_p_value_mc_dist.pdf,Results/C1_xy/Generated_Plots_MC/C1_xy_QRS_Compact_threshold_mc_dist.pdf,Results/C1_xy/Generated_Plots_MC/C1_xy_QRS_Compact_f1_score_mc_dist.pdf
C1_xy,QRS,Angle,qrs_Angle,not_equal,False,500,0.5957637593081246,0.05637354508511213,0.9850687297124637,0.4892375950295589,-0.5789813870805296,2.0446641271060604,False,-34.81284485268834,-82.86042626321328,118.80617144997959,0.5929259259259259,0.34259259259259256,0.7777777777777778,ARVC,0.6603333333333332,0.08333333333333333,1.0,0.6865555555555557,0.1111111111111111,1.0,0.6100205279044908,0.15384615384615385,0.7777777777777778,9,12,Results/C1_xy/Generated_Plots_MC/C1_xy_QRS_Angle_tdist.pdf,Results/C1_xy/Generated_Plots_MC/C1_xy_QRS_Angle_boxplot.pdf,Results/C1_xy/Generated_Plots_MC/C1_xy_QRS_Angle_roc.pdf,Results/C1_xy/Generated_Plots_MC/C1_xy_QRS_Angle_cm.pdf,Results/C1_xy/Generated_Plots_MC/C1_xy_QRS_Angle_p_value_mc_dist.pdf,Results/C1_xy/Generated_Plots_MC/C1_xy_QRS_Angle_threshold_mc_dist.pdf,Results/C1_xy/Generated_Plots_MC/C1_xy_QRS_Angle_f1_score_mc_dist.pdf
C1_xy,ST,Area,st_Area,not_equal,True,500,0.36201566600661156,0.017092579015583035,0.9673244669595621,-0.8360451945678301,-2.7853744226694825,1.3943234219700942,False,12.78467769632307,-0.5979165434108904,49.77839914220416,0.6181109382945098,0.4401988636363637,0.8451488095238093,Healthy,0.582896176046176,0.25,1.0,0.806356277056277,0.3,1.0,0.639933932128704,0.36363636363636365,0.8571428571428571,9,12,Results/C1_xy/Generated_Plots_MC/C1_xy_ST_Area_tdist.pdf,Results/C1_xy/Generated_Plots_MC/C1_xy_ST_Area_boxplot.pdf,Results/C1_xy/Generated_Plots_MC/C1_xy_ST_Area_roc.pdf,Results/C1_xy/Generated_Plots_MC/C1_xy_ST_Area_cm.pdf,Results/C1_xy/Generated_Plots_MC/C1_xy_ST_Area_p_value_mc_dist.pdf,Results/C1_xy/Generated_Plots_MC/C1_xy_ST_Area_threshold_mc_dist.pdf,Results/C1_xy/Generated_Plots_MC/C1_xy_ST_Area_f1_score_mc_dist.pdf
C1_xy,ST,T-Dist,st_T-Dist,not_equal,True,500,0.3955709089212569,0.015096069173710158,0.9499148867814474,-0.39550960077354524,-2.786144011124391,1.828472083998548,False,3.257820607578277,-0.7107091810954105,12.751830191784475,0.6190627372935705,0.43628472222222225,0.8419472502805836,ARVC,0.6142389610389609,0.25,1.0,0.7715344155844157,0.2607954545454548,1.0,0.6420028313397583,0.36363636363636365,0.8636645962732916,9,12,Results/C1_xy/Generated_Plots_MC/C1_xy_ST_T-Dist_tdist.pdf,Results/C1_xy/Generated_Plots_MC/C1_xy_ST_T-Dist_boxplot.pdf,Results/C1_xy/Generated_Plots_MC/C1_xy_ST_T-Dist_roc.pdf,Results/C1_xy/Generated_Plots_MC/C1_xy_ST_T-Dist_cm.pdf,Results/C1_xy/Generated_Plots_MC/C1_xy_ST_T-Dist_p_value_mc_dist.pdf,Results/C1_xy/Generated_Plots_MC/C1_xy_ST_T-Dist_threshold_mc_dist.pdf,Results/C1_xy/Generated_Plots_MC/C1_xy_ST_T-Dist_f1_score_mc_dist.pdf
C1_xy,ST,Compact,st_Compact,not_equal,True,500,0.4801656131985851,0.01937386410100807,0.9755483105871735,0.12488122672429584,-2.496090858282722,2.0694619160147734,False,0.4046953224404824,0.06631268112266989,0.7731840059501943,0.5962412137245471,0.46053240740740753,0.7939123376623376,ARVC,0.6133233766233765,0.25,1.0,0.730798556998557,0.25,1.0,0.6269213637417128,0.3809090909090913,0.8256592292089249,9,12,Results/C1_xy/Generated_Plots_MC/C1_xy_ST_Compact_tdist.pdf,Results/C1_xy/Generated_Plots_MC/C1_xy_ST_Compact_boxplot.pdf,Results/C1_xy/Generated_Plots_MC/C1_xy_ST_Compact_roc.pdf,Results/C1_xy/Generated_Plots_MC/C1_xy_ST_Compact_cm.pdf,Results/C1_xy/Generated_Plots_MC/C1_xy_ST_Compact_p_value_mc_dist.pdf,Results/C1_xy/Generated_Plots_MC/C1_xy_ST_Compact_threshold_mc_dist.pdf,Results/C1_xy/Generated_Plots_MC/C1_xy_ST_Compact_f1_score_mc_dist.pdf
C1_xy,ST,Angle,st_Angle,not_equal,False,500,0.8273350111766749,0.5522729809866093,0.9917302403774677,0.08261276959762316,-0.44192710579621114,0.613086183283065,False,87.26547064003466,-50.22236662729261,134.69150415216444,0.5751481481481482,0.3148148148148148,0.7685185185185186,ARVC,0.8366666666666668,0.38611111111111224,1.0,0.5335,0.1111111111111111,0.8888888888888888,0.7226075923308125,0.5339285714285722,0.8,9,12,Results/C1_xy/Generated_Plots_MC/C1_xy_ST_Angle_tdist.pdf,Results/C1_xy/Generated_Plots_MC/C1_xy_ST_Angle_boxplot.pdf,Results/C1_xy/Generated_Plots_MC/C1_xy_ST_Angle_roc.pdf,Results/C1_xy/Generated_Plots_MC/C1_xy_ST_Angle_cm.pdf,Results/C1_xy/Generated_Plots_MC/C1_xy_ST_Angle_p_value_mc_dist.pdf,Results/C1_xy/Generated_Plots_MC/C1_xy_ST_Angle_threshold_mc_dist.pdf,Results/C1_xy/Generated_Plots_MC/C1_xy_ST_Angle_f1_score_mc_dist.pdf
OY_xy,T,Area,t_Area,not_equal,True,500,0.27165131948274185,0.011898007264554578,0.9270478826983416,-1.365094965000014,-2.9154805446460386,0.28620307752486646,False,7.593525769330346,2.9579145948933956,16.73954519850151,0.6878164814814814,0.4666666666666667,0.8690624999999997,Healthy,0.6939555555555555,0.2,0.9,0.7663388888888888,0.4,1.0,0.7118021950752318,0.3333333333333333,0.8822916666666664,10,12,Results/OY_xy/Generated_Plots_MC/OY_xy_T_Area_tdist.pdf,Results/OY_xy/Generated_Plots_MC/OY_xy_T_Area_boxplot.pdf,Results/OY_xy/Generated_Plots_MC/OY_xy_T_Area_roc.pdf,Results/OY_xy/Generated_Plots_MC/OY_xy_T_Area_cm.pdf,Results/OY_xy/Generated_Plots_MC/OY_xy_T_Area_p_value_mc_dist.pdf,Results/OY_xy/Generated_Plots_MC/OY_xy_T_Area_threshold_mc_dist.pdf,Results/OY_xy/Generated_Plots_MC/OY_xy_T_Area_f1_score_mc_dist.pdf
OY_xy,T,T-Dist,t_T-Dist,not_equal,True,500,0.18997231833177483,0.025137237967439267,0.532329907646013,-1.4987609797359915,-2.4530299087161747,-0.6356361626907113,False,11.380277391700805,5.351544238078947,20.531716067124545,0.6498006734006733,0.5416666666666666,0.754861111111111,Healthy,0.5600929292929293,0.25,0.9166666666666666,0.8048444444444445,0.4,1.0,0.6319525631257927,0.4,0.7857142857142857,10,12,Results/OY_xy/Generated_Plots_MC/OY_xy_T_T-Dist_tdist.pdf,Results/OY_xy/Generated_Plots_MC/OY_xy_T_T-Dist_boxplot.pdf,Results/OY_xy/Generated_Plots_MC/OY_xy_T_T-Dist_roc.pdf,Results/OY_xy/Generated_Plots_MC/OY_xy_T_T-Dist_cm.pdf,Results/OY_xy/Generated_Plots_MC/OY_xy_T_T-Dist_p_value_mc_dist.pdf,Results/OY_xy/Generated_Plots_MC/OY_xy_T_T-Dist_threshold_mc_dist.pdf,Results/OY_xy/Generated_Plots_MC/OY_xy_T_T-Dist_f1_score_mc_dist.pdf
OY_xy,T,Compact,t_Compact,not_equal,False,500,0.16126909722013633,0.016798436315240237,0.5582398605297672,-1.6435527576413889,-2.6346335597899326,-0.5982238930546712,False,0.43471169925946684,0.20438874882162494,0.6563683836849864,0.6539333333333334,0.5166666666666666,0.7833333333333333,Healthy,0.5088333333333334,0.25,0.8333333333333334,0.8984000000000001,0.547500000000001,1.0,0.6249206084983577,0.4,0.7842391304347825,10,12,Results/OY_xy/Generated_Plots_MC/OY_xy_T_Compact_tdist.pdf,Results/OY_xy/Generated_Plots_MC/OY_xy_T_Compact_boxplot.pdf,Results/OY_xy/Generated_Plots_MC/OY_xy_T_Compact_roc.pdf,Results/OY_xy/Generated_Plots_MC/OY_xy_T_Compact_cm.pdf,Results/OY_xy/Generated_Plots_MC/OY_xy_T_Compact_p_value_mc_dist.pdf,Results/OY_xy/Generated_Plots_MC/OY_xy_T_Compact_threshold_mc_dist.pdf,Results/OY_xy/Generated_Plots_MC/OY_xy_T_Compact_f1_score_mc_dist.pdf
OY_xy,T,Angle,t_Angle,not_equal,False,500,0.6561905667273097,0.5170255418809174,0.8178965374293531,-0.4566870197033302,-0.6622255319744637,-0.23458183196923563,False,-89.27777494633696,-96.34367140590791,-80.91143380529091,0.67685,0.6333333333333333,0.7166666666666667,Healthy,0.7335,0.6666666666666666,0.9166666666666666,0.7686000000000001,0.7,0.8,0.7600779363953277,0.7272727272727273,0.8333333333333334,10,12,Results/OY_xy/Generated_Plots_MC/OY_xy_T_Angle_tdist.pdf,Results/OY_xy/Generated_Plots_MC/OY_xy_T_Angle_boxplot.pdf,Results/OY_xy/Generated_Plots_MC/OY_xy_T_Angle_roc.pdf,Results/OY_xy/Generated_Plots_MC/OY_xy_T_Angle_cm.pdf,Results/OY_xy/Generated_Plots_MC/OY_xy_T_Angle_p_value_mc_dist.pdf,Results/OY_xy/Generated_Plots_MC/OY_xy_T_Angle_threshold_mc_dist.pdf,Results/OY_xy/Generated_Plots_MC/OY_xy_T_Angle_f1_score_mc_dist.pdf
OY_xy,QRS,Area,qrs_Area,not_equal,True,500,0.2002498400510209,0.031866461945639975,0.8594298191816093,-1.521514705810591,-2.4064955885793076,-0.16651521984903628,False,65.98376397796761,13.226869680508164,149.67613332162145,0.6579396885521887,0.5304166666666668,0.7727272727272727,Healthy,0.5974808080808081,0.3,0.9,0.8011097402597402,0.5,1.0,0.6685876536140906,0.46153846153846156,0.8,10,12,Results/OY_xy/Generated_Plots_MC/OY_xy_QRS_Area_tdist.pdf,Results/OY_xy/Generated_Plots_MC/OY_xy_QRS_Area_boxplot.pdf,Results/OY_xy/Generated_Plots_MC/OY_xy_QRS_Area_roc.pdf,Results/OY_xy/Generated_Plots_MC/OY_xy_QRS_Area_cm.pdf,Results/OY_xy/Generated_Plots_MC/OY_xy_QRS_Area_p_value_mc_dist.pdf,Results/OY_xy/Generated_Plots_MC/OY_xy_QRS_Area_threshold_mc_dist.pdf,Results/OY_xy/Generated_Plots_MC/OY_xy_QRS_Area_f1_score_mc_dist.pdf
OY_xy,QRS,T-Dist,qrs_T-Dist,not_equal,True,500,0.23575643272271266,0.003470593493237755,0.9401931515970899,-1.7518273775667321,-3.478281638066778,0.3719551186265796,False,18.399433826650917,8.53627970857064,42.56305475991445,0.7255246731200898,0.4039583333333334,0.8809659090909088,Healthy,0.7998641414141414,0.3,1.0,0.716129797979798,0.4444444444444444,1.0,0.7818054754545174,0.42857142857142855,0.894722222222222,10,12,Results/OY_xy/Generated_Plots_MC/OY_xy_QRS_T-Dist_tdist.pdf,Results/OY_xy/Generated_Plots_MC/OY_xy_QRS_T-Dist_boxplot.pdf,Results/OY_xy/Generated_Plots_MC/OY_xy_QRS_T-Dist_roc.pdf,Results/OY_xy/Generated_Plots_MC/OY_xy_QRS_T-Dist_cm.pdf,Results/OY_xy/Generated_Plots_MC/OY_xy_QRS_T-Dist_p_value_mc_dist.pdf,Results/OY_xy/Generated_Plots_MC/OY_xy_QRS_T-Dist_threshold_mc_dist.pdf,Results/OY_xy/Generated_Plots_MC/OY_xy_QRS_T-Dist_f1_score_mc_dist.pdf
OY_xy,QRS,Compact,qrs_Compact,not_equal,True,500,0.654960142671492,0.19638160153017437,0.9886398636323863,-0.008444619129810519,-1.2107210003310684,1.2423761699176454,False,0.5519880352297692,0.07866631724354926,1.1843846352069267,0.5473512950937951,0.4351851851851852,0.6873106060606059,Healthy,0.5965616161616162,0.16666666666666666,1.0,0.698720202020202,0.25,1.0,0.5762442456436223,0.2857142857142857,0.7407407407407407,10,12,Results/OY_xy/Generated_Plots_MC/OY_xy_QRS_Compact_tdist.pdf,Results/OY_xy/Generated_Plots_MC/OY_xy_QRS_Compact_boxplot.pdf,Results/OY_xy/Generated_Plots_MC/OY_xy_QRS_Compact_roc.pdf,Results/OY_xy/Generated_Plots_MC/OY_xy_QRS_Compact_cm.pdf,Results/OY_xy/Generated_Plots_MC/OY_xy_QRS_Compact_p_value_mc_dist.pdf,Results/OY_xy/Generated_Plots_MC/OY_xy_QRS_Compact_threshold_mc_dist.pdf,Results/OY_xy/Generated_Plots_MC/OY_xy_QRS_Compact_f1_score_mc_dist.pdf
OY_xy,QRS,Angle,qrs_Angle,not_equal,False,500,0.740627463025325,0.46525951833751156,0.9779383434086851,0.15016138658608097,-0.6544384188777321,0.7073264536230447,False,5.011339268490625,-118.82675485557213,101.79394441810604,0.48735,0.3416666666666667,0.6960416666666666,ARVC,0.4014333333333334,0.2,1.0,0.8362,0.3158333333333337,1.0,0.4679221158457907,0.3076923076923077,0.8,10,12,Results/OY_xy/Generated_Plots_MC/OY_xy_QRS_Angle_tdist.pdf,Results/OY_xy/Generated_Plots_MC/OY_xy_QRS_Angle_boxplot.pdf,Results/OY_xy/Generated_Plots_MC/OY_xy_QRS_Angle_roc.pdf,Results/OY_xy/Generated_Plots_MC/OY_xy_QRS_Angle_cm.pdf,Results/OY_xy/Generated_Plots_MC/OY_xy_QRS_Angle_p_value_mc_dist.pdf,Results/OY_xy/Generated_Plots_MC/OY_xy_QRS_Angle_threshold_mc_dist.pdf,Results/OY_xy/Generated_Plots_MC/OY_xy_QRS_Angle_f1_score_mc_dist.pdf
OY_xy,ST,Area,st_Area,not_equal,True,500,0.3127306963524157,0.02707234930309255,0.9622954283554341,-1.0738974925694327,-2.5378885488812624,1.2832132783015728,False,12.756240849556486,0.07154415289918138,63.14123863623299,0.6393274767230125,0.4117708333333333,0.8520728114478114,Healthy,0.5710678210678212,0.2,1.0,0.8297186147186147,0.3333333333333333,1.0,0.643996090643875,0.3333333333333333,0.8442307692307691,10,12,Results/OY_xy/Generated_Plots_MC/OY_xy_ST_Area_tdist.pdf,Results/OY_xy/Generated_Plots_MC/OY_xy_ST_Area_boxplot.pdf,Results/OY_xy/Generated_Plots_MC/OY_xy_ST_Area_roc.pdf,Results/OY_xy/Generated_Plots_MC/OY_xy_ST_Area_cm.pdf,Results/OY_xy/Generated_Plots_MC/OY_xy_ST_Area_p_value_mc_dist.pdf,Results/OY_xy/Generated_Plots_MC/OY_xy_ST_Area_threshold_mc_dist.pdf,Results/OY_xy/Generated_Plots_MC/OY_xy_ST_Area_f1_score_mc_dist.pdf
OY_xy,ST,T-Dist,st_T-Dist,not_equal,True,500,0.407200117273438,0.010254691240270352,0.9658365480253367,-0.33129777636236835,-2.900410008507385,1.9320248810614051,False,4.026811697720886,-1.105424113102243,15.358520982531852,0.6010993582651916,0.44444444444444436,0.8222222222222222,ARVC,0.5899383838383838,0.2222222222222222,1.0,0.7719588023088022,0.2607954545454548,1.0,0.623434719996905,0.36363636363636365,0.8379385964912278,10,12,Results/OY_xy/Generated_Plots_MC/OY_xy_ST_T-Dist_tdist.pdf,Results/OY_xy/Generated_Plots_MC/OY_xy_ST_T-Dist_boxplot.pdf,Results/OY_xy/Generated_Plots_MC/OY_xy_ST_T-Dist_roc.pdf,Results/OY_xy/Generated_Plots_MC/OY_xy_ST_T-Dist_cm.pdf,Results/OY_xy/Generated_Plots_MC/OY_xy_ST_T-Dist_p_value_mc_dist.pdf,Results/OY_xy/Generated_Plots_MC/OY_xy_ST_T-Dist_threshold_mc_dist.pdf,Results/OY_xy/Generated_Plots_MC/OY_xy_ST_T-Dist_f1_score_mc_dist.pdf
OY_xy,ST,Compact,st_Compact,not_equal,True,500,0.357204515750915,0.004102714336686568,0.9612602615510534,-1.1530511654088964,-3.399119056546107,0.7959280248500512,False,0.39139469086996126,0.1054316726731736,0.9733158493913985,0.6324950168350169,0.47105555555555556,0.8441145833333333,Healthy,0.6520934343434344,0.2,1.0,0.7248146464646466,0.3,1.0,0.6644544761621213,0.3333333333333333,0.8636645962732916,10,12,Results/OY_xy/Generated_Plots_MC/OY_xy_ST_Compact_tdist.pdf,Results/OY_xy/Generated_Plots_MC/OY_xy_ST_Compact_boxplot.pdf,Results/OY_xy/Generated_Plots_MC/OY_xy_ST_Compact_roc.pdf,Results/OY_xy/Generated_Plots_MC/OY_xy_ST_Compact_cm.pdf,Results/OY_xy/Generated_Plots_MC/OY_xy_ST_Compact_p_value_mc_dist.pdf,Results/OY_xy/Generated_Plots_MC/OY_xy_ST_Compact_threshold_mc_dist.pdf,Results/OY_xy/Generated_Plots_MC/OY_xy_ST_Compact_f1_score_mc_dist.pdf
OY_xy,ST,Angle,st_Angle,not_equal,False,500,0.7207458911612469,0.31745446330503085,0.9922078678205414,-0.17938411198257206,-1.0247425343981515,0.6308759391380419,False,44.382322150015504,-114.91527018409474,106.20276390370171,0.5762999999999999,0.4,0.7210416666666665,Healthy,0.6280999999999999,0.25,1.0,0.7067333333333333,0.16666666666666666,1.0,0.6317512445618916,0.4,0.7368421052631579,10,12,Results/OY_xy/Generated_Plots_MC/OY_xy_ST_Angle_tdist.pdf,Results/OY_xy/Generated_Plots_MC/OY_xy_ST_Angle_boxplot.pdf,Results/OY_xy/Generated_Plots_MC/OY_xy_ST_Angle_roc.pdf,Results/OY_xy/Generated_Plots_MC/OY_xy_ST_Angle_cm.pdf,Results/OY_xy/Generated_Plots_MC/OY_xy_ST_Angle_p_value_mc_dist.pdf,Results/OY_xy/Generated_Plots_MC/OY_xy_ST_Angle_threshold_mc_dist.pdf,Results/OY_xy/Generated_Plots_MC/OY_xy_ST_Angle_f1_score_mc_dist.pdf
F2_xy,T,Area,t_Area,not_equal,True,500,0.06552045412174912,0.03748970573237653,0.10562309731629779,-2.1185850686513605,-2.4325933398318296,-1.808798437798113,False,12.475267515120915,5.232190657298718,21.61340506825293,0.8680590123456791,0.76825,0.9555555555555556,Healthy,0.7677333333333334,0.5,1.0,0.8699777777777778,0.547500000000001,1.0,0.8027884403791122,0.6666666666666666,0.9,10,11,Results/F2_xy/Generated_Plots_MC/F2_xy_T_Area_tdist.pdf,Results/F2_xy/Generated_Plots_MC/F2_xy_T_Area_boxplot.pdf,Results/F2_xy/Generated_Plots_MC/F2_xy_T_Area_roc.pdf,Results/F2_xy/Generated_Plots_MC/F2_xy_T_Area_cm.pdf,Results/F2_xy/Generated_Plots_MC/F2_xy_T_Area_p_value_mc_dist.pdf,Results/F2_xy/Generated_Plots_MC/F2_xy_T_Area_threshold_mc_dist.pdf,Results/F2_xy/Generated_Plots_MC/F2_xy_T_Area_f1_score_mc_dist.pdf
F2_xy,T,T-Dist,t_T-Dist,not_equal,True,500,0.0036342373238268623,0.0007344943189770376,0.009820567683974659,-3.834835826477991,-4.729000275383734,-3.130093653748744,True,7.85189498272571,6.044940854492179,12.43130262433645,0.9293891999358667,0.8363636363636364,0.9898989898989898,Healthy,0.8342282828282829,0.6363636363636364,1.0,0.9587174603174603,0.7777777777777778,1.0,0.8889081229695956,0.7777777777777778,0.9565217391304348,10,11,Results/F2_xy/Generated_Plots_MC/F2_xy_T_T-Dist_tdist.pdf,Results/F2_xy/Generated_Plots_MC/F2_xy_T_T-Dist_boxplot.pdf,Results/F2_xy/Generated_Plots_MC/F2_xy_T_T-Dist_roc.pdf,Results/F2_xy/Generated_Plots_MC/F2_xy_T_T-Dist_cm.pdf,Results/F2_xy/Generated_Plots_MC/F2_xy_T_T-Dist_p_value_mc_dist.pdf,Results/F2_xy/Generated_Plots_MC/F2_xy_T_T-Dist_threshold_mc_dist.pdf,Results/F2_xy/Generated_Plots_MC/F2_xy_T_T-Dist_f1_score_mc_dist.pdf
F2_xy,T,Compact,t_Compact,not_equal,False,500,0.7733394537269715,0.36892929996785634,0.9918409169945446,-0.1772051119125334,-0.9264231434788086,0.46529244118222857,False,0.5136432594624516,0.12966370707071243,1.4499637959010352,0.5658,0.40909090909090906,0.6818181818181819,Healthy,0.7012727272727273,0.2,1.0,0.6273090909090908,0.3,1.0,0.6475513681675513,0.3333333333333333,0.8148148148148148,10,11,Results/F2_xy/Generated_Plots_MC/F2_xy_T_Compact_tdist.pdf,Results/F2_xy/Generated_Plots_MC/F2_xy_T_Compact_boxplot.pdf,Results/F2_xy/Generated_Plots_MC/F2_xy_T_Compact_roc.pdf,Results/F2_xy/Generated_Plots_MC/F2_xy_T_Compact_cm.pdf,Results/F2_xy/Generated_Plots_MC/F2_xy_T_Compact_p_value_mc_dist.pdf,Results/F2_xy/Generated_Plots_MC/F2_xy_T_Compact_threshold_mc_dist.pdf,Results/F2_xy/Generated_Plots_MC/F2_xy_T_Compact_f1_score_mc_dist.pdf
F2_xy,T,Angle,t_Angle,not_equal,False,500,0.3293529811374951,0.22783641051543682,0.4512224245446215,-1.0129904759301755,-1.2500188130148164,-0.7722001284867932,False,-91.54793775135998,-97.9481881956773,-84.5272017812867,0.6888363636363637,0.6545454545454545,0.7181818181818183,Healthy,0.816,0.8181818181818182,0.8181818181818182,0.7,0.7,0.7,0.7812806324110673,0.782608695652174,0.782608695652174,10,11,Results/F2_xy/Generated_Plots_MC/F2_xy_T_Angle_tdist.pdf,Results/F2_xy/Generated_Plots_MC/F2_xy_T_Angle_boxplot.pdf,Results/F2_xy/Generated_Plots_MC/F2_xy_T_Angle_roc.pdf,Results/F2_xy/Generated_Plots_MC/F2_xy_T_Angle_cm.pdf,Results/F2_xy/Generated_Plots_MC/F2_xy_T_Angle_p_value_mc_dist.pdf,Results/F2_xy/Generated_Plots_MC/F2_xy_T_Angle_threshold_mc_dist.pdf,Results/F2_xy/Generated_Plots_MC/F2_xy_T_Angle_f1_score_mc_dist.pdf
F2_xy,QRS,Area,qrs_Area,not_equal,True,500,0.038679080005226484,0.010847229456772738,0.0886748503337567,-2.5221809232272467,-3.1829973663391558,-1.9316418240357165,True,36.138244897879524,13.706392768785854,62.441081037544194,0.8677816498316498,0.7530864197530864,0.9583333333333333,Healthy,0.7759939393939393,0.5555555555555556,1.0,0.9246666666666667,0.6666666666666666,1.0,0.8367710784070927,0.7142857142857143,0.9411764705882353,10,11,Results/F2_xy/Generated_Plots_MC/F2_xy_QRS_Area_tdist.pdf,Results/F2_xy/Generated_Plots_MC/F2_xy_QRS_Area_boxplot.pdf,Results/F2_xy/Generated_Plots_MC/F2_xy_QRS_Area_roc.pdf,Results/F2_xy/Generated_Plots_MC/F2_xy_QRS_Area_cm.pdf,Results/F2_xy/Generated_Plots_MC/F2_xy_QRS_Area_p_value_mc_dist.pdf,Results/F2_xy/Generated_Plots_MC/F2_xy_QRS_Area_threshold_mc_dist.pdf,Results/F2_xy/Generated_Plots_MC/F2_xy_QRS_Area_f1_score_mc_dist.pdf
F2_xy,QRS,T-Dist,qrs_T-Dist,not_equal,True,500,0.011053123995284717,0.0005581393742683823,0.05810673535880176,-3.2955767888121335,-4.450055067798307,-2.041540658223719,True,20.41087678114199,9.795751418467392,32.38597011719534,0.8640244893378227,0.7550252525252525,0.9494949494949495,Healthy,0.7809641414141415,0.5454545454545454,1.0,0.874638888888889,0.5263888888888895,1.0,0.8220560830547088,0.6825000000000003,0.9166666666666666,10,11,Results/F2_xy/Generated_Plots_MC/F2_xy_QRS_T-Dist_tdist.pdf,Results/F2_xy/Generated_Plots_MC/F2_xy_QRS_T-Dist_boxplot.pdf,Results/F2_xy/Generated_Plots_MC/F2_xy_QRS_T-Dist_roc.pdf,Results/F2_xy/Generated_Plots_MC/F2_xy_QRS_T-Dist_cm.pdf,Results/F2_xy/Generated_Plots_MC/F2_xy_QRS_T-Dist_p_value_mc_dist.pdf,Results/F2_xy/Generated_Plots_MC/F2_xy_QRS_T-Dist_threshold_mc_dist.pdf,Results/F2_xy/Generated_Plots_MC/F2_xy_QRS_T-Dist_f1_score_mc_dist.pdf
F2_xy,QRS,Compact,qrs_Compact,not_equal,True,500,0.6197541628008503,0.1263588733899267,0.9820465938663131,-0.12419528227281118,-1.4968747770356734,1.2992841091868543,False,0.5135452443122547,0.07738276160925918,0.9922715164760476,0.5546772446689112,0.4727272727272727,0.6614772727272725,Healthy,0.5307868686868688,0.18181818181818182,1.0,0.7459424242424243,0.18181818181818182,1.0,0.5667873456135072,0.3076923076923077,0.737222222222222,10,11,Results/F2_xy/Generated_Plots_MC/F2_xy_QRS_Compact_tdist.pdf,Results/F2_xy/Generated_Plots_MC/F2_xy_QRS_Compact_boxplot.pdf,Results/F2_xy/Generated_Plots_MC/F2_xy_QRS_Compact_roc.pdf,Results/F2_xy/Generated_Plots_MC/F2_xy_QRS_Compact_cm.pdf,Results/F2_xy/Generated_Plots_MC/F2_xy_QRS_Compact_p_value_mc_dist.pdf,Results/F2_xy/Generated_Plots_MC/F2_xy_QRS_Compact_threshold_mc_dist.pdf,Results/F2_xy/Generated_Plots_MC/F2_xy_QRS_Compact_f1_score_mc_dist.pdf
F2_xy,QRS,Angle,qrs_Angle,not_equal,False,500,0.3095881357539121,0.04356579991792564,0.9201864091450978,-1.1968259607058431,-2.219266728495074,-0.009869773102910593,False,-88.89341316729337,-111.9499549453494,-55.6359887046856,0.6591272727272727,0.5181818181818182,0.7774999999999997,Healthy,0.8432545454545455,0.5215909090909095,1.0,0.6047818181818182,0.3,0.8,0.7612138957122461,0.5938235294117649,0.8461538461538461,10,11,Results/F2_xy/Generated_Plots_MC/F2_xy_QRS_Angle_tdist.pdf,Results/F2_xy/Generated_Plots_MC/F2_xy_QRS_Angle_boxplot.pdf,Results/F2_xy/Generated_Plots_MC/F2_xy_QRS_Angle_roc.pdf,Results/F2_xy/Generated_Plots_MC/F2_xy_QRS_Angle_cm.pdf,Results/F2_xy/Generated_Plots_MC/F2_xy_QRS_Angle_p_value_mc_dist.pdf,Results/F2_xy/Generated_Plots_MC/F2_xy_QRS_Angle_threshold_mc_dist.pdf,Results/F2_xy/Generated_Plots_MC/F2_xy_QRS_Angle_f1_score_mc_dist.pdf
F2_xy,ST,Area,st_Area,not_equal,True,500,0.16770004501440752,0.009124356599960047,0.8306887648420931,-1.8850805366044183,-3.2984025323059427,0.09781054679288483,False,10.023256484043264,-0.3540401441709611,28.870241153189724,0.7399400982042648,0.484375,0.959955357142857,Healthy,0.6949582251082251,0.34772727272727305,1.0,0.8826690476190476,0.4444444444444444,1.0,0.7584913800775733,0.5158333333333337,0.9473684210526315,10,11,Results/F2_xy/Generated_Plots_MC/F2_xy_ST_Area_tdist.pdf,Results/F2_xy/Generated_Plots_MC/F2_xy_ST_Area_boxplot.pdf,Results/F2_xy/Generated_Plots_MC/F2_xy_ST_Area_roc.pdf,Results/F2_xy/Generated_Plots_MC/F2_xy_ST_Area_cm.pdf,Results/F2_xy/Generated_Plots_MC/F2_xy_ST_Area_p_value_mc_dist.pdf,Results/F2_xy/Generated_Plots_MC/F2_xy_ST_Area_threshold_mc_dist.pdf,Results/F2_xy/Generated_Plots_MC/F2_xy_ST_Area_f1_score_mc_dist.pdf
F2_xy,ST,T-Dist,st_T-Dist,not_equal,True,500,0.3604617328988157,0.008924523269220858,0.9597680528596193,-0.9904249325904093,-3.0462228570389334,1.2118905915934193,False,3.3223961392016834,-0.5328960026247859,8.414008102587173,0.6315459237213404,0.4736868686868687,0.8392323232323231,Healthy,0.6377972582972584,0.2222222222222222,1.0,0.7755266955266955,0.2727272727272727,1.0,0.6663044138058837,0.34772727272727305,0.8421052631578947,10,11,Results/F2_xy/Generated_Plots_MC/F2_xy_ST_T-Dist_tdist.pdf,Results/F2_xy/Generated_Plots_MC/F2_xy_ST_T-Dist_boxplot.pdf,Results/F2_xy/Generated_Plots_MC/F2_xy_ST_T-Dist_roc.pdf,Results/F2_xy/Generated_Plots_MC/F2_xy_ST_T-Dist_cm.pdf,Results/F2_xy/Generated_Plots_MC/F2_xy_ST_T-Dist_p_value_mc_dist.pdf,Results/F2_xy/Generated_Plots_MC/F2_xy_ST_T-Dist_threshold_mc_dist.pdf,Results/F2_xy/Generated_Plots_MC/F2_xy_ST_T-Dist_f1_score_mc_dist.pdf
F2_xy,ST,Compact,st_Compact,not_equal,True,500,0.25589929319313454,0.0011046024895576675,0.9238843087592429,-1.6197849962628854,-4.044852416702212,0.48785632139538315,False,0.3704719256256086,0.14944454524818632,0.7637228724934892,0.7017976430976431,0.5,0.9326136363636364,Healthy,0.7221313131313131,0.2727272727272727,1.0,0.7466199134199135,0.3,1.0,0.718840584228161,0.42857142857142855,0.9259358288770045,10,11,Results/F2_xy/Generated_Plots_MC/F2_xy_ST_Compact_tdist.pdf,Results/F2_xy/Generated_Plots_MC/F2_xy_ST_Compact_boxplot.pdf,Results/F2_xy/Generated_Plots_MC/F2_xy_ST_Compact_roc.pdf,Results/F2_xy/Generated_Plots_MC/F2_xy_ST_Compact_cm.pdf,Results/F2_xy/Generated_Plots_MC/F2_xy_ST_Compact_p_value_mc_dist.pdf,Results/F2_xy/Generated_Plots_MC/F2_xy_ST_Compact_threshold_mc_dist.pdf,Results/F2_xy/Generated_Plots_MC/F2_xy_ST_Compact_f1_score_mc_dist.pdf
F2_xy,ST,Angle,st_Angle,not_equal,False,500,0.6302028276241006,0.27470385900846106,0.9704738538391465,-0.4339908596348511,-1.1287503073681322,0.40968664476622624,False,86.65510414598705,-89.18933401291962,137.96157426841282,0.5955818181818181,0.44545454545454544,0.7090909090909091,Healthy,0.6073272727272727,0.2,1.0,0.6955090909090909,0.18181818181818182,0.9568181818181798,0.6236519397319519,0.3198717948717951,0.7619047619047619,10,11,Results/F2_xy/Generated_Plots_MC/F2_xy_ST_Angle_tdist.pdf,Results/F2_xy/Generated_Plots_MC/F2_xy_ST_Angle_boxplot.pdf,Results/F2_xy/Generated_Plots_MC/F2_xy_ST_Angle_roc.pdf,Results/F2_xy/Generated_Plots_MC/F2_xy_ST_Angle_cm.pdf,Results/F2_xy/Generated_Plots_MC/F2_xy_ST_Angle_p_value_mc_dist.pdf,Results/F2_xy/Generated_Plots_MC/F2_xy_ST_Angle_threshold_mc_dist.pdf,Results/F2_xy/Generated_Plots_MC/F2_xy_ST_Angle_f1_score_mc_dist.pdf
EY_xy,T,Area,t_Area,not_equal,True,500,0.023291628497780437,0.016214606798886387,0.03417943641872783,-2.6416358870000094,-2.8307965875702354,-2.4048068652143004,True,13.505545707024448,6.104469591079594,24.920530604027913,0.816005357142857,0.7222222222222222,0.9047619047619047,Healthy,0.6842939393939395,0.5,0.8333333333333334,0.9578928571428571,0.8656250000000002,1.0,0.7950347857583556,0.6666666666666666,0.9090909090909091,9,12,Results/EY_xy/Generated_Plots_MC/EY_xy_T_Area_tdist.pdf,Results/EY_xy/Generated_Plots_MC/EY_xy_T_Area_boxplot.pdf,Results/EY_xy/Generated_Plots_MC/EY_xy_T_Area_roc.pdf,Results/EY_xy/Generated_Plots_MC/EY_xy_T_Area_cm.pdf,Results/EY_xy/Generated_Plots_MC/EY_xy_T_Area_p_value_mc_dist.pdf,Results/EY_xy/Generated_Plots_MC/EY_xy_T_Area_threshold_mc_dist.pdf,Results/EY_xy/Generated_Plots_MC/EY_xy_T_Area_f1_score_mc_dist.pdf
EY_xy,T,T-Dist,t_T-Dist,not_equal,True,500,0.10308703373460892,0.03374683907289811,0.3157368491954504,-1.836669023171008,-2.3492312905313284,-1.04274079319451,False,10.652493721042724,5.838023052470042,21.322359836607802,0.6674125060125059,0.5717803030303031,0.7407407407407407,Healthy,0.5608909090909092,0.3333333333333333,0.8333333333333334,0.8290198412698412,0.5555555555555556,1.0,0.6433495716960583,0.5,0.782608695652174,9,12,Results/EY_xy/Generated_Plots_MC/EY_xy_T_T-Dist_tdist.pdf,Results/EY_xy/Generated_Plots_MC/EY_xy_T_T-Dist_boxplot.pdf,Results/EY_xy/Generated_Plots_MC/EY_xy_T_T-Dist_roc.pdf,Results/EY_xy/Generated_Plots_MC/EY_xy_T_T-Dist_cm.pdf,Results/EY_xy/Generated_Plots_MC/EY_xy_T_T-Dist_p_value_mc_dist.pdf,Results/EY_xy/Generated_Plots_MC/EY_xy_T_T-Dist_threshold_mc_dist.pdf,Results/EY_xy/Generated_Plots_MC/EY_xy_T_T-Dist_f1_score_mc_dist.pdf
EY_xy,T,Compact,t_Compact,not_equal,False,500,0.31726901302168575,0.10320700168025784,0.6431601809015389,-1.0884634125187587,-1.7263542284945252,-0.4741907586840901,False,0.33142762262409614,0.05675973219625033,0.6091595232394261,0.6683703703703704,0.5877314814814816,0.7407407407407408,Healthy,0.764,0.5,1.0,0.6546666666666667,0.3333333333333333,0.8888888888888888,0.7503097362462596,0.631578947368421,0.8461538461538461,9,12,Results/EY_xy/Generated_Plots_MC/EY_xy_T_Compact_tdist.pdf,Results/EY_xy/Generated_Plots_MC/EY_xy_T_Compact_boxplot.pdf,Results/EY_xy/Generated_Plots_MC/EY_xy_T_Compact_roc.pdf,Results/EY_xy/Generated_Plots_MC/EY_xy_T_Compact_cm.pdf,Results/EY_xy/Generated_Plots_MC/EY_xy_T_Compact_p_value_mc_dist.pdf,Results/EY_xy/Generated_Plots_MC/EY_xy_T_Compact_threshold_mc_dist.pdf,Results/EY_xy/Generated_Plots_MC/EY_xy_T_Compact_f1_score_mc_dist.pdf
EY_xy,T,Angle,t_Angle,not_equal,False,500,0.3798115001643331,0.1555357134050935,0.8034040745155593,0.968670303402532,0.25340932199382,1.5095384229351225,False,-81.28618352103123,-113.49818972498844,-70.543272300338,0.5702407407407407,0.4907407407407407,0.6481481481481481,ARVC,0.34177777777777774,0.3333333333333333,0.4444444444444444,0.9501666666666665,0.8333333333333334,1.0,0.4848144244128765,0.42857142857142855,0.5449999999999995,9,12,Results/EY_xy/Generated_Plots_MC/EY_xy_T_Angle_tdist.pdf,Results/EY_xy/Generated_Plots_MC/EY_xy_T_Angle_boxplot.pdf,Results/EY_xy/Generated_Plots_MC/EY_xy_T_Angle_roc.pdf,Results/EY_xy/Generated_Plots_MC/EY_xy_T_Angle_cm.pdf,Results/EY_xy/Generated_Plots_MC/EY_xy_T_Angle_p_value_mc_dist.pdf,Results/EY_xy/Generated_Plots_MC/EY_xy_T_Angle_threshold_mc_dist.pdf,Results/EY_xy/Generated_Plots_MC/EY_xy_T_Angle_f1_score_mc_dist.pdf
EY_xy,QRS,Area,qrs_Area,not_equal,True,500,0.3042941609269731,0.04128150570247207,0.9134475324979769,-1.2178970603496013,-2.310312361567071,0.4402720402997659,False,176.2684538319775,18.890660419935017,444.49801224260153,0.5813141814975148,0.47300505050505054,0.7012987012987013,Healthy,0.4696924242424242,0.18181818181818182,1.0,0.8810836940836941,0.3,1.0,0.5809803421785734,0.3076923076923077,0.7619047619047619,9,12,Results/EY_xy/Generated_Plots_MC/EY_xy_QRS_Area_tdist.pdf,Results/EY_xy/Generated_Plots_MC/EY_xy_QRS_Area_boxplot.pdf,Results/EY_xy/Generated_Plots_MC/EY_xy_QRS_Area_roc.pdf,Results/EY_xy/Generated_Plots_MC/EY_xy_QRS_Area_cm.pdf,Results/EY_xy/Generated_Plots_MC/EY_xy_QRS_Area_p_value_mc_dist.pdf,Results/EY_xy/Generated_Plots_MC/EY_xy_QRS_Area_threshold_mc_dist.pdf,Results/EY_xy/Generated_Plots_MC/EY_xy_QRS_Area_f1_score_mc_dist.pdf
EY_xy,QRS,T-Dist,qrs_T-Dist,not_equal,True,500,0.42533582851996965,0.06362136253217504,0.9555085136527202,-0.878164363904566,-2.009066673784098,0.4409913044772424,False,36.109566834032634,10.814795409933106,61.87648590793511,0.5798176106301106,0.47474747474747475,0.6851851851851851,Healthy,0.47028383838383836,0.18181818181818182,1.0,0.8589123376623377,0.3,1.0,0.5704271221605304,0.3076923076923077,0.75,9,12,Results/EY_xy/Generated_Plots_MC/EY_xy_QRS_T-Dist_tdist.pdf,Results/EY_xy/Generated_Plots_MC/EY_xy_QRS_T-Dist_boxplot.pdf,Results/EY_xy/Generated_Plots_MC/EY_xy_QRS_T-Dist_roc.pdf,Results/EY_xy/Generated_Plots_MC/EY_xy_QRS_T-Dist_cm.pdf,Results/EY_xy/Generated_Plots_MC/EY_xy_QRS_T-Dist_p_value_mc_dist.pdf,Results/EY_xy/Generated_Plots_MC/EY_xy_QRS_T-Dist_threshold_mc_dist.pdf,Results/EY_xy/Generated_Plots_MC/EY_xy_QRS_T-Dist_f1_score_mc_dist.pdf
EY_xy,QRS,Compact,qrs_Compact,not_equal,True,500,0.6030260431880449,0.11358602742268153,0.9871380791824325,-0.20335732052659733,-1.610381105238494,1.2245582300854922,False,0.6685660130196727,0.1626487234530824,1.3277809082170937,0.5634975288600289,0.4722222222222222,0.698560606060606,Healthy,0.5589213564213564,0.2222222222222222,1.0,0.7337966810966812,0.2222222222222222,1.0,0.5861384652034338,0.34772727272727305,0.7741935483870968,9,12,Results/EY_xy/Generated_Plots_MC/EY_xy_QRS_Compact_tdist.pdf,Results/EY_xy/Generated_Plots_MC/EY_xy_QRS_Compact_boxplot.pdf,Results/EY_xy/Generated_Plots_MC/EY_xy_QRS_Compact_roc.pdf,Results/EY_xy/Generated_Plots_MC/EY_xy_QRS_Compact_cm.pdf,Results/EY_xy/Generated_Plots_MC/EY_xy_QRS_Compact_p_value_mc_dist.pdf,Results/EY_xy/Generated_Plots_MC/EY_xy_QRS_Compact_threshold_mc_dist.pdf,Results/EY_xy/Generated_Plots_MC/EY_xy_QRS_Compact_f1_score_mc_dist.pdf
EY_xy,QRS,Angle,qrs_Angle,not_equal,False,500,0.5098537659641463,0.1001027468487416,0.9799403755114895,-0.5764400354081934,-1.7226565916469476,0.9611297865112346,False,-49.75952217859546,-139.83049791085924,29.17064390364788,0.5243703703703704,0.37962962962962965,0.6851851851851852,Healthy,0.4494444444444445,0.16666666666666666,1.0,0.8445,0.3729166666666675,1.0,0.5141462634097496,0.2857142857142857,0.75,9,12,Results/EY_xy/Generated_Plots_MC/EY_xy_QRS_Angle_tdist.pdf,Results/EY_xy/Generated_Plots_MC/EY_xy_QRS_Angle_boxplot.pdf,Results/EY_xy/Generated_Plots_MC/EY_xy_QRS_Angle_roc.pdf,Results/EY_xy/Generated_Plots_MC/EY_xy_QRS_Angle_cm.pdf,Results/EY_xy/Generated_Plots_MC/EY_xy_QRS_Angle_p_value_mc_dist.pdf,Results/EY_xy/Generated_Plots_MC/EY_xy_QRS_Angle_threshold_mc_dist.pdf,Results/EY_xy/Generated_Plots_MC/EY_xy_QRS_Angle_f1_score_mc_dist.pdf
EY_xy,ST,Area,st_Area,not_equal,True,500,0.41866169518738716,0.041333610723303785,0.9421068997677619,-0.16342142834048962,-2.040050518473483,2.2176514250781842,False,24.626283127351865,-1.8063279917788015,112.06954742178506,0.5936756263027095,0.4044270833333334,0.8076388888888888,Healthy,0.561794733044733,0.2,1.0,0.7859495670995672,0.29250000000000015,1.0,0.6044733627322509,0.3333333333333333,0.8181818181818182,9,12,Results/EY_xy/Generated_Plots_MC/EY_xy_ST_Area_tdist.pdf,Results/EY_xy/Generated_Plots_MC/EY_xy_ST_Area_boxplot.pdf,Results/EY_xy/Generated_Plots_MC/EY_xy_ST_Area_roc.pdf,Results/EY_xy/Generated_Plots_MC/EY_xy_ST_Area_cm.pdf,Results/EY_xy/Generated_Plots_MC/EY_xy_ST_Area_p_value_mc_dist.pdf,Results/EY_xy/Generated_Plots_MC/EY_xy_ST_Area_threshold_mc_dist.pdf,Results/EY_xy/Generated_Plots_MC/EY_xy_ST_Area_f1_score_mc_dist.pdf
EY_xy,ST,T-Dist,st_T-Dist,not_equal,True,500,0.38480922212526414,0.005786000924304015,0.9667198802697916,-0.8585485760746974,-3.3029548413623364,1.2383343853314146,False,2.7288823045841935,-0.41060671573358054,8.257995402775022,0.6186768406285073,0.46271990740740737,0.8165824915824915,Healthy,0.6162445887445888,0.2222222222222222,1.0,0.7592834776334777,0.2607954545454548,1.0,0.6469043944685527,0.36363636363636365,0.8519230769230767,9,12,Results/EY_xy/Generated_Plots_MC/EY_xy_ST_T-Dist_tdist.pdf,Results/EY_xy/Generated_Plots_MC/EY_xy_ST_T-Dist_boxplot.pdf,Results/EY_xy/Generated_Plots_MC/EY_xy_ST_T-Dist_roc.pdf,Results/EY_xy/Generated_Plots_MC/EY_xy_ST_T-Dist_cm.pdf,Results/EY_xy/Generated_Plots_MC/EY_xy_ST_T-Dist_p_value_mc_dist.pdf,Results/EY_xy/Generated_Plots_MC/EY_xy_ST_T-Dist_threshold_mc_dist.pdf,Results/EY_xy/Generated_Plots_MC/EY_xy_ST_T-Dist_f1_score_mc_dist.pdf
EY_xy,ST,Compact,st_Compact,not_equal,True,500,0.46908628175674344,0.03873715366458059,0.9616787611141429,-0.1968330839977546,-2.1595099316069217,1.817213940458772,False,0.5028260695098522,0.12160648343924875,1.2143041672833685,0.5858095286195286,0.4541035353535353,0.7629464285714285,ARVC,0.5839846320346321,0.18181818181818182,1.0,0.7483012987012987,0.2727272727272727,1.0,0.6116045540064227,0.3076923076923077,0.8,9,12,Results/EY_xy/Generated_Plots_MC/EY_xy_ST_Compact_tdist.pdf,Results/EY_xy/Generated_Plots_MC/EY_xy_ST_Compact_boxplot.pdf,Results/EY_xy/Generated_Plots_MC/EY_xy_ST_Compact_roc.pdf,Results/EY_xy/Generated_Plots_MC/EY_xy_ST_Compact_cm.pdf,Results/EY_xy/Generated_Plots_MC/EY_xy_ST_Compact_p_value_mc_dist.pdf,Results/EY_xy/Generated_Plots_MC/EY_xy_ST_Compact_threshold_mc_dist.pdf,Results/EY_xy/Generated_Plots_MC/EY_xy_ST_Compact_f1_score_mc_dist.pdf
EY_xy,ST,Angle,st_Angle,not_equal,False,500,0.3315169154695269,0.09877061252869208,0.9118373500349157,1.071994745032261,0.03491043095593399,1.7423057930566122,False,44.92905880264358,0.8941717442418735,106.9814771752837,0.6053888888888889,0.4814814814814815,0.7222222222222222,ARVC,0.6977777777777778,0.2222222222222222,0.9604166666666647,0.6268333333333332,0.3333333333333333,1.0,0.6223300921286761,0.36363636363636365,0.7304545454545452,9,12,Results/EY_xy/Generated_Plots_MC/EY_xy_ST_Angle_tdist.pdf,Results/EY_xy/Generated_Plots_MC/EY_xy_ST_Angle_boxplot.pdf,Results/EY_xy/Generated_Plots_MC/EY_xy_ST_Angle_roc.pdf,Results/EY_xy/Generated_Plots_MC/EY_xy_ST_Angle_cm.pdf,Results/EY_xy/Generated_Plots_MC/EY_xy_ST_Angle_p_value_mc_dist.pdf,Results/EY_xy/Generated_Plots_MC/EY_xy_ST_Angle_threshold_mc_dist.pdf,Results/EY_xy/Generated_Plots_MC/EY_xy_ST_Angle_f1_score_mc_dist.pdf
YP_yz,T,Area,t_Area,not_equal,True,500,0.0016016493741991575,0.0006784893099842525,0.003238682342622877,-4.290675547924592,-4.778515007251107,-3.817782288472116,True,29.20660025315493,20.58282975553598,32.206441459055405,0.9628121212121212,0.9494949494949495,0.9772727272727273,Healthy,0.9063272727272724,0.8181818181818182,0.9090909090909091,1.0,1.0,1.0,0.9507704260651628,0.9,0.9523809523809523,9,12,Results/YP_yz/Generated_Plots_MC/YP_yz_T_Area_tdist.pdf,Results/YP_yz/Generated_Plots_MC/YP_yz_T_Area_boxplot.pdf,Results/YP_yz/Generated_Plots_MC/YP_yz_T_Area_roc.pdf,Results/YP_yz/Generated_Plots_MC/YP_yz_T_Area_cm.pdf,Results/YP_yz/Generated_Plots_MC/YP_yz_T_Area_p_value_mc_dist.pdf,Results/YP_yz/Generated_Plots_MC/YP_yz_T_Area_threshold_mc_dist.pdf,Results/YP_yz/Generated_Plots_MC/YP_yz_T_Area_f1_score_mc_dist.pdf
YP_yz,T,T-Dist,t_T-Dist,not_equal,True,500,0.0048339748232312805,0.000501127496099341,0.016455227312451932,-3.6548321891417292,-4.699888261143075,-2.7656011123434756,True,10.788298122928925,8.44145810904933,13.654442895886085,0.8713992484367484,0.766087962962963,0.9375,Healthy,0.8206757575757576,0.6666666666666666,0.9166666666666666,0.9809246031746032,0.8571428571428571,1.0,0.8927771441935071,0.8,0.9565217391304348,9,12,Results/YP_yz/Generated_Plots_MC/YP_yz_T_T-Dist_tdist.pdf,Results/YP_yz/Generated_Plots_MC/YP_yz_T_T-Dist_boxplot.pdf,Results/YP_yz/Generated_Plots_MC/YP_yz_T_T-Dist_roc.pdf,Results/YP_yz/Generated_Plots_MC/YP_yz_T_T-Dist_cm.pdf,Results/YP_yz/Generated_Plots_MC/YP_yz_T_T-Dist_p_value_mc_dist.pdf,Results/YP_yz/Generated_Plots_MC/YP_yz_T_T-Dist_threshold_mc_dist.pdf,Results/YP_yz/Generated_Plots_MC/YP_yz_T_T-Dist_f1_score_mc_dist.pdf
YP_yz,T,Compact,t_Compact,not_equal,False,500,0.039923659724995335,0.00282908245023378,0.14173888582000738,-2.421730551340929,-3.460834344263992,-1.5346628013243373,True,0.614389501893102,0.29111966627778785,0.8907160337046164,0.7546296296296297,0.6388888888888888,0.865972222222222,Healthy,0.6806666666666668,0.4166666666666667,1.0,0.8115555555555556,0.3333333333333333,1.0,0.7363244755811913,0.5882352941176471,0.8571428571428571,9,12,Results/YP_yz/Generated_Plots_MC/YP_yz_T_Compact_tdist.pdf,Results/YP_yz/Generated_Plots_MC/YP_yz_T_Compact_boxplot.pdf,Results/YP_yz/Generated_Plots_MC/YP_yz_T_Compact_roc.pdf,Results/YP_yz/Generated_Plots_MC/YP_yz_T_Compact_cm.pdf,Results/YP_yz/Generated_Plots_MC/YP_yz_T_Compact_p_value_mc_dist.pdf,Results/YP_yz/Generated_Plots_MC/YP_yz_T_Compact_threshold_mc_dist.pdf,Results/YP_yz/Generated_Plots_MC/YP_yz_T_Compact_f1_score_mc_dist.pdf
YP_yz,T,Angle,t_Angle,not_equal,False,500,0.0370571977809055,0.009508716961518488,0.12104255235575984,2.3581692650749635,1.6251897260276964,2.8932697188458825,True,32.12610047316023,-116.91207832618552,135.87141549081215,0.7324444444444443,0.6296296296296297,0.8240740740740741,ARVC,0.9084444444444446,0.6666666666666666,1.0,0.5936666666666667,0.4166666666666667,0.8333333333333334,0.741573848344862,0.6956521739130435,0.8,9,12,Results/YP_yz/Generated_Plots_MC/YP_yz_T_Angle_tdist.pdf,Results/YP_yz/Generated_Plots_MC/YP_yz_T_Angle_boxplot.pdf,Results/YP_yz/Generated_Plots_MC/YP_yz_T_Angle_roc.pdf,Results/YP_yz/Generated_Plots_MC/YP_yz_T_Angle_cm.pdf,Results/YP_yz/Generated_Plots_MC/YP_yz_T_Angle_p_value_mc_dist.pdf,Results/YP_yz/Generated_Plots_MC/YP_yz_T_Angle_threshold_mc_dist.pdf,Results/YP_yz/Generated_Plots_MC/YP_yz_T_Angle_f1_score_mc_dist.pdf
YP_yz,QRS,Area,qrs_Area,not_equal,True,500,0.2880589446797116,0.04368204120965021,0.9080981529438156,-1.193525708683038,-2.2280743732431643,0.6379195014072256,False,92.01164912528006,14.362866024743111,167.42964897669185,0.5600606120731121,0.44217532467532467,0.6821969696969697,Healthy,0.4282886002886003,0.2,0.9130681818181816,0.9341421356421356,0.42857142857142855,1.0,0.5600655585490961,0.3333333333333333,0.7545258620689653,9,12,Results/YP_yz/Generated_Plots_MC/YP_yz_QRS_Area_tdist.pdf,Results/YP_yz/Generated_Plots_MC/YP_yz_QRS_Area_boxplot.pdf,Results/YP_yz/Generated_Plots_MC/YP_yz_QRS_Area_roc.pdf,Results/YP_yz/Generated_Plots_MC/YP_yz_QRS_Area_cm.pdf,Results/YP_yz/Generated_Plots_MC/YP_yz_QRS_Area_p_value_mc_dist.pdf,Results/YP_yz/Generated_Plots_MC/YP_yz_QRS_Area_threshold_mc_dist.pdf,Results/YP_yz/Generated_Plots_MC/YP_yz_QRS_Area_f1_score_mc_dist.pdf
YP_yz,QRS,T-Dist,qrs_T-Dist,not_equal,True,500,0.29104050365205564,0.015406239338554464,0.8499258275575243,-1.281869579329485,-2.7751278263666515,0.014873573265467016,False,31.908616559722315,10.63444234450778,54.63811363556964,0.6282483946608948,0.5,0.7738095238095238,Healthy,0.5881131313131314,0.25,1.0,0.767686075036075,0.2222222222222222,1.0,0.6468158008803919,0.4,0.8,9,12,Results/YP_yz/Generated_Plots_MC/YP_yz_QRS_T-Dist_tdist.pdf,Results/YP_yz/Generated_Plots_MC/YP_yz_QRS_T-Dist_boxplot.pdf,Results/YP_yz/Generated_Plots_MC/YP_yz_QRS_T-Dist_roc.pdf,Results/YP_yz/Generated_Plots_MC/YP_yz_QRS_T-Dist_cm.pdf,Results/YP_yz/Generated_Plots_MC/YP_yz_QRS_T-Dist_p_value_mc_dist.pdf,Results/YP_yz/Generated_Plots_MC/YP_yz_QRS_T-Dist_threshold_mc_dist.pdf,Results/YP_yz/Generated_Plots_MC/YP_yz_QRS_T-Dist_f1_score_mc_dist.pdf
YP_yz,QRS,Compact,qrs_Compact,not_equal,True,500,0.522479153635678,0.04239347402873959,0.9766592902674672,0.4671125946618537,-1.1902090549158806,2.2328792421720314,False,0.2107041069280662,0.04144969566007866,0.4748129601840732,0.5938758838383837,0.4537037037037037,0.7777777777777778,ARVC,0.6984037518037518,0.25,1.0,0.6564066378066379,0.25,1.0,0.6300538637351331,0.4,0.782608695652174,9,12,Results/YP_yz/Generated_Plots_MC/YP_yz_QRS_Compact_tdist.pdf,Results/YP_yz/Generated_Plots_MC/YP_yz_QRS_Compact_boxplot.pdf,Results/YP_yz/Generated_Plots_MC/YP_yz_QRS_Compact_roc.pdf,Results/YP_yz/Generated_Plots_MC/YP_yz_QRS_Compact_cm.pdf,Results/YP_yz/Generated_Plots_MC/YP_yz_QRS_Compact_p_value_mc_dist.pdf,Results/YP_yz/Generated_Plots_MC/YP_yz_QRS_Compact_threshold_mc_dist.pdf,Results/YP_yz/Generated_Plots_MC/YP_yz_QRS_Compact_f1_score_mc_dist.pdf
YP_yz,QRS,Angle,qrs_Angle,not_equal,False,500,0.461160784215494,0.12101557081132533,0.9576710294188054,0.8107491483208182,-0.058495439876902665,1.6275408658034745,False,59.20231878789351,-145.19796100410946,164.64269682972895,0.5959074074074074,0.4722222222222222,0.7222222222222222,ARVC,0.7645555555555555,0.3333333333333333,1.0,0.5546666666666666,0.25,0.9604166666666647,0.6403990211335155,0.4658371040723983,0.7322966507177031,9,12,Results/YP_yz/Generated_Plots_MC/YP_yz_QRS_Angle_tdist.pdf,Results/YP_yz/Generated_Plots_MC/YP_yz_QRS_Angle_boxplot.pdf,Results/YP_yz/Generated_Plots_MC/YP_yz_QRS_Angle_roc.pdf,Results/YP_yz/Generated_Plots_MC/YP_yz_QRS_Angle_cm.pdf,Results/YP_yz/Generated_Plots_MC/YP_yz_QRS_Angle_p_value_mc_dist.pdf,Results/YP_yz/Generated_Plots_MC/YP_yz_QRS_Angle_threshold_mc_dist.pdf,Results/YP_yz/Generated_Plots_MC/YP_yz_QRS_Angle_f1_score_mc_dist.pdf
YP_yz,ST,Area,st_Area,not_equal,True,500,0.33373737309692186,0.013351042554593195,0.9529319617621279,-0.956323251662605,-2.7932230028998695,1.6331490497742651,False,12.815524804822166,-1.0331040448795612,39.77491880184436,0.6292438592271926,0.4437815656565656,0.8511931818181818,Healthy,0.5844183982683983,0.21055555555555577,1.0,0.8244875180375181,0.2727272727272727,1.0,0.6468134589999511,0.34772727272727305,0.8571428571428571,9,12,Results/YP_yz/Generated_Plots_MC/YP_yz_ST_Area_tdist.pdf,Results/YP_yz/Generated_Plots_MC/YP_yz_ST_Area_boxplot.pdf,Results/YP_yz/Generated_Plots_MC/YP_yz_ST_Area_roc.pdf,Results/YP_yz/Generated_Plots_MC/YP_yz_ST_Area_cm.pdf,Results/YP_yz/Generated_Plots_MC/YP_yz_ST_Area_p_value_mc_dist.pdf,Results/YP_yz/Generated_Plots_MC/YP_yz_ST_Area_threshold_mc_dist.pdf,Results/YP_yz/Generated_Plots_MC/YP_yz_ST_Area_f1_score_mc_dist.pdf
YP_yz,ST,T-Dist,st_T-Dist,not_equal,True,500,0.37332010430748125,0.001897942791487217,0.9668323957604817,-0.9912196797012379,-3.712786650889774,1.177661224922469,False,3.3620296768338918,-0.5212291565482247,7.672830844243482,0.6543939834856501,0.4627199074074074,0.8925,Healthy,0.6584085858585859,0.2727272727272727,1.0,0.7825030303030303,0.2727272727272727,1.0,0.6883864297062454,0.41357142857142887,0.9,9,12,Results/YP_yz/Generated_Plots_MC/YP_yz_ST_T-Dist_tdist.pdf,Results/YP_yz/Generated_Plots_MC/YP_yz_ST_T-Dist_boxplot.pdf,Results/YP_yz/Generated_Plots_MC/YP_yz_ST_T-Dist_roc.pdf,Results/YP_yz/Generated_Plots_MC/YP_yz_ST_T-Dist_cm.pdf,Results/YP_yz/Generated_Plots_MC/YP_yz_ST_T-Dist_p_value_mc_dist.pdf,Results/YP_yz/Generated_Plots_MC/YP_yz_ST_T-Dist_threshold_mc_dist.pdf,Results/YP_yz/Generated_Plots_MC/YP_yz_ST_T-Dist_f1_score_mc_dist.pdf
YP_yz,ST,Compact,st_Compact,not_equal,True,500,0.4945315697794002,0.03440204331837297,0.9789814166616628,-0.39664072973960546,-2.214828599235938,1.6306331632436695,False,0.31379113336610975,0.03665362614197247,0.6984825540509719,0.5888628102453103,0.4722222222222222,0.7611979166666666,Healthy,0.6072972582972584,0.19045454545454565,1.0,0.7240477633477633,0.2607954545454548,1.0,0.6199718183095763,0.3198717948717951,0.8,9,12,Results/YP_yz/Generated_Plots_MC/YP_yz_ST_Compact_tdist.pdf,Results/YP_yz/Generated_Plots_MC/YP_yz_ST_Compact_boxplot.pdf,Results/YP_yz/Generated_Plots_MC/YP_yz_ST_Compact_roc.pdf,Results/YP_yz/Generated_Plots_MC/YP_yz_ST_Compact_cm.pdf,Results/YP_yz/Generated_Plots_MC/YP_yz_ST_Compact_p_value_mc_dist.pdf,Results/YP_yz/Generated_Plots_MC/YP_yz_ST_Compact_threshold_mc_dist.pdf,Results/YP_yz/Generated_Plots_MC/YP_yz_ST_Compact_f1_score_mc_dist.pdf
YP_yz,ST,Angle,st_Angle,not_equal,False,500,0.33301013882738195,0.046647734056586135,0.8818918672968344,-1.1307224177351456,-2.191256040817181,-0.11397226496998628,False,-10.650287436831334,-32.00476040436079,7.875779494340409,0.6792222222222222,0.5370370370370371,0.8055555555555556,Healthy,0.6822222222222223,0.4562500000000009,0.9604166666666647,0.7645,0.5555555555555556,0.8888888888888888,0.7250871250248995,0.5766666666666671,0.8461538461538461,9,12,Results/YP_yz/Generated_Plots_MC/YP_yz_ST_Angle_tdist.pdf,Results/YP_yz/Generated_Plots_MC/YP_yz_ST_Angle_boxplot.pdf,Results/YP_yz/Generated_Plots_MC/YP_yz_ST_Angle_roc.pdf,Results/YP_yz/Generated_Plots_MC/YP_yz_ST_Angle_cm.pdf,Results/YP_yz/Generated_Plots_MC/YP_yz_ST_Angle_p_value_mc_dist.pdf,Results/YP_yz/Generated_Plots_MC/YP_yz_ST_Angle_threshold_mc_dist.pdf,Results/YP_yz/Generated_Plots_MC/YP_yz_ST_Angle_f1_score_mc_dist.pdf
NL_yz,T,Area,t_Area,not_equal,True,500,0.0266702040635371,0.01356239187558468,0.04643216972243787,-2.6107640373520553,-2.95323620857911,-2.263787652099279,True,19.001514594511043,9.225533775555261,25.269290894510103,0.8876196969696969,0.8181818181818181,0.9431818181818181,Healthy,0.7517424242424242,0.6363636363636364,0.9090909090909091,0.9825,0.75,1.0,0.8503062250604423,0.7694444444444446,0.9090909090909091,9,12,Results/NL_yz/Generated_Plots_MC/NL_yz_T_Area_tdist.pdf,Results/NL_yz/Generated_Plots_MC/NL_yz_T_Area_boxplot.pdf,Results/NL_yz/Generated_Plots_MC/NL_yz_T_Area_roc.pdf,Results/NL_yz/Generated_Plots_MC/NL_yz_T_Area_cm.pdf,Results/NL_yz/Generated_Plots_MC/NL_yz_T_Area_p_value_mc_dist.pdf,Results/NL_yz/Generated_Plots_MC/NL_yz_T_Area_threshold_mc_dist.pdf,Results/NL_yz/Generated_Plots_MC/NL_yz_T_Area_f1_score_mc_dist.pdf
NL_yz,T,T-Dist,t_T-Dist,not_equal,True,500,0.027708333800455797,0.003852160905458283,0.08463125615672004,-2.578561640724047,-3.476509233528063,-1.8374095951866278,True,9.81213879497833,7.447088240101421,14.362393842570702,0.7758830567580568,0.6851851851851852,0.8809523809523809,Healthy,0.7408636363636363,0.5,0.9166666666666666,0.8171150793650794,0.625,1.0,0.7893907549874734,0.631578947368421,0.9090909090909091,9,12,Results/NL_yz/Generated_Plots_MC/NL_yz_T_T-Dist_tdist.pdf,Results/NL_yz/Generated_Plots_MC/NL_yz_T_T-Dist_boxplot.pdf,Results/NL_yz/Generated_Plots_MC/NL_yz_T_T-Dist_roc.pdf,Results/NL_yz/Generated_Plots_MC/NL_yz_T_T-Dist_cm.pdf,Results/NL_yz/Generated_Plots_MC/NL_yz_T_T-Dist_p_value_mc_dist.pdf,Results/NL_yz/Generated_Plots_MC/NL_yz_T_T-Dist_threshold_mc_dist.pdf,Results/NL_yz/Generated_Plots_MC/NL_yz_T_T-Dist_f1_score_mc_dist.pdf
NL_yz,T,Compact,t_Compact,not_equal,False,500,0.7287343686863955,0.36019951354543145,0.9862542649742434,-0.20975413560601738,-0.92984413233628,0.5722131090739682,False,0.4687150100616392,0.12613260042486335,1.1104385001498691,0.5572407407407408,0.4444444444444444,0.6481481481481481,Healthy,0.6617222222222222,0.2222222222222222,1.0,0.6221666666666666,0.3333333333333333,1.0,0.6462283710732434,0.3333333333333333,0.8,9,12,Results/NL_yz/Generated_Plots_MC/NL_yz_T_Compact_tdist.pdf,Results/NL_yz/Generated_Plots_MC/NL_yz_T_Compact_boxplot.pdf,Results/NL_yz/Generated_Plots_MC/NL_yz_T_Compact_roc.pdf,Results/NL_yz/Generated_Plots_MC/NL_yz_T_Compact_cm.pdf,Results/NL_yz/Generated_Plots_MC/NL_yz_T_Compact_p_value_mc_dist.pdf,Results/NL_yz/Generated_Plots_MC/NL_yz_T_Compact_threshold_mc_dist.pdf,Results/NL_yz/Generated_Plots_MC/NL_yz_T_Compact_f1_score_mc_dist.pdf
NL_yz,T,Angle,t_Angle,not_equal,False,500,0.6653942954967599,0.24719497249583,0.9851052522693929,-0.37036261306720103,-1.1958971435757453,0.4587653231315207,False,-23.52946454378738,-141.5903141639222,198.41014252137515,0.5359814814814815,0.4722222222222222,0.6111111111111112,Healthy,0.6654444444444445,0.16666666666666666,1.0,0.5660555555555554,0.2222222222222222,1.0,0.6094470626168267,0.2857142857142857,0.8,9,12,Results/NL_yz/Generated_Plots_MC/NL_yz_T_Angle_tdist.pdf,Results/NL_yz/Generated_Plots_MC/NL_yz_T_Angle_boxplot.pdf,Results/NL_yz/Generated_Plots_MC/NL_yz_T_Angle_roc.pdf,Results/NL_yz/Generated_Plots_MC/NL_yz_T_Angle_cm.pdf,Results/NL_yz/Generated_Plots_MC/NL_yz_T_Angle_p_value_mc_dist.pdf,Results/NL_yz/Generated_Plots_MC/NL_yz_T_Angle_threshold_mc_dist.pdf,Results/NL_yz/Generated_Plots_MC/NL_yz_T_Angle_f1_score_mc_dist.pdf
NL_yz,QRS,Area,qrs_Area,not_equal,True,500,0.2289730780270341,0.012037116264846628,0.8712941776514088,-1.654928209893756,-2.9720258771695507,0.2978044820876347,False,70.6860295247876,28.826122728982657,254.59226573519834,0.6693066378066378,0.4431818181818181,0.8051948051948052,Healthy,0.6496666666666667,0.25,0.8181818181818182,0.8426335497835499,0.625,1.0,0.7292388114923718,0.4,0.8421052631578947,9,12,Results/NL_yz/Generated_Plots_MC/NL_yz_QRS_Area_tdist.pdf,Results/NL_yz/Generated_Plots_MC/NL_yz_QRS_Area_boxplot.pdf,Results/NL_yz/Generated_Plots_MC/NL_yz_QRS_Area_roc.pdf,Results/NL_yz/Generated_Plots_MC/NL_yz_QRS_Area_cm.pdf,Results/NL_yz/Generated_Plots_MC/NL_yz_QRS_Area_p_value_mc_dist.pdf,Results/NL_yz/Generated_Plots_MC/NL_yz_QRS_Area_threshold_mc_dist.pdf,Results/NL_yz/Generated_Plots_MC/NL_yz_QRS_Area_f1_score_mc_dist.pdf
NL_yz,QRS,T-Dist,qrs_T-Dist,not_equal,True,500,0.005177603631478725,1.396867422435901e-05,0.028817296926459752,-4.390454877535909,-6.715655010864564,-2.418561865782854,True,18.43598031122218,10.87148818233857,26.57742944431939,0.9283150613275614,0.7885416666666668,1.0,Healthy,0.8700030303030303,0.6363636363636364,1.0,0.92725,0.6674107142857152,1.0,0.9057841257671451,0.7777777777777778,1.0,9,12,Results/NL_yz/Generated_Plots_MC/NL_yz_QRS_T-Dist_tdist.pdf,Results/NL_yz/Generated_Plots_MC/NL_yz_QRS_T-Dist_boxplot.pdf,Results/NL_yz/Generated_Plots_MC/NL_yz_QRS_T-Dist_roc.pdf,Results/NL_yz/Generated_Plots_MC/NL_yz_QRS_T-Dist_cm.pdf,Results/NL_yz/Generated_Plots_MC/NL_yz_QRS_T-Dist_p_value_mc_dist.pdf,Results/NL_yz/Generated_Plots_MC/NL_yz_QRS_T-Dist_threshold_mc_dist.pdf,Results/NL_yz/Generated_Plots_MC/NL_yz_QRS_T-Dist_f1_score_mc_dist.pdf
NL_yz,QRS,Compact,qrs_Compact,not_equal,True,500,0.2473240126182132,0.03751650679220439,0.7964383462270878,1.3648218867873196,0.005266749612521611,2.4001444892196764,False,0.7473456305958083,0.2524256250965116,1.2784383140612041,0.6484689694564695,0.5185185185185185,0.7888888888888889,ARVC,0.5224007936507937,0.3333333333333333,0.8888888888888888,0.8790376623376622,0.5,1.0,0.6119375917214804,0.4442307692307696,0.789444444444444,9,12,Results/NL_yz/Generated_Plots_MC/NL_yz_QRS_Compact_tdist.pdf,Results/NL_yz/Generated_Plots_MC/NL_yz_QRS_Compact_boxplot.pdf,Results/NL_yz/Generated_Plots_MC/NL_yz_QRS_Compact_roc.pdf,Results/NL_yz/Generated_Plots_MC/NL_yz_QRS_Compact_cm.pdf,Results/NL_yz/Generated_Plots_MC/NL_yz_QRS_Compact_p_value_mc_dist.pdf,Results/NL_yz/Generated_Plots_MC/NL_yz_QRS_Compact_threshold_mc_dist.pdf,Results/NL_yz/Generated_Plots_MC/NL_yz_QRS_Compact_f1_score_mc_dist.pdf
NL_yz,QRS,Angle,qrs_Angle,not_equal,False,500,0.3259951879494184,0.057998678156053474,0.8971785393358618,-1.1195704252456533,-2.0235806299080155,-0.13121790584619197,False,-86.12051889168652,-148.34729316197297,149.2657461756699,0.6816481481481481,0.5462962962962963,0.8055555555555556,Healthy,0.8268888888888888,0.2895833333333342,1.0,0.597,0.3333333333333333,1.0,0.7545323838284576,0.4335294117647066,0.8888888888888888,9,12,Results/NL_yz/Generated_Plots_MC/NL_yz_QRS_Angle_tdist.pdf,Results/NL_yz/Generated_Plots_MC/NL_yz_QRS_Angle_boxplot.pdf,Results/NL_yz/Generated_Plots_MC/NL_yz_QRS_Angle_roc.pdf,Results/NL_yz/Generated_Plots_MC/NL_yz_QRS_Angle_cm.pdf,Results/NL_yz/Generated_Plots_MC/NL_yz_QRS_Angle_p_value_mc_dist.pdf,Results/NL_yz/Generated_Plots_MC/NL_yz_QRS_Angle_threshold_mc_dist.pdf,Results/NL_yz/Generated_Plots_MC/NL_yz_QRS_Angle_f1_score_mc_dist.pdf
NL_yz,ST,Area,st_Area,not_equal,True,500,0.35588291948349765,0.01506345566100253,0.9390341618174115,-0.6374250174660783,-2.937533302139286,1.45209401778129,False,30.967666355661816,0.1957449471387359,153.0665536497085,0.616056234968735,0.38602272727272724,0.8523863636363636,Healthy,0.5738002164502164,0.16136363636363676,1.0,0.8335670274170275,0.2727272727272727,1.0,0.6378837765971634,0.2774038461538468,0.8888888888888888,9,12,Results/NL_yz/Generated_Plots_MC/NL_yz_ST_Area_tdist.pdf,Results/NL_yz/Generated_Plots_MC/NL_yz_ST_Area_boxplot.pdf,Results/NL_yz/Generated_Plots_MC/NL_yz_ST_Area_roc.pdf,Results/NL_yz/Generated_Plots_MC/NL_yz_ST_Area_cm.pdf,Results/NL_yz/Generated_Plots_MC/NL_yz_ST_Area_p_value_mc_dist.pdf,Results/NL_yz/Generated_Plots_MC/NL_yz_ST_Area_threshold_mc_dist.pdf,Results/NL_yz/Generated_Plots_MC/NL_yz_ST_Area_f1_score_mc_dist.pdf
NL_yz,ST,T-Dist,st_T-Dist,not_equal,True,500,0.3721416734291577,0.008718143757028925,0.9740731517050955,-0.702570757433505,-3.0530329031236674,1.4493530216201214,False,4.965093261655487,-0.5633985066154449,18.422582227421973,0.6211017235850569,0.45454545454545453,0.8333333333333334,ARVC,0.6100600288600289,0.25,1.0,0.7845795093795093,0.2727272727272727,1.0,0.6493027530017421,0.4,0.8571428571428571,9,12,Results/NL_yz/Generated_Plots_MC/NL_yz_ST_T-Dist_tdist.pdf,Results/NL_yz/Generated_Plots_MC/NL_yz_ST_T-Dist_boxplot.pdf,Results/NL_yz/Generated_Plots_MC/NL_yz_ST_T-Dist_roc.pdf,Results/NL_yz/Generated_Plots_MC/NL_yz_ST_T-Dist_cm.pdf,Results/NL_yz/Generated_Plots_MC/NL_yz_ST_T-Dist_p_value_mc_dist.pdf,Results/NL_yz/Generated_Plots_MC/NL_yz_ST_T-Dist_threshold_mc_dist.pdf,Results/NL_yz/Generated_Plots_MC/NL_yz_ST_T-Dist_f1_score_mc_dist.pdf
NL_yz,ST,Compact,st_Compact,not_equal,True,500,0.4949593511988159,0.0243828144696862,0.9847307057642578,0.13980778783265885,-2.030217140357338,2.158057563234879,False,0.48846999765839516,0.11064539070395836,1.0578058988959276,0.5918305014430015,0.46271990740740737,0.7646874999999999,ARVC,0.6215869408369408,0.23541666666666694,1.0,0.7206431457431458,0.25,1.0,0.6303735304056054,0.369034090909091,0.8181818181818182,9,12,Results/NL_yz/Generated_Plots_MC/NL_yz_ST_Compact_tdist.pdf,Results/NL_yz/Generated_Plots_MC/NL_yz_ST_Compact_boxplot.pdf,Results/NL_yz/Generated_Plots_MC/NL_yz_ST_Compact_roc.pdf,Results/NL_yz/Generated_Plots_MC/NL_yz_ST_Compact_cm.pdf,Results/NL_yz/Generated_Plots_MC/NL_yz_ST_Compact_p_value_mc_dist.pdf,Results/NL_yz/Generated_Plots_MC/NL_yz_ST_Compact_threshold_mc_dist.pdf,Results/NL_yz/Generated_Plots_MC/NL_yz_ST_Compact_f1_score_mc_dist.pdf
NL_yz,ST,Angle,st_Angle,not_equal,False,500,0.5896146614540421,0.21849387710239412,0.9712826130377894,-0.4105677331390367,-1.2902540651454482,0.7172790773965269,False,73.06963597825602,-16.72156067728536,142.74042899574192,0.5516111111111112,0.4814814814814815,0.6344907407407405,Healthy,0.5118888888888888,0.16666666666666666,1.0,0.7320555555555556,0.23541666666666694,1.0,0.5434712313856386,0.2857142857142857,0.7741935483870968,9,12,Results/NL_yz/Generated_Plots_MC/NL_yz_ST_Angle_tdist.pdf,Results/NL_yz/Generated_Plots_MC/NL_yz_ST_Angle_boxplot.pdf,Results/NL_yz/Generated_Plots_MC/NL_yz_ST_Angle_roc.pdf,Results/NL_yz/Generated_Plots_MC/NL_yz_ST_Angle_cm.pdf,Results/NL_yz/Generated_Plots_MC/NL_yz_ST_Angle_p_value_mc_dist.pdf,Results/NL_yz/Generated_Plots_MC/NL_yz_ST_Angle_threshold_mc_dist.pdf,Results/NL_yz/Generated_Plots_MC/NL_yz_ST_Angle_f1_score_mc_dist.pdf
OT_yz,T,Area,t_Area,not_equal,True,500,0.01980160318940291,0.007827919680844458,0.04069881885450206,-2.8242961790045724,-3.310916854323538,-2.346669688595607,True,40.58627169293064,15.938960278933964,65.9671462140288,0.8194084415584416,0.7272727272727272,0.8999999999999999,Healthy,0.6623818181818181,0.5,0.9,0.9522142857142858,0.7312500000000004,1.0,0.7750453130035039,0.6666666666666666,0.9,8,11,Results/OT_yz/Generated_Plots_MC/OT_yz_T_Area_tdist.pdf,Results/OT_yz/Generated_Plots_MC/OT_yz_T_Area_boxplot.pdf,Results/OT_yz/Generated_Plots_MC/OT_yz_T_Area_roc.pdf,Results/OT_yz/Generated_Plots_MC/OT_yz_T_Area_cm.pdf,Results/OT_yz/Generated_Plots_MC/OT_yz_T_Area_p_value_mc_dist.pdf,Results/OT_yz/Generated_Plots_MC/OT_yz_T_Area_threshold_mc_dist.pdf,Results/OT_yz/Generated_Plots_MC/OT_yz_T_Area_f1_score_mc_dist.pdf
OT_yz,T,T-Dist,t_T-Dist,not_equal,True,500,0.06506967332522723,0.0002700517590402196,0.24665362238816332,-2.3994914154235123,-5.055155150596233,-1.2029980508409144,False,11.795395615113321,8.32473518203776,15.423329036569633,0.7832212395210609,0.6375,0.96875,Healthy,0.701858585858586,0.42111111111111155,1.0,0.8968928571428572,0.625,1.0,0.7797511479636261,0.5923076923076928,0.9411764705882353,8,11,Results/OT_yz/Generated_Plots_MC/OT_yz_T_T-Dist_tdist.pdf,Results/OT_yz/Generated_Plots_MC/OT_yz_T_T-Dist_boxplot.pdf,Results/OT_yz/Generated_Plots_MC/OT_yz_T_T-Dist_roc.pdf,Results/OT_yz/Generated_Plots_MC/OT_yz_T_T-Dist_cm.pdf,Results/OT_yz/Generated_Plots_MC/OT_yz_T_T-Dist_p_value_mc_dist.pdf,Results/OT_yz/Generated_Plots_MC/OT_yz_T_T-Dist_threshold_mc_dist.pdf,Results/OT_yz/Generated_Plots_MC/OT_yz_T_T-Dist_f1_score_mc_dist.pdf
OT_yz,T,Compact,t_Compact,not_equal,False,500,0.7797787116702999,0.4180226919859009,0.9937278641794562,-0.1683393287371588,-0.8202300199791436,0.47399830661204173,False,0.5814321116957658,0.059837811807630585,1.3524316834115881,0.5491363636363638,0.45994318181818195,0.6477272727272727,Healthy,0.61775,0.125,1.0,0.6353181818181819,0.25,1.0,0.6130750251898335,0.2222222222222222,0.7857142857142857,8,11,Results/OT_yz/Generated_Plots_MC/OT_yz_T_Compact_tdist.pdf,Results/OT_yz/Generated_Plots_MC/OT_yz_T_Compact_boxplot.pdf,Results/OT_yz/Generated_Plots_MC/OT_yz_T_Compact_roc.pdf,Results/OT_yz/Generated_Plots_MC/OT_yz_T_Compact_cm.pdf,Results/OT_yz/Generated_Plots_MC/OT_yz_T_Compact_p_value_mc_dist.pdf,Results/OT_yz/Generated_Plots_MC/OT_yz_T_Compact_threshold_mc_dist.pdf,Results/OT_yz/Generated_Plots_MC/OT_yz_T_Compact_f1_score_mc_dist.pdf
OT_yz,T,Angle,t_Angle,not_equal,False,500,0.48367308599599607,0.1426919973382268,0.9596899968923679,0.7701923499047559,-0.12135501121629481,1.5685153035775212,False,41.46702905615052,-30.227185515512712,153.0945507780307,0.5812045454545454,0.48863636363636365,0.6704545454545455,ARVC,0.5660454545454545,0.369034090909091,0.625,0.7919545454545455,0.6363636363636364,1.0,0.6105726150526459,0.5,0.7142857142857143,8,11,Results/OT_yz/Generated_Plots_MC/OT_yz_T_Angle_tdist.pdf,Results/OT_yz/Generated_Plots_MC/OT_yz_T_Angle_boxplot.pdf,Results/OT_yz/Generated_Plots_MC/OT_yz_T_Angle_roc.pdf,Results/OT_yz/Generated_Plots_MC/OT_yz_T_Angle_cm.pdf,Results/OT_yz/Generated_Plots_MC/OT_yz_T_Angle_p_value_mc_dist.pdf,Results/OT_yz/Generated_Plots_MC/OT_yz_T_Angle_threshold_mc_dist.pdf,Results/OT_yz/Generated_Plots_MC/OT_yz_T_Angle_f1_score_mc_dist.pdf
OT_yz,QRS,Area,qrs_Area,not_equal,True,500,0.38059357878264766,0.06419238794319757,0.9301443609007959,-1.0086969883812478,-2.0980155563568292,0.190139149614972,False,164.32771603389284,16.648916115476396,325.81672008496093,0.5451382876382876,0.4305555555555556,0.65,Healthy,0.464529797979798,0.2,1.0,0.8808896825396826,0.36500000000000066,1.0,0.5767285570891022,0.3333333333333333,0.75,8,11,Results/OT_yz/Generated_Plots_MC/OT_yz_QRS_Area_tdist.pdf,Results/OT_yz/Generated_Plots_MC/OT_yz_QRS_Area_boxplot.pdf,Results/OT_yz/Generated_Plots_MC/OT_yz_QRS_Area_roc.pdf,Results/OT_yz/Generated_Plots_MC/OT_yz_QRS_Area_cm.pdf,Results/OT_yz/Generated_Plots_MC/OT_yz_QRS_Area_p_value_mc_dist.pdf,Results/OT_yz/Generated_Plots_MC/OT_yz_QRS_Area_threshold_mc_dist.pdf,Results/OT_yz/Generated_Plots_MC/OT_yz_QRS_Area_f1_score_mc_dist.pdf
OT_yz,QRS,T-Dist,qrs_T-Dist,not_equal,True,500,0.6209464294898187,0.14950161740057671,0.9878883295132782,0.06751973438174885,-1.2887592473630867,1.4385585504176979,False,38.04706319815752,14.033370694576474,71.16868334063015,0.5559807990620491,0.46249999999999997,0.6666666666666667,Healthy,0.5307810966810966,0.18181818181818182,1.0,0.7523568542568543,0.2727272727272727,1.0,0.5681757168817433,0.3076923076923077,0.75,8,11,Results/OT_yz/Generated_Plots_MC/OT_yz_QRS_T-Dist_tdist.pdf,Results/OT_yz/Generated_Plots_MC/OT_yz_QRS_T-Dist_boxplot.pdf,Results/OT_yz/Generated_Plots_MC/OT_yz_QRS_T-Dist_roc.pdf,Results/OT_yz/Generated_Plots_MC/OT_yz_QRS_T-Dist_cm.pdf,Results/OT_yz/Generated_Plots_MC/OT_yz_QRS_T-Dist_p_value_mc_dist.pdf,Results/OT_yz/Generated_Plots_MC/OT_yz_QRS_T-Dist_threshold_mc_dist.pdf,Results/OT_yz/Generated_Plots_MC/OT_yz_QRS_T-Dist_f1_score_mc_dist.pdf
OT_yz,QRS,Compact,qrs_Compact,not_equal,True,500,0.3516027358447345,0.00523060034714163,0.9638958523172476,-1.1997770308856435,-3.2907249677319057,0.43342602768913174,False,0.32757000861230834,0.11374575546487886,0.69476742855783,0.6482904852092353,0.48093750000000013,0.8323051948051948,Healthy,0.6482762626262627,0.21055555555555577,1.0,0.7637191197691198,0.36363636363636365,1.0,0.6855376852728541,0.34772727272727305,0.8636645962732916,8,11,Results/OT_yz/Generated_Plots_MC/OT_yz_QRS_Compact_tdist.pdf,Results/OT_yz/Generated_Plots_MC/OT_yz_QRS_Compact_boxplot.pdf,Results/OT_yz/Generated_Plots_MC/OT_yz_QRS_Compact_roc.pdf,Results/OT_yz/Generated_Plots_MC/OT_yz_QRS_Compact_cm.pdf,Results/OT_yz/Generated_Plots_MC/OT_yz_QRS_Compact_p_value_mc_dist.pdf,Results/OT_yz/Generated_Plots_MC/OT_yz_QRS_Compact_threshold_mc_dist.pdf,Results/OT_yz/Generated_Plots_MC/OT_yz_QRS_Compact_f1_score_mc_dist.pdf
OT_yz,QRS,Angle,qrs_Angle,not_equal,False,500,0.7758328749542761,0.464023542667465,0.9916811736311973,0.12161427445108856,-0.5895374649062887,0.7286110838687212,False,4.963034445941238,-156.1715664797871,178.91912916663722,0.5125227272727273,0.3977272727272727,0.6931818181818182,ARVC,0.58375,0.25,1.0,0.7195909090909093,0.375,1.0,0.5963294900006341,0.36363636363636365,0.8461538461538461,8,11,Results/OT_yz/Generated_Plots_MC/OT_yz_QRS_Angle_tdist.pdf,Results/OT_yz/Generated_Plots_MC/OT_yz_QRS_Angle_boxplot.pdf,Results/OT_yz/Generated_Plots_MC/OT_yz_QRS_Angle_roc.pdf,Results/OT_yz/Generated_Plots_MC/OT_yz_QRS_Angle_cm.pdf,Results/OT_yz/Generated_Plots_MC/OT_yz_QRS_Angle_p_value_mc_dist.pdf,Results/OT_yz/Generated_Plots_MC/OT_yz_QRS_Angle_threshold_mc_dist.pdf,Results/OT_yz/Generated_Plots_MC/OT_yz_QRS_Angle_f1_score_mc_dist.pdf
OT_yz,ST,Area,st_Area,not_equal,True,500,0.43856269200921,0.034460754955761466,0.9729657264920407,-0.48635299301830687,-2.2432355882419044,2.0678728971061817,False,19.95946007944305,-1.0759762717316765,73.11380759006359,0.5961595692468907,0.3983333333333334,0.8110863095238094,Healthy,0.5870386002886002,0.2,1.0,0.7644603174603175,0.2669642857142861,1.0,0.6194365494904032,0.3333333333333333,0.8235294117647058,8,11,Results/OT_yz/Generated_Plots_MC/OT_yz_ST_Area_tdist.pdf,Results/OT_yz/Generated_Plots_MC/OT_yz_ST_Area_boxplot.pdf,Results/OT_yz/Generated_Plots_MC/OT_yz_ST_Area_roc.pdf,Results/OT_yz/Generated_Plots_MC/OT_yz_ST_Area_cm.pdf,Results/OT_yz/Generated_Plots_MC/OT_yz_ST_Area_p_value_mc_dist.pdf,Results/OT_yz/Generated_Plots_MC/OT_yz_ST_Area_threshold_mc_dist.pdf,Results/OT_yz/Generated_Plots_MC/OT_yz_ST_Area_f1_score_mc_dist.pdf
OT_yz,ST,T-Dist,st_T-Dist,not_equal,True,500,0.2859533973967558,0.003949300510772586,0.9288103364230921,-1.3865031819370315,-3.4720088042604864,0.7447901552691086,False,4.479437696565588,-0.2581534852680285,9.57715745476924,0.6644422779667423,0.473125,0.8677272727272726,Healthy,0.6407639971139971,0.2727272727272727,1.0,0.8169881673881673,0.3,1.0,0.6957863581275965,0.42857142857142855,0.8695652173913043,8,11,Results/OT_yz/Generated_Plots_MC/OT_yz_ST_T-Dist_tdist.pdf,Results/OT_yz/Generated_Plots_MC/OT_yz_ST_T-Dist_boxplot.pdf,Results/OT_yz/Generated_Plots_MC/OT_yz_ST_T-Dist_roc.pdf,Results/OT_yz/Generated_Plots_MC/OT_yz_ST_T-Dist_cm.pdf,Results/OT_yz/Generated_Plots_MC/OT_yz_ST_T-Dist_p_value_mc_dist.pdf,Results/OT_yz/Generated_Plots_MC/OT_yz_ST_T-Dist_threshold_mc_dist.pdf,Results/OT_yz/Generated_Plots_MC/OT_yz_ST_T-Dist_f1_score_mc_dist.pdf
OT_yz,ST,Compact,st_Compact,not_equal,True,500,0.45325429213649127,0.01867041646821411,0.9735430362626983,-0.17454956959118448,-2.138770917616911,2.2834781273603335,False,0.43873664456092537,0.10278001409722588,0.9724856084510081,0.5879947041847042,0.4375,0.8055555555555556,Healthy,0.5903202741702741,0.2,1.0,0.77186443001443,0.2727272727272727,1.0,0.6124597317666155,0.3333333333333333,0.820989304812834,8,11,Results/OT_yz/Generated_Plots_MC/OT_yz_ST_Compact_tdist.pdf,Results/OT_yz/Generated_Plots_MC/OT_yz_ST_Compact_boxplot.pdf,Results/OT_yz/Generated_Plots_MC/OT_yz_ST_Compact_roc.pdf,Results/OT_yz/Generated_Plots_MC/OT_yz_ST_Compact_cm.pdf,Results/OT_yz/Generated_Plots_MC/OT_yz_ST_Compact_p_value_mc_dist.pdf,Results/OT_yz/Generated_Plots_MC/OT_yz_ST_Compact_threshold_mc_dist.pdf,Results/OT_yz/Generated_Plots_MC/OT_yz_ST_Compact_f1_score_mc_dist.pdf
OT_yz,ST,Angle,st_Angle,not_equal,False,500,0.4063629921394396,0.11009596653636453,0.87968721218483,-0.9267946478711262,-1.694860656342149,-0.12351565375847866,False,46.78438194791423,-9.462853363850137,70.38547872528684,0.6522954545454545,0.4772727272727273,0.7613636363636364,Healthy,0.6695909090909091,0.45454545454545453,1.0,0.742590909090909,0.5,0.875,0.7119249490397828,0.5882352941176471,0.8181818181818182,8,11,Results/OT_yz/Generated_Plots_MC/OT_yz_ST_Angle_tdist.pdf,Results/OT_yz/Generated_Plots_MC/OT_yz_ST_Angle_boxplot.pdf,Results/OT_yz/Generated_Plots_MC/OT_yz_ST_Angle_roc.pdf,Results/OT_yz/Generated_Plots_MC/OT_yz_ST_Angle_cm.pdf,Results/OT_yz/Generated_Plots_MC/OT_yz_ST_Angle_p_value_mc_dist.pdf,Results/OT_yz/Generated_Plots_MC/OT_yz_ST_Angle_threshold_mc_dist.pdf,Results/OT_yz/Generated_Plots_MC/OT_yz_ST_Angle_f1_score_mc_dist.pdf
YQ_xy,T,Area,t_Area,not_equal,True,500,0.22423766752325713,0.010680101396171274,0.6579744275975358,-1.4918916059242855,-2.9158949848638778,-0.4496516364807774,False,22.814515226125323,11.948801679446948,30.482884268612924,0.6733920622895623,0.5666666666666667,0.8068181818181819,Healthy,0.6400075757575757,0.45454545454545453,0.8333333333333334,0.7956277777777778,0.5263888888888895,1.0,0.7044336359465085,0.5882352941176471,0.8181818181818182,10,12,Results/YQ_xy/Generated_Plots_MC/YQ_xy_T_Area_tdist.pdf,Results/YQ_xy/Generated_Plots_MC/YQ_xy_T_Area_boxplot.pdf,Results/YQ_xy/Generated_Plots_MC/YQ_xy_T_Area_roc.pdf,Results/YQ_xy/Generated_Plots_MC/YQ_xy_T_Area_cm.pdf,Results/YQ_xy/Generated_Plots_MC/YQ_xy_T_Area_p_value_mc_dist.pdf,Results/YQ_xy/Generated_Plots_MC/YQ_xy_T_Area_threshold_mc_dist.pdf,Results/YQ_xy/Generated_Plots_MC/YQ_xy_T_Area_f1_score_mc_dist.pdf
YQ_xy,T,T-Dist,t_T-Dist,not_equal,True,500,0.1525108793922244,0.003475421207814247,0.6466250208505498,-1.8122901821546844,-3.3739757946251103,-0.46676171949874823,False,11.707016295686643,7.096947906577912,14.76600916745248,0.7285926655443322,0.6083333333333334,0.8686868686868687,Healthy,0.6659934343434343,0.4166666666666667,1.0,0.8242888888888888,0.5,1.0,0.7252017388831794,0.5555555555555556,0.8519230769230767,10,12,Results/YQ_xy/Generated_Plots_MC/YQ_xy_T_T-Dist_tdist.pdf,Results/YQ_xy/Generated_Plots_MC/YQ_xy_T_T-Dist_boxplot.pdf,Results/YQ_xy/Generated_Plots_MC/YQ_xy_T_T-Dist_roc.pdf,Results/YQ_xy/Generated_Plots_MC/YQ_xy_T_T-Dist_cm.pdf,Results/YQ_xy/Generated_Plots_MC/YQ_xy_T_T-Dist_p_value_mc_dist.pdf,Results/YQ_xy/Generated_Plots_MC/YQ_xy_T_T-Dist_threshold_mc_dist.pdf,Results/YQ_xy/Generated_Plots_MC/YQ_xy_T_T-Dist_f1_score_mc_dist.pdf
YQ_xy,T,Compact,t_Compact,not_equal,False,500,0.4171293768385502,0.07614267164528482,0.9289439854513548,-0.906688285385704,-1.874692169910171,0.03142061670116511,False,0.49878287833021423,0.24232125011313874,0.7162995607322973,0.5844666666666667,0.47895833333333343,0.7000000000000001,Healthy,0.4586333333333334,0.25,0.9,0.8797333333333334,0.4166666666666667,1.0,0.5715416731714495,0.4,0.75,10,12,Results/YQ_xy/Generated_Plots_MC/YQ_xy_T_Compact_tdist.pdf,Results/YQ_xy/Generated_Plots_MC/YQ_xy_T_Compact_boxplot.pdf,Results/YQ_xy/Generated_Plots_MC/YQ_xy_T_Compact_roc.pdf,Results/YQ_xy/Generated_Plots_MC/YQ_xy_T_Compact_cm.pdf,Results/YQ_xy/Generated_Plots_MC/YQ_xy_T_Compact_p_value_mc_dist.pdf,Results/YQ_xy/Generated_Plots_MC/YQ_xy_T_Compact_threshold_mc_dist.pdf,Results/YQ_xy/Generated_Plots_MC/YQ_xy_T_Compact_f1_score_mc_dist.pdf
YQ_xy,T,Angle,t_Angle,not_equal,False,500,0.3309642920894048,0.06693253074034748,0.8410149934523906,-1.0940198220408934,-1.9412768801723186,-0.18357239256573749,False,10.675972956356842,-145.94175591240938,125.16966743518005,0.6352333333333333,0.5416666666666666,0.7293749999999999,Healthy,0.614,0.3333333333333333,1.0,0.7085,0.3,1.0,0.6427110497444244,0.48455882352941204,0.8,10,12,Results/YQ_xy/Generated_Plots_MC/YQ_xy_T_Angle_tdist.pdf,Results/YQ_xy/Generated_Plots_MC/YQ_xy_T_Angle_boxplot.pdf,Results/YQ_xy/Generated_Plots_MC/YQ_xy_T_Angle_roc.pdf,Results/YQ_xy/Generated_Plots_MC/YQ_xy_T_Angle_cm.pdf,Results/YQ_xy/Generated_Plots_MC/YQ_xy_T_Angle_p_value_mc_dist.pdf,Results/YQ_xy/Generated_Plots_MC/YQ_xy_T_Angle_threshold_mc_dist.pdf,Results/YQ_xy/Generated_Plots_MC/YQ_xy_T_Angle_f1_score_mc_dist.pdf
YQ_xy,QRS,Area,qrs_Area,not_equal,True,500,0.3071550888429451,0.0337334269062019,0.9212631945373281,-1.1997158224499653,-2.3214566069789258,0.2608255608815798,False,85.97379021771908,38.51450870285849,246.797073590464,0.6738774410774411,0.4635195707070707,0.7954545454545454,Healthy,0.7254060606060607,0.3333333333333333,0.9090909090909091,0.7136156565656565,0.5,1.0,0.7381733825397967,0.46153846153846156,0.8571428571428571,10,12,Results/YQ_xy/Generated_Plots_MC/YQ_xy_QRS_Area_tdist.pdf,Results/YQ_xy/Generated_Plots_MC/YQ_xy_QRS_Area_boxplot.pdf,Results/YQ_xy/Generated_Plots_MC/YQ_xy_QRS_Area_roc.pdf,Results/YQ_xy/Generated_Plots_MC/YQ_xy_QRS_Area_cm.pdf,Results/YQ_xy/Generated_Plots_MC/YQ_xy_QRS_Area_p_value_mc_dist.pdf,Results/YQ_xy/Generated_Plots_MC/YQ_xy_QRS_Area_threshold_mc_dist.pdf,Results/YQ_xy/Generated_Plots_MC/YQ_xy_QRS_Area_f1_score_mc_dist.pdf
YQ_xy,QRS,T-Dist,qrs_T-Dist,not_equal,True,500,0.24218907150599658,0.002673888466923456,0.9440419225726121,-1.5714835867069121,-3.613164758132762,0.7278936718650061,False,24.122195458254808,13.865492263133085,46.23022818104474,0.6893899875741543,0.42727272727272725,0.8925347222222221,Healthy,0.7334020202020202,0.2727272727272727,1.0,0.7367598845598845,0.375,1.0,0.7399494795245476,0.42857142857142855,0.9,10,12,Results/YQ_xy/Generated_Plots_MC/YQ_xy_QRS_T-Dist_tdist.pdf,Results/YQ_xy/Generated_Plots_MC/YQ_xy_QRS_T-Dist_boxplot.pdf,Results/YQ_xy/Generated_Plots_MC/YQ_xy_QRS_T-Dist_roc.pdf,Results/YQ_xy/Generated_Plots_MC/YQ_xy_QRS_T-Dist_cm.pdf,Results/YQ_xy/Generated_Plots_MC/YQ_xy_QRS_T-Dist_p_value_mc_dist.pdf,Results/YQ_xy/Generated_Plots_MC/YQ_xy_QRS_T-Dist_threshold_mc_dist.pdf,Results/YQ_xy/Generated_Plots_MC/YQ_xy_QRS_T-Dist_f1_score_mc_dist.pdf
YQ_xy,QRS,Compact,qrs_Compact,not_equal,True,500,0.6502874062219073,0.14427918800582054,0.9842519640561889,-0.21167571547442882,-1.4321838352001337,0.824341171359307,False,0.6604917683326637,0.12213979593259357,1.2739213254630846,0.5508595137886805,0.4724621212121212,0.6574074074074074,Healthy,0.5665641414141415,0.2,1.0,0.6997601010101009,0.2,1.0,0.5799347390695234,0.3076923076923077,0.8,10,12,Results/YQ_xy/Generated_Plots_MC/YQ_xy_QRS_Compact_tdist.pdf,Results/YQ_xy/Generated_Plots_MC/YQ_xy_QRS_Compact_boxplot.pdf,Results/YQ_xy/Generated_Plots_MC/YQ_xy_QRS_Compact_roc.pdf,Results/YQ_xy/Generated_Plots_MC/YQ_xy_QRS_Compact_cm.pdf,Results/YQ_xy/Generated_Plots_MC/YQ_xy_QRS_Compact_p_value_mc_dist.pdf,Results/YQ_xy/Generated_Plots_MC/YQ_xy_QRS_Compact_threshold_mc_dist.pdf,Results/YQ_xy/Generated_Plots_MC/YQ_xy_QRS_Compact_f1_score_mc_dist.pdf
YQ_xy,QRS,Angle,qrs_Angle,not_equal,False,500,0.11227916876999726,0.03286128868908299,0.33114125099554376,-1.7541273052644726,-2.296074051109702,-0.9963812808319098,False,96.26765030663918,-120.0660845163372,158.77414285739155,0.6465,0.5583333333333333,0.7293749999999998,Healthy,0.5051666666666667,0.3333333333333333,0.8333333333333334,0.8916000000000002,0.6,1.0,0.6300307364270913,0.5,0.7407407407407407,10,12,Results/YQ_xy/Generated_Plots_MC/YQ_xy_QRS_Angle_tdist.pdf,Results/YQ_xy/Generated_Plots_MC/YQ_xy_QRS_Angle_boxplot.pdf,Results/YQ_xy/Generated_Plots_MC/YQ_xy_QRS_Angle_roc.pdf,Results/YQ_xy/Generated_Plots_MC/YQ_xy_QRS_Angle_cm.pdf,Results/YQ_xy/Generated_Plots_MC/YQ_xy_QRS_Angle_p_value_mc_dist.pdf,Results/YQ_xy/Generated_Plots_MC/YQ_xy_QRS_Angle_threshold_mc_dist.pdf,Results/YQ_xy/Generated_Plots_MC/YQ_xy_QRS_Angle_f1_score_mc_dist.pdf
YQ_xy,ST,Area,st_Area,not_equal,True,500,0.37881190931560743,0.016054360681786357,0.9441167306397183,-0.4107342568495217,-2.70873515739821,1.6538117815856717,False,35.931625601590085,-2.815211587786129,204.3141956308073,0.6013433858425524,0.40607954545454544,0.8217613636363634,ARVC,0.5610945887445887,0.18181818181818182,1.0,0.7854616883116883,0.25,1.0,0.6052188733582865,0.3076923076923077,0.8333333333333334,10,12,Results/YQ_xy/Generated_Plots_MC/YQ_xy_ST_Area_tdist.pdf,Results/YQ_xy/Generated_Plots_MC/YQ_xy_ST_Area_boxplot.pdf,Results/YQ_xy/Generated_Plots_MC/YQ_xy_ST_Area_roc.pdf,Results/YQ_xy/Generated_Plots_MC/YQ_xy_ST_Area_cm.pdf,Results/YQ_xy/Generated_Plots_MC/YQ_xy_ST_Area_p_value_mc_dist.pdf,Results/YQ_xy/Generated_Plots_MC/YQ_xy_ST_Area_threshold_mc_dist.pdf,Results/YQ_xy/Generated_Plots_MC/YQ_xy_ST_Area_f1_score_mc_dist.pdf
YQ_xy,ST,T-Dist,st_T-Dist,not_equal,True,500,0.3204685023605164,0.009870263484348331,0.9362982458079063,-1.1107678935771166,-2.9341646900114413,1.0428238258749047,False,3.926742131924947,-0.5055704216965979,9.695364437432639,0.6311042670755171,0.4666666666666667,0.8422916666666665,Healthy,0.5697096681096679,0.2,1.0,0.8186346320346319,0.2856818181818184,1.0,0.6324844961479666,0.3333333333333333,0.830603448275862,10,12,Results/YQ_xy/Generated_Plots_MC/YQ_xy_ST_T-Dist_tdist.pdf,Results/YQ_xy/Generated_Plots_MC/YQ_xy_ST_T-Dist_boxplot.pdf,Results/YQ_xy/Generated_Plots_MC/YQ_xy_ST_T-Dist_roc.pdf,Results/YQ_xy/Generated_Plots_MC/YQ_xy_ST_T-Dist_cm.pdf,Results/YQ_xy/Generated_Plots_MC/YQ_xy_ST_T-Dist_p_value_mc_dist.pdf,Results/YQ_xy/Generated_Plots_MC/YQ_xy_ST_T-Dist_threshold_mc_dist.pdf,Results/YQ_xy/Generated_Plots_MC/YQ_xy_ST_T-Dist_f1_score_mc_dist.pdf
YQ_xy,ST,Compact,st_Compact,not_equal,True,500,0.44865050511586413,0.019355887370241832,0.9489501629868843,0.7400652579543782,-0.9150439221318734,2.6213139051389693,False,0.5232027476203137,0.07996355711305478,1.00738779850001,0.6133712934904602,0.4825378787878788,0.81,ARVC,0.6070722222222222,0.25,1.0,0.7511909090909091,0.25,1.0,0.632931471538617,0.4,0.8095454545454541,10,12,Results/YQ_xy/Generated_Plots_MC/YQ_xy_ST_Compact_tdist.pdf,Results/YQ_xy/Generated_Plots_MC/YQ_xy_ST_Compact_boxplot.pdf,Results/YQ_xy/Generated_Plots_MC/YQ_xy_ST_Compact_roc.pdf,Results/YQ_xy/Generated_Plots_MC/YQ_xy_ST_Compact_cm.pdf,Results/YQ_xy/Generated_Plots_MC/YQ_xy_ST_Compact_p_value_mc_dist.pdf,Results/YQ_xy/Generated_Plots_MC/YQ_xy_ST_Compact_threshold_mc_dist.pdf,Results/YQ_xy/Generated_Plots_MC/YQ_xy_ST_Compact_f1_score_mc_dist.pdf
YQ_xy,ST,Angle,st_Angle,not_equal,False,500,0.5418131526399952,0.20154933328557548,0.9407292162075999,0.650363617968583,0.0010215806736925577,1.3242786225164818,False,12.561151552386317,-33.533905241113295,56.72514959598637,0.6164166666666667,0.49166666666666664,0.7,ARVC,0.6903666666666666,0.3,0.8,0.6629,0.3729166666666675,0.9166666666666666,0.655487342146479,0.46153846153846156,0.7368421052631579,10,12,Results/YQ_xy/Generated_Plots_MC/YQ_xy_ST_Angle_tdist.pdf,Results/YQ_xy/Generated_Plots_MC/YQ_xy_ST_Angle_boxplot.pdf,Results/YQ_xy/Generated_Plots_MC/YQ_xy_ST_Angle_roc.pdf,Results/YQ_xy/Generated_Plots_MC/YQ_xy_ST_Angle_cm.pdf,Results/YQ_xy/Generated_Plots_MC/YQ_xy_ST_Angle_p_value_mc_dist.pdf,Results/YQ_xy/Generated_Plots_MC/YQ_xy_ST_Angle_threshold_mc_dist.pdf,Results/YQ_xy/Generated_Plots_MC/YQ_xy_ST_Angle_f1_score_mc_dist.pdf
OQ_xy,T,Area,t_Area,not_equal,True,500,0.004203034091343062,0.0008252622468897278,0.012583525112224119,-3.8980514011052465,-4.847322748575369,-3.0212541290884634,True,7.486809124507081,3.1384251746027787,12.291581425915833,0.8924126984126984,0.8,0.9375,Healthy,0.8376000000000001,0.7,0.9,0.9809500000000001,0.8,1.0,0.9024053971827967,0.8235294117647058,0.9473684210526315,10,12,Results/OQ_xy/Generated_Plots_MC/OQ_xy_T_Area_tdist.pdf,Results/OQ_xy/Generated_Plots_MC/OQ_xy_T_Area_boxplot.pdf,Results/OQ_xy/Generated_Plots_MC/OQ_xy_T_Area_roc.pdf,Results/OQ_xy/Generated_Plots_MC/OQ_xy_T_Area_cm.pdf,Results/OQ_xy/Generated_Plots_MC/OQ_xy_T_Area_p_value_mc_dist.pdf,Results/OQ_xy/Generated_Plots_MC/OQ_xy_T_Area_threshold_mc_dist.pdf,Results/OQ_xy/Generated_Plots_MC/OQ_xy_T_Area_f1_score_mc_dist.pdf
OQ_xy,T,T-Dist,t_T-Dist,not_equal,True,500,0.03929831691979026,0.0026032627227460608,0.18818015131015423,-2.6004467939857263,-3.774303197637636,-1.3778907703640633,True,5.841939564450569,3.764677326067774,8.334850487329815,0.7614662317620651,0.6123106060606062,0.9166666666666666,Healthy,0.6965404040404041,0.5,0.9130681818181816,0.9129126984126985,0.6666666666666666,1.0,0.7873566646463321,0.631578947368421,0.9090909090909091,10,12,Results/OQ_xy/Generated_Plots_MC/OQ_xy_T_T-Dist_tdist.pdf,Results/OQ_xy/Generated_Plots_MC/OQ_xy_T_T-Dist_boxplot.pdf,Results/OQ_xy/Generated_Plots_MC/OQ_xy_T_T-Dist_roc.pdf,Results/OQ_xy/Generated_Plots_MC/OQ_xy_T_T-Dist_cm.pdf,Results/OQ_xy/Generated_Plots_MC/OQ_xy_T_T-Dist_p_value_mc_dist.pdf,Results/OQ_xy/Generated_Plots_MC/OQ_xy_T_T-Dist_threshold_mc_dist.pdf,Results/OQ_xy/Generated_Plots_MC/OQ_xy_T_T-Dist_f1_score_mc_dist.pdf
OQ_xy,T,Compact,t_Compact,not_equal,False,500,0.04132436353425172,0.006574016588494897,0.1339126477216004,-2.323586068947316,-3.0925890347095875,-1.5667791772579978,True,0.3889270307464599,0.15997343422648388,0.8460528030968641,0.76235,0.6749999999999999,0.8416666666666667,Healthy,0.7521666666666668,0.4166666666666667,1.0,0.752,0.5,1.0,0.7591258562101355,0.5882352941176471,0.8571428571428571,10,12,Results/OQ_xy/Generated_Plots_MC/OQ_xy_T_Compact_tdist.pdf,Results/OQ_xy/Generated_Plots_MC/OQ_xy_T_Compact_boxplot.pdf,Results/OQ_xy/Generated_Plots_MC/OQ_xy_T_Compact_roc.pdf,Results/OQ_xy/Generated_Plots_MC/OQ_xy_T_Compact_cm.pdf,Results/OQ_xy/Generated_Plots_MC/OQ_xy_T_Compact_p_value_mc_dist.pdf,Results/OQ_xy/Generated_Plots_MC/OQ_xy_T_Compact_threshold_mc_dist.pdf,Results/OQ_xy/Generated_Plots_MC/OQ_xy_T_Compact_f1_score_mc_dist.pdf
OQ_xy,T,Angle,t_Angle,not_equal,False,500,0.6326954269013251,0.2872866261380358,0.9781810818799747,0.47324569952007733,-0.23581632854115353,1.1021210946029671,False,-107.29886960197513,-141.35725494266902,91.29797700947248,0.5398333333333333,0.45833333333333337,0.6333333333333333,ARVC,0.8875333333333333,0.4,1.0,0.39276666666666665,0.16666666666666666,0.8333333333333334,0.671533071117442,0.5,0.7407407407407407,10,12,Results/OQ_xy/Generated_Plots_MC/OQ_xy_T_Angle_tdist.pdf,Results/OQ_xy/Generated_Plots_MC/OQ_xy_T_Angle_boxplot.pdf,Results/OQ_xy/Generated_Plots_MC/OQ_xy_T_Angle_roc.pdf,Results/OQ_xy/Generated_Plots_MC/OQ_xy_T_Angle_cm.pdf,Results/OQ_xy/Generated_Plots_MC/OQ_xy_T_Angle_p_value_mc_dist.pdf,Results/OQ_xy/Generated_Plots_MC/OQ_xy_T_Angle_threshold_mc_dist.pdf,Results/OQ_xy/Generated_Plots_MC/OQ_xy_T_Angle_f1_score_mc_dist.pdf
OQ_xy,QRS,Area,qrs_Area,not_equal,True,500,0.059396755592646844,0.0024897473182693163,0.3956578575303026,-2.5921463646370695,-3.875492050992837,-0.871080683295847,False,25.391514334690527,12.247114264481752,57.04362259003976,0.7610659511784512,0.6171212121212122,0.8630965909090909,Healthy,0.7125747474747475,0.5,0.8333333333333334,0.9081888888888888,0.7237500000000004,1.0,0.7958219413040856,0.6666666666666666,0.9090909090909091,10,12,Results/OQ_xy/Generated_Plots_MC/OQ_xy_QRS_Area_tdist.pdf,Results/OQ_xy/Generated_Plots_MC/OQ_xy_QRS_Area_boxplot.pdf,Results/OQ_xy/Generated_Plots_MC/OQ_xy_QRS_Area_roc.pdf,Results/OQ_xy/Generated_Plots_MC/OQ_xy_QRS_Area_cm.pdf,Results/OQ_xy/Generated_Plots_MC/OQ_xy_QRS_Area_p_value_mc_dist.pdf,Results/OQ_xy/Generated_Plots_MC/OQ_xy_QRS_Area_threshold_mc_dist.pdf,Results/OQ_xy/Generated_Plots_MC/OQ_xy_QRS_Area_f1_score_mc_dist.pdf
OQ_xy,QRS,T-Dist,qrs_T-Dist,not_equal,True,500,0.05378712528171249,0.0009912665286518152,0.4078325362615012,-2.729024897885734,-4.047896610818111,-0.8483478133494802,False,9.13265571334214,4.773891727193058,18.647701443746378,0.8255505050505051,0.6868686868686869,0.9375,Healthy,0.8225424242424242,0.5,1.0,0.7865277777777778,0.5555555555555556,1.0,0.8275651701071133,0.6666666666666666,0.9230769230769231,10,12,Results/OQ_xy/Generated_Plots_MC/OQ_xy_QRS_T-Dist_tdist.pdf,Results/OQ_xy/Generated_Plots_MC/OQ_xy_QRS_T-Dist_boxplot.pdf,Results/OQ_xy/Generated_Plots_MC/OQ_xy_QRS_T-Dist_roc.pdf,Results/OQ_xy/Generated_Plots_MC/OQ_xy_QRS_T-Dist_cm.pdf,Results/OQ_xy/Generated_Plots_MC/OQ_xy_QRS_T-Dist_p_value_mc_dist.pdf,Results/OQ_xy/Generated_Plots_MC/OQ_xy_QRS_T-Dist_threshold_mc_dist.pdf,Results/OQ_xy/Generated_Plots_MC/OQ_xy_QRS_T-Dist_f1_score_mc_dist.pdf
OQ_xy,QRS,Compact,qrs_Compact,not_equal,True,500,0.5971076184463132,0.11120147754232045,0.9743274692621493,-0.4698158013611712,-1.6481363148470776,0.6183564227412873,False,0.841015372369204,0.08976778822495858,1.5534864070311738,0.5442598737373737,0.45,0.6573437499999999,Healthy,0.48144141414141417,0.16666666666666666,1.0,0.7907555555555554,0.22375000000000053,1.0,0.532901828096886,0.2857142857142857,0.75,10,12,Results/OQ_xy/Generated_Plots_MC/OQ_xy_QRS_Compact_tdist.pdf,Results/OQ_xy/Generated_Plots_MC/OQ_xy_QRS_Compact_boxplot.pdf,Results/OQ_xy/Generated_Plots_MC/OQ_xy_QRS_Compact_roc.pdf,Results/OQ_xy/Generated_Plots_MC/OQ_xy_QRS_Compact_cm.pdf,Results/OQ_xy/Generated_Plots_MC/OQ_xy_QRS_Compact_p_value_mc_dist.pdf,Results/OQ_xy/Generated_Plots_MC/OQ_xy_QRS_Compact_threshold_mc_dist.pdf,Results/OQ_xy/Generated_Plots_MC/OQ_xy_QRS_Compact_f1_score_mc_dist.pdf
OQ_xy,QRS,Angle,qrs_Angle,not_equal,False,500,0.6837387576993152,0.2772218597645593,0.9807285292767961,-0.05986836280624283,-1.0282949305131084,0.9140584034523076,False,-40.9995719304203,-128.19899837265027,73.10521156415668,0.54895,0.3789583333333334,0.6960416666666664,Healthy,0.6068,0.3,0.9166666666666666,0.7543,0.3333333333333333,1.0,0.6388900797069529,0.42857142857142855,0.8148148148148148,10,12,Results/OQ_xy/Generated_Plots_MC/OQ_xy_QRS_Angle_tdist.pdf,Results/OQ_xy/Generated_Plots_MC/OQ_xy_QRS_Angle_boxplot.pdf,Results/OQ_xy/Generated_Plots_MC/OQ_xy_QRS_Angle_roc.pdf,Results/OQ_xy/Generated_Plots_MC/OQ_xy_QRS_Angle_cm.pdf,Results/OQ_xy/Generated_Plots_MC/OQ_xy_QRS_Angle_p_value_mc_dist.pdf,Results/OQ_xy/Generated_Plots_MC/OQ_xy_QRS_Angle_threshold_mc_dist.pdf,Results/OQ_xy/Generated_Plots_MC/OQ_xy_QRS_Angle_f1_score_mc_dist.pdf
OQ_xy,ST,Area,st_Area,not_equal,True,500,0.14131725317231147,0.008352585693006878,0.802007594296071,-1.990691798663761,-3.216919634282587,-0.17942740060536086,False,8.452898540586201,0.6253479537486715,35.559871176225506,0.7058986672278338,0.5146969696969698,0.8832961309523808,Healthy,0.6336597402597401,0.3333333333333333,0.9166666666666666,0.8801776334776336,0.5215909090909095,1.0,0.7228695591081269,0.5,0.88,10,12,Results/OQ_xy/Generated_Plots_MC/OQ_xy_ST_Area_tdist.pdf,Results/OQ_xy/Generated_Plots_MC/OQ_xy_ST_Area_boxplot.pdf,Results/OQ_xy/Generated_Plots_MC/OQ_xy_ST_Area_roc.pdf,Results/OQ_xy/Generated_Plots_MC/OQ_xy_ST_Area_cm.pdf,Results/OQ_xy/Generated_Plots_MC/OQ_xy_ST_Area_p_value_mc_dist.pdf,Results/OQ_xy/Generated_Plots_MC/OQ_xy_ST_Area_threshold_mc_dist.pdf,Results/OQ_xy/Generated_Plots_MC/OQ_xy_ST_Area_f1_score_mc_dist.pdf
OQ_xy,ST,T-Dist,st_T-Dist,not_equal,True,500,0.37951932323670506,0.0047234833833437176,0.9664697468034253,-1.0180833556639024,-3.3730692155115807,0.9754447919950912,False,2.898769953350043,-0.4940669798188789,6.806968113308024,0.6310667207792208,0.47488636363636366,0.8385532407407408,Healthy,0.5984760461760461,0.23541666666666694,1.0,0.8051438672438672,0.25,1.0,0.6529984709179045,0.36363636363636365,0.8421052631578947,10,12,Results/OQ_xy/Generated_Plots_MC/OQ_xy_ST_T-Dist_tdist.pdf,Results/OQ_xy/Generated_Plots_MC/OQ_xy_ST_T-Dist_boxplot.pdf,Results/OQ_xy/Generated_Plots_MC/OQ_xy_ST_T-Dist_roc.pdf,Results/OQ_xy/Generated_Plots_MC/OQ_xy_ST_T-Dist_cm.pdf,Results/OQ_xy/Generated_Plots_MC/OQ_xy_ST_T-Dist_p_value_mc_dist.pdf,Results/OQ_xy/Generated_Plots_MC/OQ_xy_ST_T-Dist_threshold_mc_dist.pdf,Results/OQ_xy/Generated_Plots_MC/OQ_xy_ST_T-Dist_f1_score_mc_dist.pdf
OQ_xy,ST,Compact,st_Compact,not_equal,True,500,0.35435076324159226,0.010251446804987905,0.9560457718652869,-1.1279640548169954,-2.883768370017452,0.5641715805789909,False,0.3658809928074328,0.05495423647366415,0.683919249351221,0.6393575593233927,0.47883333333333333,0.8315340909090909,Healthy,0.5936757575757575,0.25,1.0,0.8049323232323232,0.3,1.0,0.6545346776521418,0.4,0.8379385964912278,10,12,Results/OQ_xy/Generated_Plots_MC/OQ_xy_ST_Compact_tdist.pdf,Results/OQ_xy/Generated_Plots_MC/OQ_xy_ST_Compact_boxplot.pdf,Results/OQ_xy/Generated_Plots_MC/OQ_xy_ST_Compact_roc.pdf,Results/OQ_xy/Generated_Plots_MC/OQ_xy_ST_Compact_cm.pdf,Results/OQ_xy/Generated_Plots_MC/OQ_xy_ST_Compact_p_value_mc_dist.pdf,Results/OQ_xy/Generated_Plots_MC/OQ_xy_ST_Compact_threshold_mc_dist.pdf,Results/OQ_xy/Generated_Plots_MC/OQ_xy_ST_Compact_f1_score_mc_dist.pdf
OQ_xy,ST,Angle,st_Angle,not_equal,False,500,0.47450221930871817,0.11411104346733343,0.9590021516481689,-0.7906916121454024,-1.652728553463497,0.08575172346812933,False,78.92161926264686,49.294935374559174,101.62962778458935,0.5909833333333333,0.5,0.6833333333333333,Healthy,0.41516666666666663,0.3333333333333333,0.7,0.9541000000000001,0.5833333333333334,1.0,0.5643898160644937,0.47058823529411764,0.6841666666666659,10,12,Results/OQ_xy/Generated_Plots_MC/OQ_xy_ST_Angle_tdist.pdf,Results/OQ_xy/Generated_Plots_MC/OQ_xy_ST_Angle_boxplot.pdf,Results/OQ_xy/Generated_Plots_MC/OQ_xy_ST_Angle_roc.pdf,Results/OQ_xy/Generated_Plots_MC/OQ_xy_ST_Angle_cm.pdf,Results/OQ_xy/Generated_Plots_MC/OQ_xy_ST_Angle_p_value_mc_dist.pdf,Results/OQ_xy/Generated_Plots_MC/OQ_xy_ST_Angle_threshold_mc_dist.pdf,Results/OQ_xy/Generated_Plots_MC/OQ_xy_ST_Angle_f1_score_mc_dist.pdf
