{
    "age_all": {
        "mean": 34.94444444444444,
        "std": 12.831359664886385,
        "count": 18,
        "median": 30.5
    },
    "height_all": {
        "mean": 1.7255555555555557,
        "std": 0.07418071028089296,
        "count": 9,
        "median": 1.7
    },
    "age_arvc": {
        "mean": 41.0,
        "std": 15.137465347370977,
        "count": 8,
        "median": 42.5
    },
    "height_arvc": {
        "mean": NaN,
        "std": NaN,
        "count": 0,
        "median": NaN
    },
    "age_healthy": {
        "mean": 30.1,
        "std": 8.608135686662937,
        "count": 10,
        "median": 26.0
    },
    "height_healthy": {
        "mean": 1.7255555555555557,
        "std": 0.07418071028089296,
        "count": 9,
        "median": 1.7
    }
}