source,segment,feature,column_name,hypothesis_tested,outliers_removed,mc_iterations,significant_ttest (mean_p<0.05),roc_positive_class_for_metrics,n_ACM_initial,n_healthy_initial,p_value_mean,p_value_ui_lower,p_value_ui_upper,t_stat_mean,t_stat_ui_lower,t_stat_ui_upper,threshold_mean,threshold_ui_lower,threshold_ui_upper,sensitivity_mean,sensitivity_ui_lower,sensitivity_ui_upper,specificity_mean,specificity_ui_lower,specificity_ui_upper,f1_score_mean,f1_score_ui_lower,f1_score_ui_upper,auc_mean,auc_ui_lower,auc_ui_upper,projection,sensor_or_region,q_value_fdr,significant_fdr_q<0.05,robust_after_fdr_and_mc_ui
F0_yz,T,Area_Net,t_Area_Net,not_equal,False,5000,True,Healthy,8,9,0.003874080185011677,0.001996286465612609,0.007155143919835399,3.9296603644340853,3.4644947414933647,4.36894071908089,35.87707813057842,28.605432825658742,49.12514175446117,0.8768,0.7777777777777778,0.8888888888888888,0.996425,0.875,1.0,0.9324810457516339,0.875,0.9411764705882353,0.9558972222222223,0.9305555555555556,0.9583333333333333,yz,F0,0.01975093306011754,True,True
F0_yz,T,Area_Hull,t_Area_Hull,not_equal,False,5000,True,Healthy,8,9,0.0036426703194992927,0.0009900382583375856,0.009037789472266867,4.072318997910749,3.353627075627207,4.874486623757291,48.15172617217819,25.399328599351435,61.27605490940513,0.8774444444444445,0.7777777777777778,0.8888888888888888,0.99895,1.0,1.0,0.9338680753353972,0.875,0.9411764705882353,0.9638305555555555,0.9444444444444444,0.9861111111111112,yz,F0,0.01457068127799717,True,True
F0_yz,T,Solidity,t_Solidity,not_equal,False,5000,False,Healthy,8,9,0.5926931454649961,0.2652167040785325,0.9705181394706155,0.5652186011757505,-0.08559008000729289,1.1779233249176342,0.6054355836505302,0.3193907438754227,0.9232795273177713,0.8977305555555557,0.5,1.0,0.3924388888888889,0.25,0.8888888888888888,0.7330193449174927,0.631578947368421,0.782608695652174,0.47949444444444445,0.3611111111111111,0.6388888888888888,yz,F0,0.7562590945038713,False,False
F0_yz,T,Distance,t_Distance,not_equal,False,5000,True,Healthy,8,9,0.031573063566955904,0.0067990757035364694,0.08360049386731347,2.643850641433,1.943601892134082,3.428003507148697,11.263043521336778,7.958018949954172,18.48607832198401,0.7361555555555555,0.4444444444444444,1.0,0.934525,0.75,1.0,0.814232913132619,0.6153846153846154,0.9473684210526315,0.84665,0.7222222222222222,0.9583333333333334,yz,F0,0.06314612713391181,False,False
F0_yz,T,Compact,t_Compact,not_equal,False,5000,False,Healthy,8,9,0.1725408596799802,0.04481336645281254,0.4225339773610367,1.5124439768567515,0.8293648379364721,2.1918506100519908,0.29752932217052613,0.0670521946587899,0.5454664753136388,0.7229777777777777,0.4444444444444444,1.0,0.7202,0.375,1.0,0.7257988111128338,0.6153846153846154,0.8,0.7168861111111111,0.625,0.7916666666666667,yz,F0,0.6901634387199208,False,False
F0_yz,T,Angle,t_Angle,not_equal,False,5000,False,ACM,8,9,0.6230892422362398,0.2343130156965096,0.9793792191104399,-0.4928238665855291,-1.2506994413758776,0.28417127869039777,14.210983969757404,-155.10891246846433,161.85531710070802,0.5489944444444446,0.25,1.0,0.8059166666666667,0.375,1.0,0.6070349699894039,0.4,0.8181818181818182,0.5552111111111111,0.4444444444444445,0.6805555555555556,yz,F0,0.7121019911271312,False,False
F0_yz,QRS,Area_Net,qrs_Area_Net,not_equal,False,5000,False,Healthy,8,9,0.10560134303691013,0.06351810216573395,0.15276452160440368,1.838391149310195,1.5798191888661195,2.150051830784887,93.03650266346375,31.302014573048975,143.10498819028342,0.6172666666666666,0.5555555555555556,0.8888888888888888,0.982975,0.75,1.0,0.7530328685779305,0.7142857142857143,0.8421052631578947,0.8049666666666667,0.7361111111111112,0.875,yz,F0,0.13420383210199646,False,False
F0_yz,QRS,Area_Hull,qrs_Area_Hull,not_equal,False,5000,False,Healthy,8,9,0.10462892730645883,0.06127553918779052,0.1560356798456344,1.844854143139848,1.5644374328903765,2.1679656715660265,74.7445640939908,30.489047678600514,148.49522939922326,0.7726444444444445,0.5555555555555556,1.0,0.82495,0.5,1.0,0.791150517746787,0.7142857142857143,0.9,0.8361361111111111,0.7638888888888888,0.9166666666666666,yz,F0,0.12078468935975403,False,False
F0_yz,QRS,Solidity,qrs_Solidity,not_equal,False,5000,False,Healthy,8,9,0.7164277490491655,0.32702017417989393,0.9859145670349166,0.21351536008333696,-0.6575974476301725,1.0050905994514467,0.8666662138742844,0.5392585506242425,1.010717654465321,0.6783611111111111,0.2222222222222222,1.0,0.5911916666666667,0.125,1.0,0.6359588711303952,0.36363636363636365,0.75,0.5404472222222222,0.41666666666666663,0.6666666666666667,yz,F0,0.7168654870155665,False,False
F0_yz,QRS,Distance,qrs_Distance,not_equal,False,5000,True,Healthy,8,9,0.0187289028416395,0.004695282611438867,0.04736672247395854,2.849455164136611,2.2030758423632713,3.5686347614263934,18.90520896501292,14.083821384384155,25.804755210555573,0.8821333333333332,0.6666666666666666,1.0,0.812525,0.625,1.0,0.8586780427140799,0.75,0.9473684210526315,0.8712305555555555,0.7916666666666666,0.9305555555555556,yz,F0,0.037457805683279,True,True
F0_yz,QRS,Compact,qrs_Compact,not_equal,False,5000,False,Healthy,8,9,0.33097129256736996,0.151236630592878,0.5753822053627852,1.038289783865507,0.5727538517543042,1.5290933818361856,0.1763316425879146,0.13244321569324005,0.4309578551342981,0.8284222222222223,0.3333333333333333,0.8888888888888888,0.566225,0.5,1.0,0.7432294734380499,0.5,0.8,0.6367638888888889,0.5694444444444444,0.7222222222222222,yz,F0,0.6206086475153967,False,False
F0_yz,QRS,Angle,qrs_Angle,not_equal,False,5000,False,ACM,8,9,0.7382621673944619,0.38270825994878793,0.9884442431824512,-0.22741347034551218,-0.8953564614334324,0.5196298315325857,-13.978585482765041,-168.98643255243312,214.47792119340212,0.645025,0.25,1.0,0.6333722222222222,0.25,1.0,0.602622190552362,0.4,0.75,0.5486777777777778,0.4722222222222222,0.6527777777777777,yz,F0,0.7651942654545838,False,False
F0_yz,ST,Area_Net,st_Area_Net,not_equal,False,5000,False,Healthy,8,9,0.4951439178713901,0.1255102976392791,0.9639270784569611,0.3920794024859433,-1.1224370065179523,1.6533775847296255,12.655341069493163,-5.1990563777016305,88.30023266243586,0.7406166666666666,0.125,1.0,0.6558861111111112,0.2222222222222222,1.0,0.6873126158539566,0.2222222222222222,0.8888888888888888,0.6017277777777778,0.33333333333333337,0.8194444444444445,yz,F0,0.6406449853308659,False,False
F0_yz,ST,Area_Hull,st_Area_Hull,not_equal,False,5000,False,Healthy,8,9,0.4587732564868669,0.09799374393311812,0.9605723747384236,0.6669738230552565,-0.9104236634985019,1.793945174326433,19.56783826673452,-3.612008903411454,107.5063878617048,0.7252194444444444,0.125,1.0,0.7056833333333334,0.2222222222222222,1.0,0.7044272940753328,0.2222222222222222,0.8888888888888888,0.6388083333333334,0.3472222222222222,0.8472222222222222,yz,F0,0.5448867496378113,False,False
F0_yz,ST,Solidity,st_Solidity,not_equal,False,5000,False,Healthy,8,9,0.5920863314264029,0.09398491206109805,0.9837320028580904,0.1373179755361396,-1.344266458878889,1.6630302378324129,0.5610946980573305,0.1986306915480849,0.9594700213854421,0.6598916666666667,0.2222222222222222,1.0,0.6720777777777778,0.25,1.0,0.6429098623835147,0.36363636363636365,0.8,0.5846,0.4722222222222222,0.75,yz,F0,0.5920863314264029,False,False
F0_yz,ST,Distance,st_Distance,not_equal,False,5000,False,Healthy,8,9,0.27382771711841725,0.00258478074794009,0.9267848327573277,1.5074183950385196,-0.423780724547879,3.7375654323852667,3.133455716320891,-0.5673941833364597,6.6534646334063865,0.6834111111111111,0.3333333333333333,1.0,0.8405527777777777,0.3333333333333333,1.0,0.7350970725205905,0.5,0.9411764705882353,0.7054722222222223,0.45833333333333337,0.9305555555555556,yz,F0,0.5062857045012399,False,False
F0_yz,ST,Compact,st_Compact,not_equal,False,5000,False,Healthy,8,9,0.5476687847808932,0.04039153497932287,0.9806808394261142,0.5515314597802883,-0.7792614505820946,2.2823324980410185,0.20336857941101846,0.03479060707163205,0.5374844111446692,0.673425,0.125,1.0,0.7060305555555556,0.2222222222222222,1.0,0.6691272780257538,0.2222222222222222,0.8571428571428571,0.6198888888888888,0.4305555555555556,0.8194444444444444,yz,F0,0.6117304414176443,False,False
F0_yz,ST,Angle,st_Angle,not_equal,False,5000,False,Healthy,8,9,0.5910268295699705,0.2436436964023639,0.9770246499687812,0.5180809340634931,-0.40069691499298077,1.215032280749899,19.891879487536645,-19.570937406907888,43.3321839431071,0.5789972222222223,0.3333333333333333,1.0,0.7855333333333334,0.2222222222222222,0.875,0.6373348041610801,0.46153846153846156,0.75,0.5956027777777777,0.45833333333333337,0.6805555555555556,yz,F0,0.6194870342450687,False,False
OR_xy,T,Area_Net,t_Area_Net,not_equal,False,5000,True,Healthy,9,11,0.03337178917806459,0.019968160367209782,0.05396639455396688,2.4838890345902644,2.1828197676011865,2.764319370846555,5.356926394813271,2.0704110196862096,10.269009787281131,0.8841636363636364,0.7272727272727273,1.0,0.9851333333333334,0.8888888888888888,1.0,0.9310388551087865,0.8421052631578947,1.0,0.9561272727272728,0.8686868686868686,1.0,xy,OR,0.04797711149179909,True,False
OR_xy,T,Area_Hull,t_Area_Hull,not_equal,False,5000,True,Healthy,9,11,0.026865708051832558,0.012422894106247556,0.04805390378707816,2.623687774795482,2.2495002102416906,3.0398245043916496,15.85104277676643,9.326316647916691,26.883536980964426,0.8843636363636364,0.8181818181818182,0.9090909090909091,0.9956444444444446,0.8888888888888888,1.0,0.936329820004557,0.9,0.9523809523809523,0.9341616161616163,0.8484848484848484,0.9696969696969697,xy,OR,0.03582094406911008,True,True
OR_xy,T,Solidity,t_Solidity,not_equal,False,5000,False,Healthy,9,11,0.25371322308833594,0.07663580956057128,0.5682508084919716,1.251801956809326,0.581307695012374,1.9214773463375787,0.6309399246184386,0.29583179989053265,0.8254811540609974,0.8015454545454546,0.6363636363636364,1.0,0.6233555555555556,0.4444444444444444,0.7777777777777778,0.7582772178534773,0.6666666666666666,0.8333333333333334,0.6347858585858586,0.5555555555555556,0.7171717171717171,xy,OR,0.6738426356302217,False,False
OR_xy,T,Distance,t_Distance,not_equal,False,5000,True,Healthy,9,11,0.012314426971937456,0.00347019672689479,0.030596521313096696,3.0663659416439235,2.4780199623677004,3.679215716667933,11.117644358636625,8.21847189121148,13.23984128646821,0.7470545454545456,0.6363636363636364,0.8181818181818182,0.996022222222222,0.8888888888888888,1.0,0.852131132094749,0.7777777777777778,0.9,0.8467535353535354,0.7575757575757576,0.9191919191919192,xy,OR,0.03283847192516655,True,True
OR_xy,T,Compact,t_Compact,not_equal,False,5000,False,Healthy,9,11,0.23624859141381443,0.1177192354973473,0.4095849151746267,1.256435451745741,0.85145650936727,1.6525581775159917,0.1680515231620047,0.06527032128981936,0.27397232548847944,0.7362363636363637,0.6363636363636364,1.0,0.8380222222222222,0.5555555555555556,0.8888888888888888,0.7844472565402222,0.7368421052631579,0.8695652173913043,0.7633858585858586,0.6868686868686869,0.8282828282828283,xy,OR,0.3149981218850859,False,False
OR_xy,T,Angle,t_Angle,not_equal,False,5000,False,Healthy,9,11,0.5114707749707255,0.014191333858128055,0.98056989585263,0.6763038417063122,-0.6346520143774926,2.7526605806744584,6.508407470550512,-101.0225296355085,320.04889046478763,0.47299797979797975,0.1111111111111111,0.8181818181818182,0.9026747474747475,0.6666666666666666,1.0,0.5497486847895976,0.2,0.8421052631578947,0.5751353535353535,0.26262626262626265,0.8383838383838383,xy,OR,0.8183532399531608,False,False
OR_xy,QRS,Area_Net,qrs_Area_Net,not_equal,False,5000,True,Healthy,9,11,0.03628112936276124,0.021317722283501508,0.05851751312545408,2.4304139955897806,2.1323859971879564,2.719155886354544,113.77777324564285,76.7432803111476,172.46996045995982,0.6059818181818182,0.5454545454545454,0.6363636363636364,0.9976,1.0,1.0,0.7525876008262837,0.7058823529411765,0.7777777777777778,0.7862727272727272,0.7373737373737373,0.8285353535353499,xy,OR,0.0888665312406899,False,False
OR_xy,QRS,Area_Hull,qrs_Area_Hull,not_equal,False,5000,True,Healthy,9,11,0.03417597087251744,0.01897835633123021,0.057351559299424086,2.4693297539147925,2.144562901407872,2.7836030133547474,130.96619636850852,81.56926813075565,237.7809979956504,0.6080181818181818,0.5454545454545454,0.6363636363636364,0.9993555555555557,1.0,1.0,0.7550424498858554,0.7058823529411765,0.7777777777777778,0.7742565656565656,0.7272727272727273,0.8181818181818182,xy,OR,0.0716099810079845,False,False
OR_xy,QRS,Solidity,qrs_Solidity,not_equal,False,5000,False,Healthy,9,11,0.30338542856774775,0.03158578092126772,0.8933182457641162,1.234285401777416,0.006920052502199279,2.489953722186326,0.9074519892973123,0.7721733788207261,0.9842416054751265,0.757240404040404,0.36363636363636365,1.0,0.6558545454545454,0.3333333333333333,1.0,0.7338063631421241,0.5333333333333333,0.8461538461538461,0.6628767676767676,0.48484848484848486,0.8184343434343399,xy,OR,0.6876070114350372,False,False
OR_xy,QRS,Distance,qrs_Distance,not_equal,False,5000,True,Healthy,9,11,0.010594218152679078,0.0042605211532686154,0.023480517692514236,3.0849683637850402,2.5812601969916016,3.567345192530983,30.895613744901553,15.29579610965397,47.32549963243384,0.6531636363636364,0.5454545454545454,0.9090909090909091,0.9482444444444446,0.7777777777777778,1.0,0.7671860422427067,0.7058823529411765,0.8421052631578947,0.7854888888888889,0.7171717171717171,0.8383838383838385,xy,OR,0.02187733586306939,True,True
OR_xy,QRS,Compact,qrs_Compact,not_equal,False,5000,False,Healthy,9,11,0.4324568588487104,0.16100440880024167,0.8286849951399741,0.842181014200575,0.21953876794429084,1.4634845308301754,0.22022634559851334,0.10338017523018417,0.5052704900242031,0.7329676767676768,0.2727272727272727,0.9090909090909091,0.6011232323232323,0.3333333333333333,1.0,0.7020240906531044,0.42857142857142855,0.782608695652174,0.6112545454545455,0.5353535353535354,0.6868686868686869,xy,OR,0.7901692859342673,False,False
OR_xy,QRS,Angle,qrs_Angle,not_equal,False,5000,False,Healthy,9,11,0.5144707319922922,0.0764091556792548,0.9728089496646013,0.5363955431714227,-0.9373258054875688,1.9015643978739514,-80.08319538678282,-124.72557394796853,63.3484500565272,0.5987131313131313,0.1111111111111111,1.0,0.8243171717171718,0.36363636363636365,1.0,0.6543373749077422,0.2,0.8571428571428571,0.628161616161616,0.3333333333333333,0.8282828282828283,xy,OR,0.663453380186112,False,False
OR_xy,ST,Area_Net,st_Area_Net,not_equal,False,5000,False,Healthy,9,11,0.31793045037460005,0.027423635461165767,0.9484018020232721,1.1450540675760263,-0.7031852079112569,2.542578974398208,15.359125328924868,-3.8147495225108417,54.640391546265676,0.5947373737373737,0.2727272727272727,1.0,0.8134545454545455,0.18181818181818182,1.0,0.6532467894519394,0.42857142857142855,0.8333333333333334,0.6346767676767676,0.40404040404040403,0.8282828282828283,xy,OR,0.4726991435812629,False,False
OR_xy,ST,Area_Hull,st_Area_Hull,not_equal,False,5000,False,Healthy,9,11,0.2999372275241896,0.028086821742589058,0.9341566872266329,1.2258401317874261,-0.5416937822562056,2.4857850917567617,23.742217438808932,-0.7292762669502696,67.25440508539917,0.6018202020202019,0.2727272727272727,1.0,0.8112424242424243,0.2727272727272727,1.0,0.6667826243478233,0.42857142857142855,0.8148989898989887,0.6355252525252525,0.4444444444444444,0.797979797979798,xy,OR,0.46312040153139983,False,False
OR_xy,ST,Solidity,st_Solidity,not_equal,False,5000,False,Healthy,9,11,0.4947404354410859,0.03343652741041075,0.9720140018621992,0.6473442060528276,-0.9004968171584199,2.3110534090378536,0.4985562041202952,0.13733061709794211,0.9707253232477703,0.6683434343434344,0.2222222222222222,1.0,0.6683292929292929,0.2222222222222222,1.0,0.6569766374385321,0.36363636363636365,0.8333333333333334,0.5993292929292929,0.4747474747474747,0.7777777777777778,xy,OR,0.62371363316425,False,False
OR_xy,ST,Distance,st_Distance,not_equal,False,5000,False,Healthy,9,11,0.2761552677230381,0.006575337039131983,0.9190324157620634,1.4152512374405255,-0.4008649253572476,3.214461639897992,2.8711263038846693,-0.41639824122354596,7.738520013146467,0.6408242424242424,0.2727272727272727,1.0,0.8084282828282828,0.2727272727272727,1.0,0.6928876814037698,0.42857142857142855,0.8695652173913043,0.6728060606060606,0.46464646464646464,0.8689393939393903,xy,OR,0.41985454964457736,False,False
OR_xy,ST,Compact,st_Compact,not_equal,False,5000,False,Healthy,9,11,0.38277444723363163,0.020986073168635114,0.9502633060968074,1.0333440925721036,-0.3649086604749933,2.586756338203006,0.1767463164932067,0.03189749773518843,0.426654746469008,0.6153070707070707,0.18181818181818182,1.0,0.7448363636363636,0.33181818181818834,1.0,0.6462077844697225,0.3076923076923077,0.8333333333333334,0.6180646464646464,0.46464646464646464,0.8080808080808081,xy,OR,0.614084941379688,False,False
OR_xy,ST,Angle,st_Angle,not_equal,False,5000,False,Healthy,9,11,0.494542914867519,0.02933959376327156,0.9789270122699253,0.7982972856115064,-0.37940897882096175,2.398421085112938,82.89969975110567,44.21557211961146,124.45794985605845,0.6428323232323232,0.1111111111111111,1.0,0.7752808080808081,0.18181818181818182,1.0,0.6855354472140683,0.2,0.8181818181818182,0.6322545454545455,0.3636363636363636,0.787878787878788,xy,OR,0.659390553156692,False,False
F1_yz,T,Area_Net,t_Area_Net,not_equal,False,5000,False,Healthy,9,12,0.16798148038668728,0.05342278572910245,0.3966611238024427,1.5112491175226526,0.8686651676328307,2.1212490493636964,56.52373303278359,22.070028692214265,97.77496515719984,0.4817166666666667,0.3333333333333333,0.8333333333333334,0.8651111111111112,0.5555555555555556,1.0,0.5974407695174858,0.5,0.7692307692307693,0.6542222222222223,0.6111111111111112,0.7037037037037037,yz,F1,0.16798148038668728,False,False
F1_yz,T,Area_Hull,t_Area_Hull,not_equal,False,5000,False,Healthy,9,12,0.10182341885514515,0.02726236008415677,0.2704701945191901,1.8181950631106378,1.1374682101172333,2.4640970228206043,40.433562430947,24.284201578525227,119.06172404215714,0.71015,0.3333333333333333,0.8333333333333334,0.7017333333333333,0.5555555555555556,1.0,0.7242441616261823,0.5,0.8,0.7055314814814816,0.6574074074074074,0.7592592592592593,yz,F1,0.10182341885514515,False,False
F1_yz,T,Solidity,t_Solidity,not_equal,False,5000,False,ACM,9,12,0.403203771070757,0.14911629104032328,0.7565218695866858,-0.8957026539914057,-1.5157286465042388,-0.31456473553896913,0.9070680129311866,0.5693456624811005,0.9997944377922728,0.6110333333333334,0.331250000000009,1.0,0.6859888888888889,0.25,1.0,0.5889168118173685,0.42785714285714593,0.7,0.6055777777777778,0.5092592592592592,0.7037037037037037,yz,F1,0.7562590945038713,False,False
F1_yz,T,Distance,t_Distance,not_equal,False,5000,False,Healthy,9,12,0.18774290275163186,0.04279688292805677,0.48019012278644474,1.455672308275087,0.7202364659383136,2.1736991624492785,16.398930574456994,10.028171925836544,20.349420222068527,0.4447,0.25,0.75,0.9388,0.6666666666666666,1.0,0.5879783355746935,0.4,0.75,0.6476611111111111,0.5555555555555556,0.7314814814814815,yz,F1,0.18774290275163186,False,False
F1_yz,T,Compact,t_Compact,not_equal,False,5000,False,Healthy,9,12,0.75242504244473,0.3915251668205534,0.9882962052331153,0.2554299362727591,-0.38035537034691574,0.870942643220963,0.45006895198152785,0.1741386013290629,0.6393754692496515,0.6308722222222223,0.3333333333333333,1.0,0.6874611111111111,0.16666666666666666,0.8888888888888888,0.6435780839796399,0.47058823529411764,0.75,0.5596833333333334,0.4537037037037037,0.6481481481481481,yz,F1,0.75242504244473,False,False
F1_yz,T,Angle,t_Angle,not_equal,False,5000,False,ACM,9,12,0.25607569237193284,0.10380255296788674,0.8232566679193575,-1.2856411565194148,-1.7533512494432784,-0.22071294651108891,1.7408911636783313,-122.48407717313798,25.27714836485979,0.39716666666666667,0.2222222222222222,1.0,0.9071444444444443,0.25,1.0,0.5052249122901565,0.36363636363636365,0.6666666666666666,0.623187037037037,0.5185185185185185,0.6944444444444445,yz,F1,0.6309319124460985,False,False
F1_yz,QRS,Area_Net,qrs_Area_Net,not_equal,False,5000,True,Healthy,9,12,0.02451702463616754,0.006468751214482801,0.06621361590281982,2.5623981835645693,1.9525445658038296,3.1771259798809717,105.19311925608001,19.351142821145352,195.56160678659373,0.6723166666666666,0.5,0.9166666666666666,0.8451333333333332,0.5555555555555556,1.0,0.7468834670610158,0.6666666666666666,0.8461538461538461,0.7838518518518518,0.7314814814814815,0.8333333333333334,yz,F1,0.13420383210199646,False,False
F1_yz,QRS,Area_Hull,qrs_Area_Hull,not_equal,False,5000,True,Healthy,9,12,0.038928816170214715,0.011465888829576972,0.09878448094779281,2.3143520461881755,1.7377335793523339,2.880851368750187,185.43333722986915,34.47353059949224,315.5708116626182,0.57355,0.4166666666666667,0.9166666666666666,0.8995777777777777,0.5555555555555556,1.0,0.684730432569878,0.5882352941176471,0.8148148148148148,0.7382,0.6944444444444444,0.7870370370370371,yz,F1,0.11929892787123246,False,False
F1_yz,QRS,Solidity,qrs_Solidity,not_equal,False,5000,False,Healthy,9,12,0.0724598632434452,0.0044188343310618775,0.32170244163316725,2.192718078315448,1.021340932706498,3.378670597871289,0.8148034367849952,0.6235983973265727,0.9427246171338974,0.7377166666666666,0.5833333333333334,0.9166666666666666,0.8426666666666668,0.6666666666666666,0.8888888888888888,0.7928883069604994,0.7,0.88,0.75635,0.6388888888888888,0.8518518518518519,yz,F1,0.2898394529737808,False,False
F1_yz,QRS,Distance,qrs_Distance,not_equal,False,5000,True,Healthy,9,12,0.046951857039708174,0.01719810547402096,0.1015993076713565,2.198847851080667,1.7329089768101764,2.658458162182565,29.596952022754994,20.121972342973578,35.433535992096786,0.5751,0.4166666666666667,0.8333333333333334,0.9723111111111111,0.7777777777777778,1.0,0.7178921013952619,0.5882352941176471,0.8181818181818182,0.7304166666666667,0.6756944444444454,0.7870370370370371,yz,F1,0.06260247605294424,False,False
F1_yz,QRS,Compact,qrs_Compact,not_equal,False,5000,False,Healthy,9,12,0.24351555517521964,0.030603030802711702,0.6230094089675029,1.3343816136439237,0.5011806834156568,2.358184876103851,0.18927333399091373,0.07612274541222158,0.32883636109129166,0.7587666666666667,0.5,1.0,0.7365888888888888,0.4444444444444444,0.8888888888888888,0.7701633899722098,0.631578947368421,0.8695652173913043,0.7263962962962963,0.6203703703703705,0.8240740740740741,yz,F1,0.6206086475153967,False,False
F1_yz,QRS,Angle,qrs_Angle,not_equal,False,5000,False,Healthy,9,12,0.5260219859589402,0.13887468651273355,0.9668743004473247,0.6915411950544754,-0.08786472986648623,1.5489976622327313,-66.69438651001616,-80.50289389765234,-2.340222306602582,0.7065,0.3333333333333333,0.75,0.6383222222222222,0.4444444444444444,0.8333333333333334,0.708975090381239,0.42857142857142855,0.782608695652174,0.5896240740740741,0.47222222222222227,0.6851851851851851,yz,F1,0.7651942654545838,False,False
F1_yz,ST,Area_Net,st_Area_Net,not_equal,False,5000,False,Healthy,9,12,0.4042674460716615,0.02235657660120648,0.9612744169447549,0.9122780127514101,-0.8454615166163127,2.5510709522583603,11.239712265149992,-2.113662641484922,42.91397196027546,0.6348277777777778,0.2222222222222222,1.0,0.7423277777777777,0.25,1.0,0.6631969195759817,0.36363636363636365,0.8333333333333334,0.6107259259259259,0.4351851851851852,0.7962962962962963,yz,F1,0.6406449853308659,False,False
F1_yz,ST,Area_Hull,st_Area_Hull,not_equal,False,5000,False,Healthy,9,12,0.411376897687381,0.028773318298583272,0.9535910706854472,0.9181926237099158,-0.5792942996839355,2.411618638930089,19.929691964018705,-0.017401504212436032,61.665154468736155,0.63165,0.25,1.0,0.7422833333333334,0.25,1.0,0.6670728648304275,0.375,0.8333333333333334,0.615537037037037,0.45370370370370366,0.7870370370370371,yz,F1,0.5448867496378113,False,False
F1_yz,ST,Solidity,st_Solidity,not_equal,False,5000,False,Healthy,9,12,0.5252008433663934,0.040219263915809836,0.9776932710469631,0.4966503276294283,-1.0258639811813277,2.21178745262393,0.5292862276217718,0.14805077485145055,0.9868066754249587,0.6334833333333333,0.2222222222222222,1.0,0.6910166666666666,0.24930555555555856,1.0,0.6362596238748768,0.36363636363636365,0.8275862068965517,0.5913611111111111,0.4722222222222222,0.7592592592592593,yz,F1,0.5920863314264029,False,False
F1_yz,ST,Distance,st_Distance,not_equal,False,5000,False,Healthy,9,12,0.3604901640038108,0.008554805353488716,0.9575417226982635,1.1169738647874818,-0.6194041546154758,2.9889653114942756,3.4626506490638196,-0.45442744367923155,7.725609313264161,0.5859833333333334,0.25,1.0,0.8089333333333333,0.25,1.0,0.6491334731926054,0.4,0.8333333333333334,0.6347722222222223,0.46296296296296297,0.8333333333333333,yz,F1,0.5062857045012399,False,False
F1_yz,ST,Compact,st_Compact,not_equal,False,5000,False,Healthy,9,12,0.5414495493420626,0.048316443437493146,0.9796027204895315,0.46898043095138164,-1.003246705241985,2.1089298709181614,0.1988868758658583,0.024627738428341754,0.4645942133610741,0.6298388888888888,0.2222222222222222,1.0,0.6806,0.2222222222222222,1.0,0.6319907801810083,0.3333333333333333,0.8275862068965517,0.5830907407407407,0.46296296296296297,0.75,yz,F1,0.6117304414176443,False,False
F1_yz,ST,Angle,st_Angle,not_equal,False,5000,False,Healthy,9,12,0.3121464677509898,0.10364462970762366,0.6979048448226262,1.1155037298590325,0.39622190782156935,1.7374290709377758,100.29560457344378,-6.304423077834355,153.27346794682967,0.6113111111111111,0.3333333333333333,1.0,0.7237555555555556,0.3333333333333333,1.0,0.6543261416028705,0.5,0.8,0.6313277777777777,0.5370370370370371,0.7222222222222222,yz,F1,0.6194870342450687,False,False
EZ_yz,T,Area_Net,t_Area_Net,not_equal,False,5000,True,Healthy,9,12,0.013665150663917155,0.00204198832146873,0.0511544089388308,2.9289782523605528,2.0872945049707914,3.7852000628489724,27.372576305223966,21.65107622020274,31.49202440389565,0.814,0.75,0.8333333333333334,0.8898444444444445,0.7777777777777778,1.0,0.8580198676533232,0.8181818181818182,0.8695652173913043,0.8269296296296296,0.787037037037037,0.8703703703703705,yz,EZ,0.02934143118097417,True,False
EZ_yz,T,Area_Hull,t_Area_Hull,not_equal,False,5000,True,Healthy,9,12,0.011013364591129594,0.0018932578221187886,0.037768736447356836,3.0164971507872202,2.234582772122208,3.815520763225796,35.062768433167555,24.097292295170632,48.015527252317085,0.7626333333333333,0.6666666666666666,0.8333333333333334,0.8744444444444446,0.7777777777777778,1.0,0.8203863817646883,0.7619047619047619,0.8695652173913043,0.8170833333333334,0.7685185185185185,0.8703703703703703,yz,EZ,0.017621383345807352,True,True
EZ_yz,T,Solidity,t_Solidity,not_equal,False,5000,False,Healthy,9,12,0.599139996457258,0.23056318648137775,0.9716358785933914,0.5398817107048713,-0.23434170646563682,1.2669211888787002,0.7756421566568219,0.5378872011681661,0.9947174696310902,0.8078888888888889,0.3333333333333333,1.0,0.4566333333333334,0.2222222222222222,0.9166666666666666,0.7127653233379321,0.4607142857142893,0.8,0.5403537037037037,0.4537037037037037,0.6388888888888888,yz,EZ,0.7562590945038713,False,False
EZ_yz,T,Distance,t_Distance,not_equal,False,5000,False,Healthy,9,12,0.10696058353058747,0.017325523466232885,0.2965147106543072,1.8162672939530413,1.0738606276887188,2.6330167249627072,12.3221593875262,7.408427373940559,19.20283095599345,0.6387333333333333,0.3333333333333333,0.9166666666666666,0.7814444444444444,0.4444444444444444,1.0,0.6993576944896824,0.5,0.8181818181818182,0.6833407407407407,0.5833333333333333,0.7962962962962963,yz,EZ,0.12224066689209998,False,False
EZ_yz,T,Compact,t_Compact,not_equal,False,5000,False,Healthy,9,12,0.6755106858507403,0.34790465609319426,0.9749205324740401,0.4287587498674364,-0.10140901481208818,0.9663860974159415,0.29597098649392173,0.16205056303342372,0.6104810381150652,0.7425222222222223,0.3333333333333333,0.8333333333333334,0.5763555555555556,0.4444444444444444,0.9166666666666666,0.7114956352404327,0.42857142857142855,0.7692307692307693,0.5716240740740741,0.4814814814814815,0.638888888888889,yz,EZ,0.75242504244473,False,False
EZ_yz,T,Angle,t_Angle,not_equal,False,5000,False,ACM,9,12,0.57130402935951,0.17964052194342686,0.9751303156089831,-0.5877060985052546,-1.3958646403019548,0.25841329477166186,-21.577060534800893,-164.3009544622029,150.78127267572387,0.8405833333333332,0.3333333333333333,1.0,0.43742777777777775,0.25,1.0,0.6449497881660027,0.5,0.72,0.5015685185185185,0.39814814814814814,0.6296296296296297,yz,EZ,0.7121019911271312,False,False
EZ_yz,QRS,Area_Net,qrs_Area_Net,not_equal,False,5000,False,Healthy,9,12,0.15851295928873996,0.09291565548185865,0.25952837541605817,1.5130231992019085,1.1738170847207952,1.8208181500654006,221.75319557173043,20.70951985890076,373.0426210640436,0.3629,0.25,0.8333333333333334,0.9536666666666668,0.4444444444444444,1.0,0.5068889818074347,0.4,0.7586206896551724,0.5945277777777778,0.537037037037037,0.6666666666666666,yz,EZ,0.15851295928873996,False,False
EZ_yz,QRS,Area_Hull,qrs_Area_Hull,not_equal,False,5000,False,Healthy,9,12,0.19875401172607507,0.09778369640059759,0.3525279118423651,1.3742718102058613,0.958222845819407,1.7810237777199376,179.5928203311731,15.946654454916146,374.7345443562622,0.5103333333333334,0.25,1.0,0.8149111111111111,0.3333333333333333,1.0,0.5812456530921266,0.4,0.8,0.6251314814814815,0.5648148148148149,0.6851851851851852,yz,EZ,0.19875401172607507,False,False
EZ_yz,QRS,Solidity,qrs_Solidity,not_equal,False,5000,False,Healthy,9,12,0.7168654870155665,0.2891091395762854,0.988708421183718,0.1439423073346728,-0.7693032421240311,1.0536329643578195,0.7632633963282585,0.2857175841260685,1.001991184153623,0.6590333333333334,0.2222222222222222,1.0,0.61025,0.16666666666666666,1.0,0.6219463807313569,0.36363636363636365,0.7586206896551724,0.5470092592592594,0.4351851851851851,0.6574074074074074,yz,EZ,0.7168654870155665,False,False
EZ_yz,QRS,Distance,qrs_Distance,not_equal,False,5000,False,Healthy,9,12,0.23915775389237587,0.07693564233664461,0.50055480874425,1.2718640614255687,0.6867247579699878,1.8838870494552582,29.611520945911057,24.195630495310837,37.90726783073589,0.52,0.3333333333333333,0.5833333333333334,0.8735555555555555,0.7777777777777778,1.0,0.6407986588293327,0.5,0.7368421052631579,0.6260018518518519,0.5555555555555556,0.6944444444444444,yz,EZ,0.27332314730557244,False,False
EZ_yz,QRS,Compact,qrs_Compact,not_equal,False,5000,False,Healthy,9,12,0.4084928976219387,0.13621275644997166,0.818407725177913,0.8942837616365352,0.23248761573352034,1.5639287846211138,0.30452368383766837,0.1591963788543395,0.4514590145697814,0.45993888888888895,0.3333333333333333,0.6666666666666666,0.8716166666666668,0.6666666666666666,1.0,0.5862529024645632,0.47058823529411764,0.7,0.5661944444444446,0.4907407407407407,0.6574074074074074,yz,EZ,0.6206086475153967,False,False
EZ_yz,QRS,Angle,qrs_Angle,not_equal,False,5000,False,ACM,9,12,0.10034161394659569,0.019776218412856515,0.3083333507548283,-1.848356754884711,-2.5519751320423274,-1.0468168841424095,-41.789573484878176,-131.99838988941949,79.81524199992012,0.8971111111111111,0.6666666666666666,1.0,0.5747666666666666,0.4166666666666667,0.75,0.7270575962373429,0.6666666666666666,0.782608695652174,0.6768333333333333,0.5740740740740741,0.7592592592592592,yz,EZ,0.5282396197732745,False,False
EZ_yz,ST,Area_Net,st_Area_Net,not_equal,False,5000,False,ACM,9,12,0.5864755378921225,0.15302446634945555,0.9787262620844712,-0.26360677435047264,-1.416923757419791,1.2414186317115343,25.117610984985035,-0.9972565369670519,99.24391779355936,0.5394777777777777,0.1111111111111111,1.0,0.7382388888888889,0.16666666666666666,1.0,0.5455343369810731,0.2,0.8333333333333334,0.5296277777777778,0.34259259259259256,0.7407407407407407,yz,EZ,0.6406449853308659,False,False
EZ_yz,ST,Area_Hull,st_Area_Hull,not_equal,False,5000,False,ACM,9,12,0.6541662421967032,0.1910560461079451,0.9840139144420461,-0.043994394244073365,-1.1748929404655142,1.2477571245925538,34.8491596961398,-0.8012368441596494,149.34137343548113,0.5797277777777778,0.1111111111111111,1.0,0.7126388888888888,0.16666666666666666,1.0,0.5725998475457753,0.2,0.8333333333333334,0.5454666666666667,0.34259259259259256,0.7592592592592593,yz,EZ,0.6541662421967032,False,False
EZ_yz,ST,Solidity,st_Solidity,not_equal,False,5000,False,ACM,9,12,0.58805429425258,0.0957980369552672,0.979992214149719,-0.10695803736520165,-1.581795296897235,1.475561558861018,0.5235676035900552,0.1461714121754997,0.9729985859166476,0.6448388888888889,0.2222222222222222,1.0,0.6619388888888889,0.2222222222222222,1.0,0.625795915426285,0.36363636363636365,0.8148148148148148,0.5759018518518518,0.4722222222222222,0.7222222222222222,yz,EZ,0.5920863314264029,False,False
EZ_yz,ST,Distance,st_Distance,not_equal,False,5000,False,Healthy,9,12,0.38165097285025196,0.006307305978680343,0.96028690617531,1.019433291196881,-0.8417110866087304,3.1198422285440435,2.728838340846062,-0.6525729688162737,6.037657688881991,0.6260777777777778,0.25,1.0,0.7832722222222223,0.25,1.0,0.6698828066011651,0.4,0.8461538461538461,0.6339277777777778,0.4444444444444445,0.8243055555555523,yz,EZ,0.5062857045012399,False,False
EZ_yz,ST,Compact,st_Compact,not_equal,False,5000,False,Healthy,9,12,0.5819048286866134,0.06187657916630257,0.9820056157155747,0.3289198061200941,-1.0253383570791537,1.9857461648006742,0.16677378698595127,0.025455792442759702,0.41861889712596506,0.6527222222222222,0.2222222222222222,1.0,0.6615222222222222,0.2222222222222222,1.0,0.6403983625802947,0.3333333333333333,0.8333333333333334,0.582237037037037,0.4537037037037037,0.75,yz,EZ,0.6117304414176443,False,False
EZ_yz,ST,Angle,st_Angle,not_equal,False,5000,False,Healthy,9,12,0.6194870342450687,0.0676200025528706,0.9840932299795427,0.27630962136239945,-0.7540241880688645,1.9825574976877045,23.635300470331266,-45.52365185449713,315.09421350605635,0.6032722222222222,0.1111111111111111,1.0,0.69085,0.3333333333333333,1.0,0.5874684313696279,0.2,0.8333333333333334,0.5498,0.3518518518518519,0.7407407407407407,yz,EZ,0.6194870342450687,False,False
OX_xy,T,Area_Net,t_Area_Net,not_equal,False,5000,False,Healthy,7,11,0.10201318080865139,0.026268496610254526,0.28438084078216486,1.8441072775740424,1.1132599042828826,2.5065035375282823,3.076009202382403,1.3106798914002622,12.551646166712096,0.8738181818181818,0.45454545454545453,1.0,0.6564857142857143,0.5714285714285714,1.0,0.8303407169221501,0.625,0.9166666666666666,0.7616519480519479,0.6623376623376623,0.8441558441558441,xy,OX,0.10201318080865139,False,False
OX_xy,T,Area_Hull,t_Area_Hull,not_equal,False,5000,True,Healthy,7,11,0.017336420673639195,0.006572959859634415,0.0372691499071342,2.804226189681756,2.338004638282608,3.273062848999118,8.9229921021773,3.862125245709008,29.105820089145737,0.8824363636363636,0.5454545454545454,1.0,0.7579714285714286,0.5714285714285714,1.0,0.8591892432295574,0.7058823529411765,0.9166666666666666,0.8569532467532467,0.8051948051948052,0.8961038961038961,xy,OX,0.031103375408825774,True,True
OX_xy,T,Solidity,t_Solidity,not_equal,False,5000,False,ACM,7,11,0.2913389973133285,0.04854244565441873,0.8198146641033819,-1.2387127020020874,-2.2235671515969813,-0.2096792897432077,0.6378101114760335,0.32980521596646933,0.8979714559072904,0.6491194805194804,0.2857142857142857,0.8571428571428571,0.7959376623376624,0.45454545454545453,1.0,0.6575370399472352,0.4444444444444444,0.8,0.6710363636363637,0.5194805194805194,0.7922077922077922,xy,OX,0.6738426356302217,False,False
OX_xy,T,Distance,t_Distance,not_equal,False,5000,True,Healthy,7,11,0.005321600760319231,0.0008465000339647942,0.016715703798016075,3.395701635030139,2.679213863335932,4.192618122237048,13.401050675428825,9.828160049092222,16.54023950444022,0.7792909090909091,0.6363636363636364,0.9090909090909091,0.9662,0.8571428571428571,1.0,0.8636232495083326,0.7777777777777778,0.9523809523809523,0.8769584415584415,0.8181818181818182,0.935064935064935,xy,OX,0.021286403041276925,True,True
OX_xy,T,Compact,t_Compact,not_equal,False,5000,False,Healthy,7,11,0.6599209467458297,0.14819602541201207,0.9867620737027742,0.20940149167015598,-0.7833800153755873,1.5355411014619016,0.09895515097764492,0.012741555599937346,0.3019233826113739,0.6137194805194806,0.14285714285714285,1.0,0.6611818181818182,0.2857142857142857,1.0,0.6013386685330293,0.25,0.8148148148148148,0.544735064935065,0.4415584415584416,0.6753246753246753,xy,OX,0.6599209467458297,False,False
OX_xy,T,Angle,t_Angle,not_equal,False,5000,False,Healthy,7,11,0.08486063748653358,0.058460298404343435,0.12945678298275107,1.8518711447131657,1.6010449120357246,2.0467572426459544,-16.29527799911962,-46.602763645786425,120.01799542292721,0.7730545454545455,0.5454545454545454,1.0,0.7479999999999999,0.5714285714285714,0.8571428571428571,0.7927717325779169,0.6666666666666666,0.9166666666666666,0.7607896103896103,0.6753246753246753,0.8571428571428572,xy,OX,0.3394425499461343,False,False
OX_xy,QRS,Area_Net,qrs_Area_Net,not_equal,False,5000,False,Healthy,7,11,0.6297371340390909,0.1647425468527808,0.9796920735615248,0.49535016633808016,-0.276794593467743,1.4665038622771678,9.71235541906386,0.8388120698584762,54.940926552536254,0.7132623376623377,0.14285714285714285,1.0,0.6929090909090909,0.42857142857142855,1.0,0.7201303671225501,0.25,0.8695652173913043,0.6348805194805194,0.37662337662337664,0.7662337662337663,xy,OX,0.6297371340390909,False,False
OX_xy,QRS,Area_Hull,qrs_Area_Hull,not_equal,False,5000,False,Healthy,7,11,0.4627140178542968,0.10657718990217016,0.9502901552877333,0.8144718627383235,-0.056610743641480415,1.723395554215627,10.030482611017764,3.9145355575659546,44.46710316567497,0.7915142857142857,0.42857142857142855,0.9090909090909091,0.6230623376623375,0.5714285714285714,1.0,0.7725809024613831,0.5325000000000036,0.8333333333333334,0.6253298701298702,0.49318181818181955,0.7402597402597403,xy,OX,0.4627140178542968,False,False
OX_xy,QRS,Solidity,qrs_Solidity,not_equal,False,5000,False,Healthy,7,11,0.5147040740460468,0.1181770141123012,0.9685603660182743,0.6957919575760263,-0.3283220542248249,1.6928656237537454,0.4941060689292981,0.20221456540915592,0.9503295074567787,0.7525844155844156,0.2857142857142857,1.0,0.6165012987012987,0.2857142857142857,1.0,0.7333712247978811,0.42857142857142855,0.88,0.6051662337662338,0.48051948051948057,0.7402597402597402,xy,OX,0.6876070114350372,False,False
OX_xy,QRS,Distance,qrs_Distance,not_equal,False,5000,False,Healthy,7,11,0.4154565573447178,0.17309705920121507,0.7388230171881776,0.8693382328648437,0.3407477260541401,1.4313691567764169,24.18153509902228,17.19104971834909,38.621445534798056,0.4831636363636364,0.2727272727272727,0.6363636363636364,0.8703714285714282,0.7142857142857143,1.0,0.6100207633336735,0.42857142857142855,0.7368421052631579,0.5831922077922078,0.5194805194805194,0.6493506493506493,xy,OX,0.4154565573447178,False,False
OX_xy,QRS,Compact,qrs_Compact,not_equal,False,5000,False,Healthy,7,11,0.227566906795255,0.027440851303734623,0.7467692254673675,1.4317632492602033,0.32307128902427723,2.4696156499444215,0.06692061802682195,0.026634242895897556,0.15177158112787106,0.6748233766233767,0.2727272727272727,0.9090909090909091,0.7630623376623377,0.5714285714285714,1.0,0.7272424541126403,0.42857142857142855,0.8571428571428571,0.669625974025974,0.5324675324675324,0.8051948051948051,xy,OX,0.7901692859342673,False,False
OX_xy,QRS,Angle,qrs_Angle,not_equal,False,5000,False,Healthy,7,11,0.16556060243187623,0.012864394172010536,0.8026185823506442,1.8109655892892407,0.2498237100316227,2.875133843071153,16.488005330457877,-44.39511269101639,122.00355256131486,0.5413376623376623,0.2727272727272727,0.8181818181818182,0.8927428571428573,0.5714285714285714,1.0,0.6589591684594552,0.42857142857142855,0.8181818181818182,0.6561116883116883,0.4935064935064935,0.8051948051948052,xy,OX,0.663453380186112,False,False
OX_xy,ST,Area_Net,st_Area_Net,not_equal,False,5000,False,Healthy,7,11,0.6612144103369615,0.09713414751077154,0.986741209093148,0.14003341458107715,-0.8407424291883061,1.7761174106632072,11.297792462883367,-3.023415204834145e-05,41.06573407524339,0.629787012987013,0.14285714285714285,1.0,0.8010961038961039,0.18181818181818182,1.0,0.6524660285164202,0.25,0.9166666666666666,0.5453454545454546,0.2857142857142857,0.8311688311688312,xy,OX,0.6612144103369615,False,False
OX_xy,ST,Area_Hull,st_Area_Hull,not_equal,False,5000,False,Healthy,7,11,0.6474989408842896,0.12007618589636898,0.9847024445969986,0.35699469691029745,-0.6656228640387635,1.6561952464946164,11.548114296362055,0.3560054612138078,45.673301388083345,0.7363246753246754,0.2857142857142857,1.0,0.7548,0.36363636363636365,1.0,0.7376427224059947,0.4,0.9166666666666666,0.6117506493506493,0.2987012987012987,0.8051948051948051,xy,OX,0.6474989408842896,False,False
OX_xy,ST,Solidity,st_Solidity,not_equal,False,5000,False,Healthy,7,11,0.5880894405982073,0.09722118218400631,0.9783345255287994,0.09837050494485686,-1.5210682516381309,1.6194734758638685,0.5820729360049876,0.1837300717619226,0.9667733343540124,0.6848025974025973,0.2727272727272727,1.0,0.6517610389610389,0.18181818181818182,1.0,0.658886148055302,0.4,0.8461538461538461,0.5857298701298701,0.4675324675324676,0.7402597402597403,xy,OX,0.62371363316425,False,False
OX_xy,ST,Distance,st_Distance,not_equal,False,5000,False,Healthy,7,11,0.09833067159585128,0.0009561538750547593,0.5893824695456147,2.270509344506488,0.5449605888412075,4.158285767812189,4.085482923083214,1.1229583771611125,7.232327586067392,0.7019038961038961,0.36363636363636365,1.0,0.8812129870129871,0.5714285714285714,1.0,0.7809208590947647,0.5333333333333333,0.9166666666666666,0.7649506493506493,0.5714285714285714,0.935064935064935,xy,OX,0.41985454964457736,False,False
OX_xy,ST,Compact,st_Compact,not_equal,False,5000,False,Healthy,7,11,0.5438940090886284,0.04161032912948066,0.9791345687357286,0.46595446949688774,-0.9754926442453095,2.2371677411258704,0.15688402646641902,0.02077593401328734,0.4572489529156979,0.6916493506493507,0.2727272727272727,1.0,0.6717714285714286,0.2857142857142857,1.0,0.6837128230409605,0.4,0.88,0.6000961038961039,0.4285714285714286,0.8051948051948051,xy,OX,0.614084941379688,False,False
OX_xy,ST,Angle,st_Angle,not_equal,False,5000,False,ACM,7,11,0.21620706913348486,0.07082867622480311,0.5588685543839345,-1.3682527226912462,-1.9435212553579704,-0.5971181827074468,100.4062769361895,2.8264548000351883,138.1685119982439,0.7820233766233765,0.42857142857142855,0.8571428571428571,0.5960701298701299,0.45454545454545453,1.0,0.6446341597119771,0.5454545454545454,0.7058823529411765,0.619251948051948,0.5064935064935064,0.7402597402597403,xy,OX,0.659390553156692,False,False
OW_yz,T,Area_Net,t_Area_Net,not_equal,False,5000,True,Healthy,9,12,0.004937733265029385,0.002418182831885598,0.009454631240721966,3.5214710274626033,3.121965114446404,3.8931918824995155,27.40257290555751,8.401439583915936,34.108867744470096,0.77275,0.75,0.9166666666666666,0.9960666666666667,0.8888888888888888,1.0,0.8696973401091662,0.8571428571428571,0.9166666666666666,0.8914944444444445,0.8240740740740741,0.9351851851851852,yz,OW,0.01975093306011754,True,True
OW_yz,T,Area_Hull,t_Area_Hull,not_equal,False,5000,True,Healthy,9,12,0.0020650782717584306,0.0008058646533150762,0.004510467586643172,4.018052425579693,3.5171659660301593,4.505521672859478,32.32618787501373,20.092431876864133,36.56900686343588,0.8173833333333332,0.75,0.8333333333333334,0.9988222222222223,1.0,1.0,0.8986892351609742,0.8571428571428571,0.9090909090909091,0.9315185185185184,0.8888888888888888,0.9537037037037037,yz,OW,0.01457068127799717,True,True
OW_yz,T,Solidity,t_Solidity,not_equal,False,5000,False,Healthy,9,12,0.49208110919494263,0.2024110516792516,0.8953953760373827,0.7329845107605475,0.11222997811351065,1.3326687974389595,0.8035102257092447,0.39862883699878227,0.9620105586042991,0.5689833333333333,0.3333333333333333,0.9166666666666666,0.7335388888888889,0.3333333333333333,0.8888888888888888,0.6270824099041034,0.47058823529411764,0.7857142857142857,0.6010129629629629,0.5185185185185185,0.675925925925926,yz,OW,0.7562590945038713,False,False
OW_yz,T,Distance,t_Distance,not_equal,False,5000,True,Healthy,9,12,0.008193033998460735,0.0008518198923446325,0.03244697764095061,3.2685176230027375,2.3680133540612074,4.21193700957523,8.97392970453492,5.600056676769861,15.9548537275537,0.71545,0.5,0.9166666666666666,0.9128666666666668,0.7777777777777778,1.0,0.7985963168860473,0.6666666666666666,0.9090909090909091,0.8224462962962964,0.7222222222222222,0.9074074074074074,yz,OW,0.03277213599384294,True,True
OW_yz,T,Compact,t_Compact,not_equal,False,5000,False,Healthy,9,12,0.06328860123014221,0.012052092978529787,0.16714765727169106,2.0756159430269983,1.4396201272982363,2.7810759427066336,0.2828935731489671,0.1788061450813118,0.4622116423934121,0.7641666666666667,0.5,0.9166666666666666,0.7528888888888888,0.5555555555555556,1.0,0.7810278939563902,0.6666666666666666,0.8461538461538461,0.7398870370370371,0.6666666666666667,0.8148148148148148,yz,OW,0.5063088098411377,False,False
OW_yz,T,Angle,t_Angle,not_equal,False,5000,False,Healthy,9,12,0.7210357447676701,0.304126235590746,0.9876449329568578,0.3228034189214654,-0.29096418154127973,1.0606129057617693,-104.4919036826865,-150.54885122885088,157.3287113383595,0.6912166666666666,0.16666666666666666,1.0,0.5679055555555554,0.3333333333333333,1.0,0.6531809403664701,0.2857142857142857,0.8,0.5513259259259259,0.4537037037037037,0.6388888888888888,yz,OW,0.7210357447676701,False,False
OW_yz,QRS,Area_Net,qrs_Area_Net,not_equal,False,5000,False,Healthy,9,12,0.10678392899304588,0.06955324560012882,0.1506606313645024,1.7631648150628374,1.5414064888781969,2.0053789599365768,33.60527600325378,17.377468724654182,75.04429695311377,0.7261833333333334,0.5,0.9166666666666666,0.8244888888888888,0.6666666666666666,1.0,0.7771059986318701,0.631578947368421,0.88,0.7589351851851852,0.6574074074074074,0.8518518518518519,yz,OW,0.13420383210199646,False,False
OW_yz,QRS,Area_Hull,qrs_Area_Hull,not_equal,False,5000,False,Healthy,9,12,0.08665377370918814,0.0508788428671871,0.13104006234585244,1.8882668484073315,1.6252481834516361,2.1803823866115515,40.13610554857647,21.239009005635374,88.89460475390699,0.8155,0.5833333333333334,0.9166666666666666,0.7728,0.6666666666666666,0.8916666666666262,0.8195537799554659,0.7272727272727273,0.88,0.7983,0.7314814814814815,0.861111111111111,yz,OW,0.12078468935975403,False,False
OW_yz,QRS,Solidity,qrs_Solidity,not_equal,False,5000,False,ACM,9,12,0.7044503941512521,0.24383600027154817,0.9881115111782547,-0.30809127808107895,-1.208665134926354,0.4428790946432626,0.8395172652754154,0.2776039237400662,1.0074699949443429,0.6297611111111111,0.2222222222222222,1.0,0.6109833333333334,0.1111111111111111,1.0,0.5802713518599061,0.3333333333333333,0.75,0.5363518518518519,0.4166666666666667,0.6574074074074074,yz,OW,0.7168654870155665,False,False
OW_yz,QRS,Distance,qrs_Distance,not_equal,False,5000,True,Healthy,9,12,0.006258601690395991,0.001836976357909775,0.014415897493075572,3.2828601428158013,2.7940790744796646,3.8149368169100484,19.38191304934604,9.899343008434965,27.065110524723615,0.76995,0.5833333333333334,1.0,0.8842222222222222,0.6666666666666666,1.0,0.8215840018222305,0.7368421052631579,0.8888888888888888,0.8762351851851854,0.8333333333333334,0.9259259259259259,yz,OW,0.016689604507722642,True,True
OW_yz,QRS,Compact,qrs_Compact,not_equal,False,5000,False,ACM,9,12,0.3213801201579378,0.1063462038986442,0.6731956061917975,-1.0798021955028525,-1.7243435192812915,-0.4298436270710688,0.3375380871018654,0.21466746787213106,0.5557967412536896,0.6692833333333333,0.3333333333333333,0.8888888888888888,0.6848833333333334,0.5,1.0,0.6298143892150834,0.5,0.7272727272727273,0.6350481481481481,0.5555555555555556,0.7129629629629629,yz,OW,0.6206086475153967,False,False
OW_yz,QRS,Angle,qrs_Angle,not_equal,False,5000,False,Healthy,9,12,0.7651942654545838,0.4125277527083942,0.9885479826175656,0.07576709736773833,-0.6787391270645545,0.795780875765727,-67.59966709541212,-157.2522223300991,166.23566873644685,0.6505833333333334,0.16666666666666666,1.0,0.6178444444444443,0.25,1.0,0.6155317182381532,0.2857142857142857,0.7857142857142857,0.5402611111111111,0.4537037037037037,0.6296296296296297,yz,OW,0.7651942654545838,False,False
OW_yz,ST,Area_Net,st_Area_Net,not_equal,False,5000,False,Healthy,9,12,0.4690618877522789,0.06268045842637965,0.9651324154728436,0.716244589795972,-0.7587186652396523,2.0193758816692684,9.334436772004064,-3.0210291310662574,44.94522336826998,0.6867333333333333,0.2222222222222222,1.0,0.7236722222222223,0.16666666666666666,1.0,0.695642051782268,0.36363636363636365,0.8571428571428571,0.6251148148148148,0.37037037037037035,0.8055555555555556,yz,OW,0.6406449853308659,False,False
OW_yz,ST,Area_Hull,st_Area_Hull,not_equal,False,5000,False,Healthy,9,12,0.3331636095081003,0.04544712005248714,0.9245171616418776,1.0883755406486495,-0.4195115454522281,2.1858008953341908,14.602029063071491,-1.1275947577926264,37.88351458038664,0.6937666666666666,0.4166666666666667,1.0,0.7750222222222223,0.16666666666666666,0.8888888888888888,0.7303406777541347,0.5555555555555556,0.8695652173913043,0.6727166666666666,0.4074074074074074,0.8333333333333333,yz,OW,0.5448867496378113,False,False
OW_yz,ST,Solidity,st_Solidity,not_equal,False,5000,False,Healthy,9,12,0.5566412414080439,0.06599644794505803,0.9807750680159418,0.36344774812413944,-1.1890597346210192,1.957771135408585,0.5138427161592108,0.14515889856571604,0.9621695943649117,0.6782722222222223,0.2222222222222222,1.0,0.6541,0.2222222222222222,1.0,0.6618824619325836,0.36363636363636365,0.8333333333333334,0.5887388888888889,0.4722222222222222,0.7592592592592592,yz,OW,0.5920863314264029,False,False
OW_yz,ST,Distance,st_Distance,not_equal,False,5000,False,Healthy,9,12,0.3738153456781878,0.006791203849090973,0.9595291312359099,1.0680492901790894,-0.7528743557369747,3.101826995159997,3.434157461971003,-0.6811695798798267,7.5047107908513535,0.5975722222222223,0.25,1.0,0.8069777777777778,0.25,1.0,0.6560300797210964,0.4,0.8333333333333334,0.6318574074074075,0.4537037037037037,0.8333333333333334,yz,OW,0.5062857045012399,False,False
OW_yz,ST,Compact,st_Compact,not_equal,False,5000,False,Healthy,9,12,0.5568636488591766,0.031861147437801406,0.9758625768474837,0.5201363899291171,-0.8140305855158946,2.3479081858981203,0.19200765729234978,0.028697080905279785,0.6726424993379094,0.6653222222222223,0.1111111111111111,1.0,0.7061388888888889,0.25,1.0,0.6669631033346741,0.2,0.8695652173913043,0.6104925925925925,0.38888888888888884,0.8055555555555556,yz,OW,0.6117304414176443,False,False
OW_yz,ST,Angle,st_Angle,not_equal,False,5000,False,ACM,9,12,0.4011489107124489,0.0928881866520408,0.9303177741320893,-0.9376517262338652,-1.8246473354687618,0.22344699843860197,66.4381890058078,-0.49302396703177,166.42639732697677,0.5397611111111111,0.2222222222222222,1.0,0.7480111111111112,0.25,1.0,0.5449879810160375,0.36363636363636365,0.72,0.5693537037037036,0.46296296296296297,0.6666666666666667,yz,OW,0.6194870342450687,False,False
OO_yz,T,Area_Net,t_Area_Net,not_equal,False,5000,True,Healthy,9,12,0.018654365958128437,0.011755647796118705,0.027599078891954804,2.7531719587761856,2.522712267839144,2.9925868613016093,22.170620565883596,10.822160243878043,52.48075634091797,0.6817,0.5,0.9166666666666666,0.9136888888888889,0.6666666666666666,1.0,0.775400847064294,0.6666666666666666,0.8571428571428571,0.8385370370370372,0.7777777777777778,0.8888888888888888,yz,OO,0.02934143118097417,True,True
OO_yz,T,Area_Hull,t_Area_Hull,not_equal,False,5000,True,Healthy,9,12,0.010784798552176915,0.0053658216381355815,0.01902513651755727,3.0496999353861507,2.7109904838597574,3.3986421465348053,34.87648678583005,20.289987565405127,44.83585905261943,0.7428166666666667,0.5833333333333334,0.8333333333333334,0.9439333333333334,0.7777777777777778,1.0,0.8307137278607485,0.7368421052631579,0.9090909090909091,0.8671222222222222,0.8148148148148148,0.9074074074074074,yz,OO,0.017621383345807352,True,True
OO_yz,T,Solidity,t_Solidity,not_equal,False,5000,False,ACM,9,12,0.7474961407028586,0.36869080070996346,0.9881131020181391,-0.06117992167396785,-0.8569384990368927,0.7679226472388629,0.7565085919012565,0.3589677905173587,0.9967720429156715,0.6611055555555556,0.25,1.0,0.5801444444444445,0.16666666666666666,1.0,0.5917950298965142,0.375,0.7741935483870968,0.5314407407407408,0.4537037037037037,0.6203703703703703,yz,OO,0.7562590945038713,False,False
OO_yz,T,Distance,t_Distance,not_equal,False,5000,False,Healthy,9,12,0.07677473430371111,0.006230348789426031,0.2728669934879025,2.0855166398588945,1.1310731138045098,3.119392800191505,11.328657626582551,6.5568536808683975,14.885049704036561,0.5892333333333334,0.4166666666666667,0.9166666666666666,0.9078222222222223,0.5555555555555556,1.0,0.7042872836856188,0.5882352941176471,0.8333333333333334,0.7212,0.6111111111111112,0.8333333333333334,yz,OO,0.10236631240494815,False,False
OO_yz,T,Compact,t_Compact,not_equal,False,5000,False,Healthy,9,12,0.4054992258612734,0.1409171445123789,0.7836687313613138,0.896983019622519,0.2785848108849659,1.5404692072953525,0.34193974874653144,0.10940919814774328,0.6841366889782284,0.7142611111111111,0.25,1.0,0.6006277777777778,0.3333333333333333,1.0,0.6964320068077053,0.4,0.8,0.6165055555555556,0.537037037037037,0.6944444444444444,yz,OO,0.7353911013010704,False,False
OO_yz,T,Angle,t_Angle,not_equal,False,5000,False,ACM,9,12,0.1983883817180577,0.052147097618356404,0.7284009626710873,-1.5209996035255084,-2.1552815617660634,-0.3566511472077271,-50.0737898657643,-147.11282694890937,-14.747133012104753,0.5101111111111112,0.3333333333333333,1.0,0.8687111111111113,0.3333333333333333,1.0,0.590800265151474,0.46153846153846156,0.72,0.6707111111111111,0.5555555555555556,0.75,yz,OO,0.6309319124460985,False,False
OO_yz,QRS,Area_Net,qrs_Area_Net,not_equal,False,5000,False,Healthy,9,12,0.07653803934254404,0.03274270199174355,0.15715380644190274,1.9656785541863098,1.4909004735537312,2.4003010564156573,145.72666621349467,32.6172957490611,270.3649086647196,0.5015833333333334,0.3333333333333333,0.8333333333333334,0.9177555555555554,0.5555555555555556,1.0,0.6323733978884518,0.5,0.7692307692307693,0.6841166666666667,0.6203703703703703,0.7592592592592592,yz,OO,0.13420383210199646,False,False
OO_yz,QRS,Area_Hull,qrs_Area_Hull,not_equal,False,5000,True,Healthy,9,12,0.04473709795171217,0.012948539238309006,0.11040469665196363,2.277622123429837,1.689911622747329,2.870367464661117,126.68363670985596,42.18466987366225,249.06890326987607,0.6798,0.5,0.9166666666666666,0.8374666666666668,0.5555555555555556,1.0,0.749469342081429,0.6666666666666666,0.8333333333333334,0.7627425925925925,0.7037037037037037,0.8240740740740741,yz,OO,0.11929892787123246,False,False
OO_yz,QRS,Solidity,qrs_Solidity,not_equal,False,5000,False,ACM,9,12,0.06448900876639607,0.005825996943533332,0.237834959413169,-2.180004517721483,-3.207842485274899,-1.2210781167907634,0.8149752383902761,0.5943061141394433,0.9677924119296821,0.8298222222222222,0.5555555555555556,1.0,0.6699666666666667,0.4166666666666667,0.9166666666666666,0.7295169926833162,0.631578947368421,0.8181818181818182,0.7278851851851852,0.6018518518518519,0.8333333333333334,yz,OO,0.2898394529737808,False,False
OO_yz,QRS,Distance,qrs_Distance,not_equal,False,5000,True,Healthy,9,12,0.00335622241598825,0.00039998930613765435,0.012337495807243415,3.5948233397037517,2.778215011793027,4.46367049748772,21.557084146814567,13.741578418678507,31.078168638563735,0.78235,0.5833333333333334,0.9166666666666666,0.8872444444444444,0.6666666666666666,1.0,0.834703393625444,0.7368421052631579,0.9166666666666666,0.8648555555555557,0.7962962962962964,0.9166666666666667,yz,OO,0.013424889663953,True,True
OO_yz,QRS,Compact,qrs_Compact,not_equal,False,5000,False,ACM,9,12,0.20288680739451473,0.04707925406822327,0.5017165160559661,-1.4082918333598846,-2.1535997060969505,-0.6848812602791143,0.22002971324126297,0.11492002202399797,0.44987420197267547,0.8578222222222223,0.4444444444444444,1.0,0.5812833333333333,0.3333333333333333,0.9166666666666666,0.7070452826972313,0.5714285714285714,0.7619047619047619,0.6979851851851853,0.6203703703703703,0.7777777777777778,yz,OO,0.6206086475153967,False,False
OO_yz,QRS,Angle,qrs_Angle,not_equal,False,5000,False,ACM,9,12,0.19808985741497792,0.10688269053491517,0.33543881813121224,-1.3707859361980288,-1.7222386267535987,-0.9929899071412592,-59.091107063649154,-142.11181323099478,-34.961249496872064,0.6046222222222221,0.5555555555555556,1.0,0.7988333333333333,0.4166666666666667,0.9166666666666666,0.6426259893495176,0.625,0.72,0.6844092592592592,0.6111111111111112,0.75,yz,OO,0.5282396197732745,False,False
OO_yz,ST,Area_Net,st_Area_Net,not_equal,False,5000,False,Healthy,9,12,0.6406449853308659,0.06512111814448421,0.98448044880678,0.2443250811721271,-0.8137665268075152,1.9918769784055108,30.707015587233286,-4.483851461347424,195.62637351325816,0.6400277777777778,0.1111111111111111,1.0,0.6908055555555555,0.16666666666666666,1.0,0.6122440907598837,0.2,0.8461538461538461,0.5614888888888888,0.2962962962962963,0.7962962962962963,yz,OO,0.6406449853308659,False,False
OO_yz,ST,Area_Hull,st_Area_Hull,not_equal,False,5000,False,Healthy,9,12,0.4735663245888858,0.038642184868099456,0.9682125394910909,0.790203169783554,-0.5000866103919924,2.274587191563982,23.69158659247091,-1.7562746047060478,71.74658099838997,0.6736444444444444,0.2222222222222222,1.0,0.7540055555555555,0.16666666666666666,1.0,0.7017293115068945,0.3333333333333333,0.8461538461538461,0.6432629629629629,0.3796296296296296,0.8055555555555556,yz,OO,0.5448867496378113,False,False
OO_yz,ST,Solidity,st_Solidity,not_equal,False,5000,False,Healthy,9,12,0.5493849051914842,0.05574257813573022,0.9787321773877135,0.37087641009137234,-1.1827913128253196,2.0357344550320104,0.509207420435728,0.1479864607796101,0.9473925001153966,0.6606166666666666,0.2222222222222222,1.0,0.6636888888888889,0.2222222222222222,1.0,0.6489922404479219,0.36363636363636365,0.8275862068965517,0.5896796296296296,0.4722222222222222,0.7500000000000001,yz,OO,0.5920863314264029,False,False
OO_yz,ST,Distance,st_Distance,not_equal,False,5000,False,Healthy,9,12,0.5062857045012399,0.032338641939985924,0.975111027270838,0.4255083472536341,-1.2951595399105775,2.3220460458793353,3.251161942767446,-1.353057407107895,8.693507296634051,0.6342444444444444,0.25,1.0,0.70675,0.16666666666666666,1.0,0.6334313303820364,0.375,0.8,0.5915222222222222,0.4444444444444444,0.7685185185185186,yz,OO,0.5062857045012399,False,False
OO_yz,ST,Compact,st_Compact,not_equal,False,5000,False,Healthy,9,12,0.6024145926467954,0.07308702445406393,0.9795045549156947,0.2107210759764157,-1.1134600250581737,1.90151435089193,0.19530899226534085,0.021819490852934918,0.7241866047945235,0.6405388888888889,0.1111111111111111,1.0,0.6838055555555557,0.16666666666666666,1.0,0.6308998238189172,0.2,0.8461538461538461,0.5811944444444445,0.3981481481481481,0.7685185185185186,yz,OO,0.6117304414176443,False,False
OO_yz,ST,Angle,st_Angle,not_equal,False,5000,False,Healthy,9,12,0.44232882729600553,0.28829518751258604,0.6240858439636923,0.8063859454384652,0.504726464885399,1.1139496308481935,12.646446897445026,-10.113544316663546,98.72741638193013,0.91145,0.4166666666666667,1.0,0.38808888888888887,0.2222222222222222,0.8888888888888888,0.7601914066939708,0.5263157894736842,0.8,0.5715722222222223,0.5185185185185185,0.6296296296296297,yz,OO,0.6194870342450687,False,False
C1_xy,T,Area_Net,t_Area_Net,not_equal,False,5000,True,Healthy,7,12,0.0018285421604108286,0.00025765861394131485,0.007142876951238438,4.3037264093119285,3.280326294326619,5.247296194887877,6.997114732221809,3.9185455663642403,8.859163227532708,0.8770333333333332,0.75,0.9166666666666666,0.9982285714285714,1.0,1.0,0.9331880952380952,0.8571428571428571,0.9565217391304348,0.9175976190476189,0.8095238095238095,0.9642857142857142,xy,C1,0.014252115161430342,True,True
C1_xy,T,Area_Hull,t_Area_Hull,not_equal,False,5000,True,Healthy,7,12,0.0014630922067024883,0.00015174057471180363,0.006160488776409536,4.327397220884094,3.3055103670282455,5.335103934515254,14.710911213250354,9.27014939192756,33.51243387536543,0.83435,0.6666666666666666,0.9166666666666666,0.9556857142857144,0.8571428571428571,1.0,0.8951393003655382,0.8,0.9565217391304348,0.8961404761904763,0.8095238095238095,0.9404761904761905,xy,C1,0.006170424434011653,True,True
C1_xy,T,Solidity,t_Solidity,not_equal,False,5000,False,Healthy,7,12,0.13471854997645655,0.02673408138409499,0.37383560961421236,1.7544713418518223,0.9284827677267035,2.622338054752988,0.5073954681065911,0.23208197790191018,0.9032018247373974,0.87075,0.4166666666666667,1.0,0.6203714285714285,0.42857142857142855,1.0,0.8249016423043617,0.5882352941176471,0.8888888888888888,0.7241714285714286,0.6190476190476191,0.8214285714285714,xy,C1,0.6738426356302217,False,False
C1_xy,T,Distance,t_Distance,not_equal,False,5000,True,Healthy,7,12,0.02732197957881082,0.004900150998212871,0.09969613356808746,2.6188597914601894,1.7615096699448942,3.3501515781706903,9.101032796934277,6.094456622294843,13.745056521777697,0.6768166666666666,0.4166666666666667,0.8333333333333334,0.9290857142857142,0.7142857142857143,1.0,0.7831738459252418,0.5882352941176471,0.88,0.7890999999999999,0.6785714285714286,0.8809523809523809,xy,C1,0.04887901002844211,True,False
C1_xy,T,Compact,t_Compact,not_equal,False,5000,False,Healthy,7,12,0.07747279252609453,0.02763017076419253,0.16644364085893754,1.9336137936819635,1.4513013402060497,2.4155670359813435,0.11756192725544898,0.059804255050837744,0.15694130831395764,0.91165,0.831250000000009,1.0,0.6955428571428572,0.5714285714285714,0.7142857142857143,0.8718721456542191,0.782608695652174,0.9230769230769231,0.7606261904761905,0.6785714285714286,0.8214285714285714,xy,C1,0.218224520565189,False,False
C1_xy,T,Angle,t_Angle,not_equal,False,5000,False,ACM,7,12,0.06474714399826888,0.019443235657059625,0.1465118291375874,-2.1769781640464,-2.7949434549236045,-1.5569524217004573,-50.82131617040909,-53.45396297711384,-49.485266087124735,0.9972,1.0,1.0,0.70375,0.5833333333333334,0.8333333333333334,0.7978990913747415,0.7368421052631579,0.875,0.8165095238095237,0.738095238095238,0.9047619047619048,xy,C1,0.3394425499461343,False,False
C1_xy,QRS,Area_Net,qrs_Area_Net,not_equal,False,5000,True,Healthy,7,12,0.029484190046330308,0.013299897153667866,0.058694134228345136,2.527089367290648,2.1026535903909913,2.9261055568460494,67.82777903450732,11.922655981902981,85.44884024067669,0.5883666666666666,0.5,0.75,0.9924857142857143,0.8571428571428571,1.0,0.73766597742671,0.6666666666666666,0.8181818181818182,0.7813261904761905,0.7142857142857143,0.8452380952380952,xy,C1,0.0888665312406899,False,False
C1_xy,QRS,Area_Hull,qrs_Area_Hull,not_equal,False,5000,True,Healthy,7,12,0.03641100453293143,0.015535640550994956,0.07531158662342452,2.400927014823728,1.9487295730043346,2.8238009353867546,86.9269004870109,34.50508870233938,151.0547601670071,0.5598833333333334,0.5,0.75,0.9805714285714284,0.8571428571428571,1.0,0.7104216185148563,0.6666666666666666,0.8148148148148148,0.7522261904761904,0.6904761904761906,0.8214285714285714,xy,C1,0.0716099810079845,False,False
C1_xy,QRS,Solidity,qrs_Solidity,not_equal,False,5000,False,Healthy,7,12,0.1957290742484669,0.04006802455746414,0.4971123981925387,1.5031529405427089,0.704964061638963,2.3666323481861142,0.7425843115638359,0.3618460469539316,0.9491865743350785,0.7808738095238096,0.5,1.0,0.6861714285714284,0.42857142857142855,1.0,0.7908820452445733,0.631578947368421,0.8695652173913043,0.6949595238095239,0.5476190476190477,0.8214285714285714,xy,C1,0.6876070114350372,False,False
C1_xy,QRS,Distance,qrs_Distance,not_equal,False,5000,True,Healthy,7,12,0.010938667931534696,0.0023936153435157987,0.03125617862978989,2.990690159756381,2.350582425436588,3.6605988322129175,17.184690706283927,10.42883720063619,32.80235069294106,0.8102333333333332,0.5,1.0,0.7969714285714286,0.5714285714285714,1.0,0.8304173950923368,0.6666666666666666,0.9230769230769231,0.8406880952380951,0.7619047619047619,0.9166666666666666,xy,C1,0.02187733586306939,True,True
C1_xy,QRS,Compact,qrs_Compact,not_equal,False,5000,False,Healthy,7,12,0.573372486607958,0.3085199308315157,0.886410551407608,0.5895998265596154,0.14324656958326262,1.049944043828851,0.11761067005008938,0.032093891275930535,0.22765929557811004,0.7088571428571429,0.4166666666666667,1.0,0.5793309523809523,0.14285714285714285,0.8571428571428571,0.7093399662149399,0.5,0.8571428571428571,0.5647214285714285,0.47619047619047616,0.6666666666666667,xy,C1,0.7901692859342673,False,False
C1_xy,QRS,Angle,qrs_Angle,not_equal,False,5000,False,ACM,7,12,0.3484870532480787,0.03315611065077524,0.9467119924818433,-1.1161032155145574,-2.474874165154241,0.3991758722363282,-49.357949504218304,-85.01425185949957,-23.546959711601133,0.8586357142857143,0.5678571428571583,1.0,0.6459785714285715,0.14285714285714285,0.9166666666666666,0.710232983322441,0.5454545454545454,0.8235294117647058,0.7146261904761905,0.36904761904761907,0.8690476190476191,xy,C1,0.663453380186112,False,False
C1_xy,ST,Area_Net,st_Area_Net,not_equal,False,5000,False,Healthy,7,12,0.36688061373660086,0.02578120787041061,0.9574426366322845,1.0631246730032489,-0.47420635460528276,2.530932130524666,9.770727050847606,-0.39315687440419245,37.201950977842436,0.6115119047619048,0.25,1.0,0.7898571428571428,0.25,1.0,0.6743549420689241,0.4,0.8333333333333334,0.6186547619047619,0.44047619047619047,0.7976190476190476,xy,C1,0.4726991435812629,False,False
C1_xy,ST,Area_Hull,st_Area_Hull,not_equal,False,5000,False,Healthy,7,12,0.3270211082960439,0.03282517808417402,0.9330245677578678,1.1619357990185746,-0.1944642623999355,2.344056811635323,13.900719329760422,0.5287873712616296,46.48957206483127,0.6553833333333334,0.3333333333333333,1.0,0.775597619047619,0.3333333333333333,1.0,0.7156296826164927,0.5,0.8695652173913043,0.6455880952380952,0.4642857142857143,0.7976190476190476,xy,C1,0.46312040153139983,False,False
C1_xy,ST,Solidity,st_Solidity,not_equal,False,5000,False,Healthy,7,12,0.5452458411056846,0.06129602464374322,0.9733394221247663,0.34123340000418567,-1.3023415158168727,2.0053644230738756,0.5735124310641959,0.19459401728210088,0.9565217747951126,0.666897619047619,0.25,1.0,0.6720595238095237,0.25,1.0,0.6449460565976899,0.4,0.8571428571428571,0.591692857142857,0.47619047619047616,0.7619047619047619,xy,C1,0.62371363316425,False,False
C1_xy,ST,Distance,st_Distance,not_equal,False,5000,False,Healthy,7,12,0.3531150322042037,0.0099273733026723,0.9564423255681113,1.1491367757210407,-0.5111068501082418,2.943510288662296,3.411566344447329,-0.15688459649084768,8.210333812021783,0.5976428571428573,0.25,1.0,0.8135214285714284,0.25,1.0,0.6657351364676316,0.4,0.8571428571428571,0.6393333333333333,0.4642857142857143,0.8333333333333334,xy,C1,0.41985454964457736,False,False
C1_xy,ST,Compact,st_Compact,not_equal,False,5000,False,Healthy,7,12,0.5482275079411989,0.06138289297350625,0.9822418190938763,0.458942292861125,-1.0328427344079956,2.0200977107184124,0.19062134151891286,0.03127598979463062,0.4680805321412645,0.6305,0.16666666666666666,1.0,0.6986190476190476,0.2857142857142857,1.0,0.6295472128612327,0.2857142857142857,0.8571428571428571,0.5822999999999999,0.44047619047619047,0.7619047619047619,xy,C1,0.614084941379688,False,False
C1_xy,ST,Angle,st_Angle,not_equal,False,5000,False,ACM,7,12,0.745603704407196,0.38982056603476356,0.9866488801235808,-0.08381150518527829,-0.8137749421453238,0.7953908345258824,101.66131839330947,-23.835797174190784,137.43504816512527,0.8222595238095237,0.42857142857142855,1.0,0.5783761904761905,0.14285714285714285,1.0,0.7292028715891931,0.5997058823529424,0.8275862068965517,0.5898809523809524,0.29761904761904767,0.8095238095238095,xy,C1,0.745603704407196,False,False
OY_xy,T,Area_Net,t_Area_Net,not_equal,False,5000,True,Healthy,9,12,0.021253197383825313,0.007727137770053236,0.04558947942193647,2.722601535126711,2.243169729275126,3.223080327774012,14.730393689563103,7.084475924100764,23.28966400301054,0.7238833333333334,0.5,0.9166666666666666,0.9218666666666668,0.7777777777777778,1.0,0.8075073627377294,0.6666666666666666,0.9166666666666666,0.841314814814815,0.7314814814814815,0.9166666666666667,xy,OY,0.04797711149179909,True,True
OY_xy,T,Area_Hull,t_Area_Hull,not_equal,False,5000,True,Healthy,9,12,0.006524038195440363,0.0017347883315556722,0.01689970282145173,3.373456065925892,2.7542576465144633,4.02507829392204,19.219971961554965,9.56237723442638,32.567142616707464,0.8249166666666667,0.6666666666666666,0.9166666666666666,0.9235555555555555,0.7777777777777778,1.0,0.8755797145036504,0.8,0.9166666666666666,0.8883611111111109,0.8055555555555556,0.9351851851851851,xy,OY,0.017397435187840968,True,True
OY_xy,T,Solidity,t_Solidity,not_equal,False,5000,False,Healthy,9,12,0.6738426356302217,0.22350840637386674,0.9859015246698964,0.3093243287087538,-0.623100249858208,1.2752418937652163,0.6486446774672582,0.3183781589774159,0.9888501966758727,0.7195388888888888,0.2222222222222222,1.0,0.5605722222222221,0.16666666666666666,1.0,0.6652686272931636,0.36363636363636365,0.8148148148148148,0.5521296296296296,0.4722222222222222,0.6574074074074074,xy,OY,0.6738426356302217,False,False
OY_xy,T,Distance,t_Distance,not_equal,False,5000,False,Healthy,9,12,0.05835688333433825,0.00477400798621632,0.20511428087703823,2.21787962294187,1.3189704073686908,3.2615111221612567,10.075011261095279,6.54146452139449,13.88812107146484,0.6828,0.49791666666667567,0.8333333333333334,0.8504222222222223,0.6666666666666666,1.0,0.7568843788383436,0.6304953560371563,0.8571428571428571,0.7385314814814816,0.6481481481481481,0.8333333333333334,xy,OY,0.06669358095352942,False,False
OY_xy,T,Compact,t_Compact,not_equal,False,5000,True,Healthy,9,12,0.04621744257495548,0.0031545830195567615,0.1717882810323213,2.36220955149769,1.4252004858442628,3.418116296881314,0.21550940276049213,0.12613150107978768,0.3491433461702509,0.7350166666666667,0.5,0.9166666666666666,0.8366444444444445,0.6666666666666666,1.0,0.7870093122057545,0.631578947368421,0.88,0.7682666666666667,0.6481481481481481,0.8703703703703705,xy,OY,0.218224520565189,False,False
OY_xy,T,Angle,t_Angle,not_equal,False,5000,False,Healthy,9,12,0.8819652547888552,0.6746999075304874,0.9952414658986459,0.08035841735358898,-0.2525823594874605,0.4303909324039885,-38.56086588367231,-97.16390670128158,74.7194606678803,0.6518111111111111,0.2222222222222222,0.9166666666666666,0.8384277777777778,0.6666666666666666,1.0,0.6855176864295125,0.36363636363636365,0.88,0.5837166666666668,0.3148148148148148,0.7314814814814815,xy,OY,0.8819652547888552,False,False
OY_xy,QRS,Area_Net,qrs_Area_Net,not_equal,False,5000,True,Healthy,9,12,0.03881793270677022,0.02219517765412569,0.06883360488942802,2.334724854361824,1.985083674054907,2.6357316358796314,48.897112285422246,22.47683361431123,137.9779390960468,0.7598666666666666,0.5,0.9166666666666666,0.7887333333333334,0.6666666666666666,1.0,0.7887502155669072,0.6666666666666666,0.8461538461538461,0.7762740740740741,0.7222222222222222,0.8240740740740741,xy,OY,0.0888665312406899,False,False
OY_xy,QRS,Area_Hull,qrs_Area_Hull,not_equal,False,5000,True,Healthy,9,12,0.03967804808441392,0.020775462222479214,0.07647197650725271,2.321982330345714,1.9164088893014997,2.668939142991156,71.7630804356482,29.243775742187818,144.2272903390423,0.74125,0.5833333333333334,0.9166666666666666,0.7995333333333333,0.5555555555555556,1.0,0.7798152464564695,0.7,0.8461538461538461,0.7758703703703704,0.7222222222222223,0.8240740740740742,xy,OY,0.0716099810079845,False,False
OY_xy,QRS,Solidity,qrs_Solidity,not_equal,False,5000,False,Healthy,9,12,0.6131519497334652,0.1561055454221788,0.9827887528478295,0.3146312707247711,-0.9869155575674514,1.4653120423399222,0.8730472509392543,0.46166252924482876,1.006379312108344,0.6528055555555555,0.2222222222222222,1.0,0.6210111111111112,0.1111111111111111,1.0,0.6312517743371334,0.36363636363636365,0.8,0.5594333333333333,0.40740740740740744,0.712962962962963,xy,OY,0.6876070114350372,False,False
OY_xy,QRS,Distance,qrs_Distance,not_equal,False,5000,True,Healthy,9,12,0.009286730944309821,0.001524036119800041,0.02837680909005587,3.0417413037328394,2.3753700144679626,3.7703156646446887,21.27663792217504,15.868097044194489,35.4077201755335,0.7974333333333333,0.5,0.9166666666666666,0.8117111111111112,0.6666666666666666,1.0,0.8194287670596554,0.6666666666666666,0.88,0.8235703703703703,0.7685185185185185,0.8796296296296297,xy,OY,0.02187733586306939,True,True
OY_xy,QRS,Compact,qrs_Compact,not_equal,False,5000,False,ACM,9,12,0.7314381820645734,0.41707636229670336,0.9857325174187597,-0.3298018900537848,-0.834943136383169,0.19975323217375138,0.3869124387360092,0.06047243714834532,0.778152764188669,0.5542833333333334,0.2222222222222222,1.0,0.6632555555555556,0.2222222222222222,1.0,0.526411520163572,0.3333333333333333,0.7142857142857143,0.5392925925925927,0.4814814814814815,0.6018518518518519,xy,OY,0.7901692859342673,False,False
OY_xy,QRS,Angle,qrs_Angle,not_equal,False,5000,False,ACM,9,12,0.5301779267780165,0.26263576963504426,0.902576718968277,-0.6701698610579158,-1.1855901910428273,-0.10611924165513084,-6.6474332163525975,-66.88034481609274,85.91828363594851,0.3580611111111111,0.2222222222222222,0.4444444444444444,0.9144833333333332,0.8333333333333334,1.0,0.48139468832073024,0.3333333333333333,0.5714285714285714,0.4751888888888889,0.3796296296296296,0.5555555555555556,xy,OY,0.663453380186112,False,False
OY_xy,ST,Area_Net,st_Area_Net,not_equal,False,5000,False,Healthy,9,12,0.3251785572236302,0.024101161549140628,0.9374969848707426,1.1740821790325513,-0.48878859383629963,2.5397332708807396,13.270918272091931,-1.026227748218428,59.91660659042522,0.6161611111111112,0.25,1.0,0.7821277777777778,0.25,1.0,0.6707901767172516,0.4,0.8333333333333334,0.6309388888888888,0.4351851851851851,0.8055555555555555,xy,OY,0.4726991435812629,False,False
OY_xy,ST,Area_Hull,st_Area_Hull,not_equal,False,5000,False,Healthy,9,12,0.34734030114854986,0.043673635873401735,0.9286776012787553,1.0851484789245767,-0.26140213473559715,2.197210516795262,16.963267911592993,-0.03617896028362143,72.83211429505693,0.6520944444444444,0.3333333333333333,1.0,0.7655055555555554,0.25,1.0,0.6990841897748751,0.5,0.8333333333333334,0.6331092592592593,0.45370370370370366,0.7870370370370371,xy,OY,0.46312040153139983,False,False
OY_xy,ST,Solidity,st_Solidity,not_equal,False,5000,False,Healthy,9,12,0.35609008084865473,0.007401829915798779,0.9565511558765071,1.1313760037010376,-0.5726770035849684,3.013263150083658,0.5259084627314351,0.19347045671679147,0.8810880366798229,0.6391833333333333,0.25,1.0,0.7481166666666667,0.3333333333333333,1.0,0.6740541986395918,0.4,0.8571428571428571,0.6410092592592593,0.4907407407407407,0.8333333333333334,xy,OY,0.62371363316425,False,False
OY_xy,ST,Distance,st_Distance,not_equal,False,5000,False,Healthy,9,12,0.3673727309390052,0.01749171847516309,0.9517993976821169,1.0383543984223065,-0.7123193635026606,2.6588163866977093,3.5641821779644016,-0.40933545664895,9.94094942316983,0.5577888888888889,0.2222222222222222,1.0,0.8008833333333334,0.25,1.0,0.6197087468439333,0.36363636363636365,0.8275862068965517,0.6118814814814815,0.4444444444444444,0.7962962962962964,xy,OY,0.41985454964457736,False,False
OY_xy,ST,Compact,st_Compact,not_equal,False,5000,False,Healthy,9,12,0.23434762151572214,0.005712311450993417,0.8800572987152617,1.5335780483820207,-0.013985035277623601,3.1592839504307832,0.19201608716085533,0.044974089567471794,0.3564171623668294,0.6109611111111112,0.25,1.0,0.8123,0.3333333333333333,1.0,0.6802646320282955,0.4,0.8461538461538461,0.6677574074074074,0.4907407407407408,0.8333333333333334,xy,OY,0.614084941379688,False,False
OY_xy,ST,Angle,st_Angle,not_equal,False,5000,False,Healthy,9,12,0.35471034504874943,0.07233594991325504,0.89938725126439,1.0496253960502706,0.11790248937759375,1.9262997076925468,86.66908985359322,74.01769819773297,101.75929492584717,0.5349333333333334,0.3333333333333333,0.75,0.9379222222222222,0.7777777777777778,1.0,0.668991940414478,0.5,0.8,0.6867981481481482,0.5740740740740741,0.7962962962962963,xy,OY,0.659390553156692,False,False
F2_xy,T,Area_Net,t_Area_Net,not_equal,False,5000,True,Healthy,9,11,0.03598283361884932,0.0208972402849523,0.05848256991252566,2.4409473075244525,2.1350634595817866,2.7369254826254537,8.139210222473867,3.6102774702151312,17.53760109174721,0.9094363636363636,0.7272727272727273,1.0,0.9319333333333334,0.8888888888888888,1.0,0.9235467398469825,0.8421052631578947,0.9565217391304348,0.9540868686868685,0.8686868686868687,0.9898989898989898,xy,F2,0.04797711149179909,True,False
F2_xy,T,Area_Hull,t_Area_Hull,not_equal,False,5000,True,Healthy,9,11,0.019439609630516108,0.009653758884513223,0.03637680552512496,2.811944559153856,2.4139751959567004,3.187577488920374,23.515646571846602,9.220629148140631,28.11983465818548,0.9024363636363636,0.8181818181818182,1.0,0.9994444444444446,1.0,1.0,0.948186117467582,0.9,0.9565217391304348,0.9728666666666667,0.8888888888888888,0.9898989898989898,xy,F2,0.031103375408825774,True,True
F2_xy,T,Solidity,t_Solidity,not_equal,False,5000,False,Healthy,9,11,0.6186989672442732,0.19662067551103884,0.9828294690317602,0.4856075775577288,-0.37343883813593176,1.3509996966813855,0.6351731722567429,0.19128054835196115,0.9970967036070364,0.6692848484848485,0.18181818181818182,1.0,0.6139939393939394,0.2222222222222222,1.0,0.6491139253520952,0.3076923076923077,0.7857142857142857,0.574921212121212,0.4848484848484848,0.6868686868686869,xy,F2,0.6738426356302217,False,False
F2_xy,T,Distance,t_Distance,not_equal,False,5000,True,Healthy,9,11,0.0015481308331672231,0.00026797654618157085,0.0047987694175593495,4.3650762438645145,3.5482792932990503,5.25338622638747,7.019810489169293,5.710363643343084,9.143584088018372,0.9351818181818182,0.8181818181818182,1.0,0.99,0.8888888888888888,1.0,0.9614132043217398,0.9,1.0,0.9805838383838381,0.9090909090909091,1.0,xy,F2,0.012385046665337785,True,True
F2_xy,T,Compact,t_Compact,not_equal,False,5000,False,Healthy,9,11,0.17379710184692762,0.023675292508156105,0.48952010285227693,1.5447475930833912,0.7059644343104396,2.4761868684280306,0.22939718906525228,0.13128710399627433,0.36834832957572794,0.7624545454545456,0.5454545454545454,0.9090909090909091,0.7369333333333334,0.5555555555555556,0.8888888888888888,0.76800024960596,0.6666666666666666,0.8695652173913043,0.7021959595959595,0.595959595959596,0.797979797979798,xy,F2,0.27807536295508417,False,False
F2_xy,T,Angle,t_Angle,not_equal,False,5000,False,Healthy,9,11,0.7625282299848983,0.541844098227301,0.9641094682318523,0.3106456851632733,0.025359747251321077,0.6255980693997415,-78.79849330105647,-108.0924999598641,-39.03495881019337,0.7165878787878788,0.45454545454545453,0.9090909090909091,0.629420202020202,0.4444444444444444,0.8888888888888888,0.6964195285099878,0.5882352941176471,0.8,0.6228080808080807,0.5858585858585859,0.6666666666666666,xy,F2,0.8714608342684552,False,False
F2_xy,QRS,Area_Net,qrs_Area_Net,not_equal,False,5000,True,Healthy,9,11,0.04443326562034495,0.02361202789047579,0.07101748794635121,2.318068335308345,2.018753797151485,2.663888355794591,37.84091237550551,20.295993915864962,56.238700913353064,0.852109090909091,0.7272727272727273,0.9090909090909091,0.9133777777777777,0.7777777777777778,1.0,0.8855102896355824,0.8181818181818182,0.9523809523809523,0.8766161616161615,0.797979797979798,0.9191919191919192,xy,F2,0.0888665312406899,False,False
F2_xy,QRS,Area_Hull,qrs_Area_Hull,not_equal,False,5000,True,Healthy,9,11,0.025153503130961798,0.011587874533901504,0.044873567476472,2.6593097249742934,2.289848537719868,3.0741217954287996,48.862904527921046,15.285733240878463,125.56493581644969,0.8844181818181818,0.7272727272727273,1.0,0.8910666666666666,0.7777777777777778,1.0,0.8939570517070013,0.8421052631578947,0.9565217391304348,0.9322323232323233,0.8686868686868687,0.9696969696969697,xy,F2,0.0716099810079845,False,False
F2_xy,QRS,Solidity,qrs_Solidity,not_equal,False,5000,False,ACM,9,11,0.6876070114350372,0.2912474920698274,0.9882620038551228,-0.3267628121861435,-1.0905479074387605,0.5090422180945543,0.6217015105089416,0.2616630292811726,1.007805371198688,0.8072525252525252,0.2222222222222222,1.0,0.4633030303030303,0.18181818181818182,1.0,0.6455934158411698,0.36363636363636365,0.72,0.5133373737373736,0.3939393939393939,0.6464646464646464,xy,F2,0.6876070114350372,False,False
F2_xy,QRS,Distance,qrs_Distance,not_equal,False,5000,True,Healthy,9,11,0.0016292638215307693,0.0006475641475704998,0.003780623167306018,4.256236299830958,3.6966077593395443,4.775566493943399,20.378677729431192,11.227142512248893,25.013772167940974,0.8409818181818184,0.8181818181818182,1.0,0.9912444444444445,0.8888888888888888,1.0,0.909376787885392,0.9,0.9565217391304348,0.952749494949495,0.9191919191919191,0.9797979797979798,xy,F2,0.013034110572246155,True,True
F2_xy,QRS,Compact,qrs_Compact,not_equal,False,5000,False,ACM,9,11,0.7626940795696915,0.4436357636027601,0.9907149729107545,-0.2419258959071352,-0.7856249666195878,0.3688222044605322,0.34574335004309714,0.034987723150211904,0.6598611667552933,0.5105656565656566,0.18181818181818182,1.0,0.7107757575757576,0.18181818181818182,1.0,0.5177906569344536,0.3076923076923077,0.72,0.5318181818181819,0.4747474747474747,0.595959595959596,xy,F2,0.7901692859342673,False,False
F2_xy,QRS,Angle,qrs_Angle,not_equal,False,5000,False,ACM,9,11,0.5791970266490711,0.1713595646477473,0.9760491135843056,-0.2699191610025586,-1.3767196677813303,1.2282479375551543,-37.666382832621174,-100.91152936495264,74.04549199222045,0.5672969696969697,0.2222222222222222,1.0,0.7317272727272728,0.3333333333333333,1.0,0.5780230367677643,0.36363636363636365,0.8148148148148148,0.5466383838383838,0.4343434343434343,0.6666666666666667,xy,F2,0.663453380186112,False,False
F2_xy,ST,Area_Net,st_Area_Net,not_equal,False,5000,False,Healthy,9,11,0.26017857623971513,0.016443824658096608,0.9208794223033623,1.4503340999238648,-0.338347474797274,2.8328968111146624,6.7076032042675084,-0.46872155700584683,40.825409007292315,0.721878787878788,0.36363636363636365,1.0,0.7932222222222223,0.2727272727272727,1.0,0.7504465143247642,0.5333333333333333,0.9090909090909091,0.6899676767676768,0.42424242424242425,0.8888888888888888,xy,F2,0.4726991435812629,False,False
F2_xy,ST,Area_Hull,st_Area_Hull,not_equal,False,5000,False,Healthy,9,11,0.19615559951086853,0.010651964184386083,0.8545670567671563,1.6740154655582995,-0.07294373610973384,3.019127399850542,12.001846795223663,0.6106677528334167,49.46210446470075,0.7368646464646466,0.45454545454545453,1.0,0.8122666666666667,0.45454545454545453,1.0,0.7716536091098692,0.5882352941176471,0.9090909090909091,0.7283131313131312,0.47474747474747475,0.898989898989899,xy,F2,0.46312040153139983,False,False
F2_xy,ST,Solidity,st_Solidity,not_equal,False,5000,False,ACM,9,11,0.5909818693846685,0.10543551899696392,0.9835649390430605,-0.23884745792931444,-1.6613944369122722,1.1991898925257272,0.5292063933607364,0.14804263088222885,1.0362852062999277,0.6585191919191918,0.18181818181818182,1.0,0.654959595959596,0.2222222222222222,1.0,0.6263507815208809,0.3076923076923077,0.7857142857142857,0.5779777777777777,0.46464646464646464,0.7272727272727272,xy,F2,0.62371363316425,False,False
F2_xy,ST,Distance,st_Distance,not_equal,False,5000,False,Healthy,9,11,0.1678169276748668,0.0025023507088602465,0.8068362044213692,1.8867989170879824,0.15666139680317673,3.656562277818532,3.840884200318976,0.7341810163047825,7.105278620025225,0.6157515151515152,0.2727272727272727,1.0,0.8972909090909091,0.5555555555555556,1.0,0.7115728219722744,0.42857142857142855,0.8695652173913043,0.7135737373737374,0.5050505050505051,0.888888888888889,xy,F2,0.41985454964457736,False,False
F2_xy,ST,Compact,st_Compact,not_equal,False,5000,False,Healthy,9,11,0.5246095587033146,0.053637781714719786,0.9746201010682554,0.5887140339208403,-0.8113467574704373,2.0799627702866013,0.17917644775877814,0.025933223753622527,0.4466232729321708,0.6327555555555555,0.18181818181818182,1.0,0.683529292929293,0.2222222222222222,1.0,0.6313341704804523,0.3076923076923077,0.8148148148148148,0.5882020202020202,0.45454545454545453,0.7575757575757576,xy,F2,0.614084941379688,False,False
F2_xy,ST,Angle,st_Angle,not_equal,False,5000,False,Healthy,9,11,0.08588027813368455,0.03576911926686521,0.17792283543202844,1.9188325012090819,1.4318004147201662,2.3456229559427246,115.47101670715473,72.58099145122254,135.40886321151223,0.5771272727272726,0.36363636363636365,0.9090909090909091,0.8856222222222223,0.5555555555555556,1.0,0.6787788069442909,0.5333333333333333,0.8,0.7407797979797981,0.6565656565656566,0.797979797979798,xy,F2,0.659390553156692,False,False
EY_xy,T,Area_Net,t_Area_Net,not_equal,False,5000,True,Healthy,8,12,0.02680004848444023,0.014105747339800518,0.0474005872707244,2.5746326661030987,2.227895712467915,2.903898065621106,16.323286953989697,7.802308933300548,28.86593650217484,0.6828833333333334,0.5833333333333334,0.75,0.97065,0.875,1.0,0.8015475005696058,0.7368421052631579,0.8571428571428571,0.7753520833333334,0.7395833333333333,0.8125000000000001,xy,EY,0.04797711149179909,True,True
EY_xy,T,Area_Hull,t_Area_Hull,not_equal,False,5000,True,Healthy,8,12,0.046222399339584545,0.016899100763269944,0.09207526210802335,2.2899459271707303,1.8437197236373024,2.80019442598583,29.746590350223215,18.08498804484182,41.95677655508803,0.7064166666666667,0.6666666666666666,0.75,0.996,0.875,1.0,0.8259023233974262,0.8,0.8571428571428571,0.7872583333333334,0.7291666666666666,0.8229166666666667,xy,EY,0.05282559924523948,False,False
EY_xy,T,Solidity,t_Solidity,not_equal,False,5000,False,Healthy,8,12,0.5562992371223072,0.25049163094214005,0.9527054324718656,0.6224264749536311,-0.03469015729794674,1.2066058464015093,0.5254405211672972,0.2561281304262059,0.8747199206761623,0.732675,0.375,0.9166666666666666,0.5839166666666668,0.375,0.9166666666666666,0.7175813328712882,0.46153846153846156,0.8148148148148148,0.5843916666666666,0.5,0.6666666666666666,xy,EY,0.6738426356302217,False,False
EY_xy,T,Distance,t_Distance,not_equal,False,5000,True,Healthy,8,12,0.038909464393010205,0.014983604677357754,0.07873982673737556,2.3174237048766035,1.9009072672805918,2.7626406503698564,9.685273040755817,6.634294108963818,12.358914380341439,0.6433833333333334,0.4166666666666667,0.8333333333333334,0.893925,0.75,1.0,0.7455984197457818,0.5882352941176471,0.8333333333333334,0.7546229166666666,0.6770833333333334,0.8229166666666667,xy,EY,0.05187928585734694,False,False
EY_xy,T,Compact,t_Compact,not_equal,False,5000,False,Healthy,8,12,0.4970186828841888,0.23474846782009268,0.8578649481937847,0.7251418103157734,0.18204562092241833,1.2436388071751407,0.16522972476074496,0.09001196578283686,0.29526833102059724,0.8269083333333334,0.6666666666666666,0.9166666666666666,0.637525,0.5,0.75,0.796667770097857,0.6956521739130435,0.8461538461538461,0.6447,0.5833333333333334,0.6979166666666666,xy,EY,0.5680213518676444,False,False
EY_xy,T,Angle,t_Angle,not_equal,False,5000,False,ACM,8,12,0.3786669871845919,0.2010469450030035,0.6570164914790196,-0.9520564165815948,-1.3740277165924533,-0.45612995660586425,-81.21852324325819,-92.42446122993593,-65.78371054368607,0.4925416666666667,0.375,0.5,0.8608083333333334,0.75,0.9166666666666666,0.579241311727259,0.46153846153846156,0.6153846153846154,0.5949666666666666,0.5104166666666667,0.6669270833333296,xy,EY,0.8183532399531608,False,False
EY_xy,QRS,Area_Net,qrs_Area_Net,not_equal,False,5000,False,Healthy,8,12,0.1805480686510289,0.13432137028571906,0.23027063656106692,1.433500681676748,1.2685808497429076,1.6146303855716764,242.96253870944258,100.58360126031589,390.21627727997446,0.4545666666666667,0.3333333333333333,0.5833333333333334,0.9667,0.875,1.0,0.612261493593378,0.5,0.7,0.62535625,0.5833333333333334,0.6666666666666667,xy,EY,0.23723856383182212,False,False
EY_xy,QRS,Area_Hull,qrs_Area_Hull,not_equal,False,5000,False,Healthy,8,12,0.13813036325982367,0.10076163374015618,0.18127500196340912,1.603374867642496,1.4259144453037076,1.788943206176812,251.67811743948013,106.24958876143836,427.1102391648704,0.4711,0.4166666666666667,0.5833333333333334,0.95795,0.875,1.0,0.6244222376282128,0.5882352941176471,0.7,0.6427729166666666,0.59375,0.6875,xy,EY,0.1841738176797649,False,False
EY_xy,QRS,Solidity,qrs_Solidity,not_equal,False,5000,False,ACM,8,12,0.628124947376955,0.18126845078387335,0.9819222301328893,-0.4215352539450972,-1.4023152409201727,0.5359750989188304,0.672118996764472,0.31423329651490395,1.0128179819929968,0.8326333333333332,0.25,1.0,0.44205,0.16666666666666666,1.0,0.6205590887843113,0.4,0.7272727272727273,0.4978479166666667,0.36458333333333337,0.6666666666666667,xy,EY,0.6876070114350372,False,False
EY_xy,QRS,Distance,qrs_Distance,not_equal,False,5000,False,Healthy,8,12,0.20325947033001504,0.11641583421207467,0.33614376285701403,1.3513492932895976,0.9932851750684082,1.676200552608225,32.96364341940972,15.999425137484558,56.00149372333896,0.4665833333333334,0.25,0.6666666666666666,0.90335,0.75,1.0,0.6007941394698091,0.4,0.7272727272727273,0.58875625,0.53125,0.6458333333333333,xy,EY,0.2322965375200172,False,False
EY_xy,QRS,Compact,qrs_Compact,not_equal,False,5000,False,Healthy,8,12,0.4809753464283818,0.16528585432603066,0.9102605968579408,0.7587066934423522,0.0966748595259509,1.4468907202282733,0.42126216646417797,0.16309060789173074,0.7447527036148885,0.5141,0.25,0.8333333333333334,0.7942666666666666,0.4166666666666667,1.0,0.6033577426097866,0.4,0.7272727272727273,0.5800229166666666,0.5,0.6666666666666666,xy,EY,0.7901692859342673,False,False
EY_xy,QRS,Angle,qrs_Angle,not_equal,False,5000,False,Healthy,8,12,0.663453380186112,0.2258550261310756,0.9852433932666114,0.06366698164549565,-0.9841069251532085,1.2432130669238266,-41.54744034887807,-142.1592175687481,108.28327883445499,0.558825,0.16666666666666666,1.0,0.7375833333333333,0.3333333333333333,1.0,0.5455578567199618,0.2857142857142857,0.7058823529411765,0.5399208333333334,0.38541666666666663,0.7083333333333333,xy,EY,0.663453380186112,False,False
EY_xy,ST,Area_Net,st_Area_Net,not_equal,False,5000,False,Healthy,8,12,0.37693469258769896,0.055994908959453776,0.9464593996859882,0.814621985655934,-0.9982048216963496,2.1067014717327024,21.170396947949385,-3.4489535253061825,102.85465005266778,0.5687083333333334,0.16666666666666666,1.0,0.7625583333333334,0.16666666666666666,1.0,0.598211661035704,0.2857142857142857,0.8148148148148148,0.5724520833333333,0.375,0.7708333333333334,xy,EY,0.4726991435812629,False,False
EY_xy,ST,Area_Hull,st_Area_Hull,not_equal,False,5000,False,Healthy,8,12,0.3317408591919018,0.04045756571191423,0.9471534921664918,1.054410712590243,-0.880725069348045,2.28938116373586,23.255791653028783,-1.9107193077965356,109.86133705272829,0.5845416666666666,0.25,1.0,0.7961083333333334,0.25,1.0,0.6410525384502777,0.4,0.8333333333333334,0.61078125,0.40624999999999994,0.8020833333333334,xy,EY,0.46312040153139983,False,False
EY_xy,ST,Solidity,st_Solidity,not_equal,False,5000,False,ACM,8,12,0.44151539089918196,0.034864656213171204,0.9613612933230306,-0.8480807295750834,-2.290819549663322,0.5806702793703389,0.5152037706483095,0.21473112027307936,1.0126189598959607,0.77945,0.25,1.0,0.6255166666666666,0.3333333333333333,1.0,0.6574867746524596,0.4,0.8,0.6232791666666667,0.46875000000000006,0.7708333333333334,xy,EY,0.62371363316425,False,False
EY_xy,ST,Distance,st_Distance,not_equal,False,5000,False,Healthy,8,12,0.29543276551184433,0.008697669582105652,0.9219264791070846,1.320857270503479,-0.14007103249292188,2.9894468095376934,2.5119426186461724,0.34816735322454556,6.643752239049271,0.6699083333333333,0.3333333333333333,1.0,0.787275,0.4166666666666667,1.0,0.7255077911937822,0.46153846153846156,0.88,0.6768,0.4791666666666667,0.8541666666666666,xy,EY,0.41985454964457736,False,False
EY_xy,ST,Compact,st_Compact,not_equal,False,5000,False,ACM,8,12,0.40530426343387344,0.03566762267666758,0.9518915934992532,-0.952706585355863,-2.3201487429494447,0.37304489395712687,0.1775886702408127,0.04229458341813993,0.42016797002679235,0.7516083333333334,0.25,1.0,0.649325,0.3333333333333333,1.0,0.6520882278854773,0.4,0.8,0.6457,0.47916666666666663,0.8020833333333333,xy,EY,0.614084941379688,False,False
EY_xy,ST,Angle,st_Angle,not_equal,False,5000,False,ACM,8,12,0.6394462681255478,0.24190401948610102,0.9826959544459236,-0.33694689290081403,-1.2100196240823302,0.7255844084225399,78.22634131499174,5.2764217166970635,130.63004856764385,0.5114083333333334,0.25,1.0,0.770125,0.25,1.0,0.5601720505284061,0.36363636363636365,0.8,0.5568833333333333,0.46875,0.65625,xy,EY,0.7307957350006261,False,False
YP_yz,T,Area_Net,t_Area_Net,not_equal,False,5000,True,Healthy,8,12,0.021517962750525674,0.004459668789079204,0.04741687829582687,2.747398994001101,2.223969721360525,3.5035240067345677,35.1122707730622,8.976973719667905,49.006264083803444,0.8009333333333332,0.75,1.0,0.97065,0.75,1.0,0.879097013942579,0.8571428571428571,0.9230769230769231,0.9287479166666668,0.8958333333333333,0.9583333333333334,yz,YP,0.02934143118097417,True,True
YP_yz,T,Area_Hull,t_Area_Hull,not_equal,False,5000,True,Healthy,8,12,0.014007724697149107,0.0025510072954030424,0.03249297754284841,3.001019190014581,2.4385692343538476,3.824050480869313,37.749886427136694,20.799709747895577,51.48689365229621,0.7949,0.75,0.9166666666666666,0.980275,0.875,1.0,0.878645319231493,0.8571428571428571,0.9166666666666666,0.92500625,0.8958333333333333,0.9583333333333334,yz,YP,0.018676966262865476,True,True
YP_yz,T,Solidity,t_Solidity,not_equal,False,5000,False,Healthy,8,12,0.44000507894020485,0.19185123374953492,0.8355415860547757,0.8369381626708847,0.1977612594477531,1.410896388247466,0.8039311304268827,0.5116468418891662,0.9939210865697962,0.7796833333333334,0.25,1.0,0.5162083333333334,0.25,1.0,0.726468759773152,0.4,0.8275862068965517,0.5678541666666667,0.4583333333333333,0.6770833333333333,yz,YP,0.7562590945038713,False,False
YP_yz,T,Distance,t_Distance,not_equal,False,5000,True,Healthy,8,12,0.005224538279999776,0.001335794969453605,0.013143666482757506,3.379270773056864,2.840191708660315,3.975501077428583,11.62403521551699,8.764030365098355,14.466919423634959,0.7522333333333334,0.5833333333333334,0.9166666666666666,0.9585,0.75,1.0,0.842877073830822,0.7368421052631579,0.9166666666666666,0.859975,0.78125,0.9270833333333333,yz,YP,0.03277213599384294,True,True
YP_yz,T,Compact,t_Compact,not_equal,False,5000,False,Healthy,8,12,0.27106502651013054,0.0943295957698599,0.530604031191682,1.1877628177788224,0.6432375340632561,1.7757537074332377,0.25015061245425685,0.12218808927977874,0.6625781582439718,0.8236333333333334,0.3333333333333333,1.0,0.56175,0.375,1.0,0.7633605296808359,0.5,0.8571428571428571,0.6658083333333333,0.5833333333333334,0.75,yz,YP,0.7228400706936814,False,False
YP_yz,T,Angle,t_Angle,not_equal,False,5000,True,ACM,8,12,0.034093439907737666,0.008861681624477162,0.10338835812350836,-2.418760240345194,-2.9798368911513116,-1.7177162318527768,65.19195041181214,-136.45147307019388,148.03087148975303,0.811725,0.625,1.0,0.8135,0.5833333333333334,1.0,0.7757323392190885,0.7058823529411765,0.8421052631578947,0.8391083333333332,0.7395833333333334,0.90625,yz,YP,0.27274751926190133,False,False
YP_yz,QRS,Area_Net,qrs_Area_Net,not_equal,False,5000,False,Healthy,8,12,0.10378870461107728,0.03543103088253716,0.2577477595540643,1.8309302136191268,1.1869815297461688,2.3687250054583386,81.00602751289165,34.672651268365826,132.25115056008508,0.4375,0.3333333333333333,0.75,0.962325,0.75,1.0,0.5908217177443237,0.5,0.7619047619047619,0.62216875,0.5104166666666666,0.7291666666666666,yz,YP,0.13420383210199646,False,False
YP_yz,QRS,Area_Hull,qrs_Area_Hull,not_equal,False,5000,True,Healthy,8,12,0.0342043079991818,0.012564618751144015,0.07496175387367865,2.4379230104369993,1.9272065843389563,2.9437347425939304,80.81014754400874,50.736448472578054,125.02310361820665,0.6010166666666666,0.4166666666666667,0.75,0.95085,0.75,1.0,0.7329434480936122,0.5882352941176471,0.8181818181818182,0.72269375,0.6354166666666666,0.8125,yz,YP,0.11929892787123246,False,False
YP_yz,QRS,Solidity,qrs_Solidity,not_equal,False,5000,False,ACM,8,12,0.4355947450030433,0.09827463575484531,0.9305377692693155,-0.8612859550175279,-1.7481862829224168,0.019415993399523764,0.7548054425660315,0.19428474469416454,0.9905424695396459,0.703875,0.25,1.0,0.608175,0.25,1.0,0.6040234613868215,0.4,0.7142857142857143,0.5940354166666667,0.46875,0.7291666666666667,yz,YP,0.7168654870155665,False,False
YP_yz,QRS,Distance,qrs_Distance,not_equal,False,5000,True,Healthy,8,12,0.034115240664340005,0.011050442628768455,0.07994191795313192,2.394553356758507,1.860860880360502,2.9344979538447284,28.34852899239876,18.546948306285042,42.508959403459436,0.64555,0.5,0.8333333333333334,0.8695,0.75,1.0,0.7394083927492219,0.6666666666666666,0.8333333333333334,0.7487333333333334,0.6770833333333334,0.8125,yz,YP,0.05458438506294401,False,False
YP_yz,QRS,Compact,qrs_Compact,not_equal,False,5000,False,ACM,8,12,0.4654564856365475,0.1891989307759995,0.8614918846748801,-0.7817620498428031,-1.3793943131626163,-0.16100077433050516,0.1695236551073823,0.04197350464456845,0.22129342568833826,0.6519,0.5,1.0,0.7287916666666666,0.3333333333333333,0.8333333333333334,0.6304003528615684,0.5333333333333333,0.7058823529411765,0.6302583333333334,0.5416666666666667,0.7083333333333333,yz,YP,0.6206086475153967,False,False
YP_yz,QRS,Angle,qrs_Angle,not_equal,False,5000,False,ACM,8,12,0.650569452978331,0.2902049963193791,0.9824033761043842,-0.44109046577286865,-1.0931303343376106,0.28059870003909515,102.81263316759124,-143.80721532837794,172.33697031808467,0.6628583333333334,0.25,1.0,0.6157166666666667,0.16666666666666666,1.0,0.5853314015546979,0.4,0.7368421052631579,0.57385,0.45833333333333337,0.6979166666666667,yz,YP,0.7651942654545838,False,False
YP_yz,ST,Area_Net,st_Area_Net,not_equal,False,5000,False,Healthy,8,12,0.6056658938051526,0.1047282758614495,0.9858513025045395,0.34835716612072776,-0.9005348701256114,1.7260431795131248,10.486402372350991,-2.674479543650598,82.06812290525572,0.6690833333333334,0.125,1.0,0.696775,0.16666666666666666,1.0,0.653507250575038,0.2222222222222222,0.8461538461538461,0.5835375,0.3645833333333333,0.78125,yz,YP,0.6406449853308659,False,False
YP_yz,ST,Area_Hull,st_Area_Hull,not_equal,False,5000,False,Healthy,8,12,0.4739787116259195,0.07834334593634269,0.9649732391350575,0.7430537772794215,-0.5448325075946441,1.8768055311125185,14.92820479583712,-1.023808836700121,30.316264502738633,0.6516583333333333,0.4166666666666667,1.0,0.786425,0.25,0.875,0.6987949846853706,0.5555555555555556,0.8695652173913043,0.6258125,0.41666666666666663,0.7916666666666667,yz,YP,0.5448867496378113,False,False
YP_yz,ST,Solidity,st_Solidity,not_equal,False,5000,False,ACM,8,12,0.5307009196679818,0.053035336180024324,0.9760279546984457,-0.4381981897466014,-2.072933635085862,1.1584096319905386,0.5658209840459902,0.218836960128867,0.9718965279397361,0.6573083333333333,0.25,1.0,0.6736666666666667,0.25,1.0,0.6137431762869634,0.36363636363636365,0.8,0.5911104166666667,0.46875,0.7604166666666666,yz,YP,0.5920863314264029,False,False
YP_yz,ST,Distance,st_Distance,not_equal,False,5000,False,Healthy,8,12,0.3812033281721132,0.008624902560200282,0.9623756526321691,1.0337110729908432,-0.7561246331681172,3.0060027437572763,2.9690773468093763,-0.16447797537044517,6.827888957212135,0.6488916666666666,0.25,1.0,0.7558666666666667,0.25,1.0,0.6846448474769797,0.4,0.8695652173913043,0.6435416666666667,0.47916666666666663,0.84375,yz,YP,0.5062857045012399,False,False
YP_yz,ST,Compact,st_Compact,not_equal,False,5000,False,Healthy,8,12,0.6117304414176443,0.09406519753587154,0.9842141941126883,0.1490939914453591,-1.2112327934740907,1.7531024793006467,0.21449603676202128,0.03679756580634797,0.5742501519138525,0.6153583333333333,0.125,1.0,0.6852666666666667,0.25,1.0,0.6076882792131117,0.2222222222222222,0.8275862068965517,0.5683541666666667,0.4375,0.7291666666666666,yz,YP,0.6117304414176443,False,False
YP_yz,ST,Angle,st_Angle,not_equal,False,5000,False,Healthy,8,12,0.33311937005721254,0.091956741742826,0.8581317579478395,1.0871285430165576,0.1441752701430607,1.807195556390906,-1.8088980879170027,-19.42279033166265,5.81662535936675,0.7026000000000001,0.5833333333333334,0.8333333333333334,0.8362666666666668,0.75,0.875,0.7727310124408151,0.6666666666666666,0.8333333333333334,0.69093125,0.5729166666666666,0.78125,yz,YP,0.6194870342450687,False,False
NL_yz,T,Area_Net,t_Area_Net,not_equal,False,5000,False,Healthy,9,12,0.06339698022386414,0.03379866639201043,0.10643227420305035,2.0122369506564604,1.6994539991237563,2.338699432927884,14.795701236869284,6.0711377722023965,20.73835530973707,0.8568833333333332,0.75,1.0,0.7553777777777777,0.5555555555555556,0.7777777777777778,0.8392700741641609,0.782608695652174,0.88,0.7998277777777778,0.7685185185185185,0.8333333333333334,yz,NL,0.07245369168441616,False,False
NL_yz,T,Area_Hull,t_Area_Hull,not_equal,False,5000,True,Healthy,9,12,0.026787546473109478,0.012389694748639308,0.04860571411438884,2.476253238087136,2.1221207545627645,2.8465563261371583,21.842127152337927,7.757249595262142,49.665882462634656,0.8350166666666666,0.75,1.0,0.7777777777777778,0.6666666666666666,0.8888888888888888,0.8340050368279063,0.8181818181818182,0.88,0.8172,0.7777777777777778,0.8611111111111112,yz,NL,0.03061433882641083,True,True
NL_yz,T,Solidity,t_Solidity,not_equal,False,5000,False,Healthy,9,12,0.7562590945038713,0.4129947753354324,0.9903491590213338,0.23575769544315964,-0.4284121644071228,0.8474955760534575,0.6536832552442625,0.33116814203675177,1.0019466384931184,0.7681277777777777,0.2222222222222222,1.0,0.4745833333333334,0.2222222222222222,1.0,0.679549718082721,0.36363636363636365,0.8,0.5170592592592592,0.43518518518518523,0.611111111111111,yz,NL,0.7562590945038713,False,False
NL_yz,T,Distance,t_Distance,not_equal,False,5000,True,Healthy,9,12,0.014876227499437721,0.0030020158843208143,0.04755948060637233,2.82823652435847,2.124052045319474,3.468744864661851,10.914331501296251,7.268470886758006,15.366368750819246,0.7181333333333334,0.5,0.9166666666666666,0.8435777777777778,0.5555555555555556,1.0,0.7745039660989795,0.6666666666666666,0.88,0.80615,0.7314814814814815,0.8703703703703703,yz,NL,0.03966993999850059,True,True
NL_yz,T,Compact,t_Compact,not_equal,False,5000,False,Healthy,9,12,0.5284764719288079,0.23608439426629807,0.8993829174499768,0.6743093138797686,0.1215820040379902,1.2443581179156498,0.22063956540659146,0.09852373777088749,0.3730984254031495,0.93045,0.6666666666666666,1.0,0.46221111111111113,0.3333333333333333,0.7777777777777778,0.7950830843480599,0.72,0.8571428571428571,0.6032555555555555,0.5185185185185186,0.6944444444444444,yz,NL,0.7353911013010704,False,False
NL_yz,T,Angle,t_Angle,not_equal,False,5000,False,ACM,9,12,0.31546595622304924,0.0083200353591275,0.9305809599553063,-1.3067631958617973,-3.069210361184007,0.18799623280633723,-33.10529895714667,-150.92823045029297,-17.104410516122723,0.7264555555555555,0.5555555555555556,1.0,0.8521333333333332,0.3333333333333333,1.0,0.7598893357973654,0.625,0.8888888888888888,0.7157574074074073,0.4351851851851852,0.8888888888888888,yz,NL,0.6309319124460985,False,False
NL_yz,QRS,Area_Net,qrs_Area_Net,not_equal,False,5000,False,Healthy,9,12,0.08256805716244803,0.032873241863909414,0.1512078561344676,1.902831774592442,1.5088474007865205,2.3753919808892237,85.20680317235612,57.467358933638884,196.194658452785,0.7179,0.5833333333333334,0.75,0.8186444444444445,0.7777777777777778,0.8888888888888888,0.7737218485785763,0.7,0.782608695652174,0.7494537037037037,0.7037037037037038,0.7962962962962963,yz,NL,0.13420383210199646,False,False
NL_yz,QRS,Area_Hull,qrs_Area_Hull,not_equal,False,5000,False,Healthy,9,12,0.0722825348846599,0.029778482034516805,0.13974232192349373,1.968133815338478,1.5559325387265068,2.408280361979956,54.9156717428404,26.664241476879866,91.38991171420702,0.8621,0.75,0.9166666666666666,0.7494888888888889,0.6666666666666666,0.8888888888888888,0.8403232137625913,0.782608695652174,0.88,0.8110740740740741,0.7685185185185185,0.8425925925925927,yz,NL,0.12078468935975403,False,False
NL_yz,QRS,Solidity,qrs_Solidity,not_equal,False,5000,False,Healthy,9,12,0.6647734576710806,0.25473918646183547,0.9854475918255601,0.37602449860697595,-0.47838317398231106,1.177533156019172,0.8614740490393693,0.2907272140008157,0.9997108450586651,0.6063166666666666,0.2222222222222222,1.0,0.7697444444444445,0.16666666666666666,1.0,0.6527465054359591,0.36363636363636365,0.8,0.607,0.3888888888888889,0.7592592592592593,yz,NL,0.7168654870155665,False,False
NL_yz,QRS,Distance,qrs_Distance,not_equal,False,5000,True,Healthy,9,12,0.0011641912736638457,0.00011131505844831672,0.0044125734745294465,4.084297415003639,3.2547961890978376,5.001861017605967,22.052778062096372,11.861023657743916,27.341076376062087,0.8723166666666667,0.75,1.0,0.8815111111111111,0.6666666666666666,1.0,0.8891377605953669,0.8333333333333334,0.9565217391304348,0.9149574074074075,0.8518518518518519,0.9722222222222223,yz,NL,0.009313530189310765,True,True
NL_yz,QRS,Compact,qrs_Compact,not_equal,False,5000,False,ACM,9,12,0.7952865891657472,0.4640782903784399,0.9918785121975515,-0.053934376556955294,-0.6755440187885,0.6313582055919515,0.4023490938533263,0.06970792811977954,0.6925175254834013,0.5117222222222222,0.16666666666666666,0.9166666666666666,0.7306277777777778,0.33055555555556754,1.0,0.5378318899990591,0.2857142857142857,0.7333333333333333,0.5320314814814815,0.46296296296296297,0.611111111111111,yz,NL,0.7952865891657472,False,False
NL_yz,QRS,Angle,qrs_Angle,not_equal,False,5000,False,Healthy,9,12,0.6983205686854739,0.32411583239923075,0.986760523495255,0.32249566405354524,-0.4160002258501253,1.0155948689274936,-68.37263162510769,-144.20611928191468,174.38085061369407,0.7789555555555555,0.2222222222222222,1.0,0.5470555555555555,0.3333333333333333,1.0,0.698874989776665,0.36363636363636365,0.8275862068965517,0.5768833333333333,0.4351851851851851,0.6944444444444444,yz,NL,0.7651942654545838,False,False
NL_yz,ST,Area_Net,st_Area_Net,not_equal,False,5000,False,Healthy,9,12,0.4157446916512708,0.02588745354265177,0.9614203175875312,0.8121873883492482,-1.0009573204557116,2.4960276511442583,11.450702596218271,-2.410685476188652,44.093654156189885,0.6570833333333334,0.2222222222222222,1.0,0.7287611111111111,0.16666666666666666,1.0,0.6715975315368924,0.36363636363636365,0.8333333333333334,0.6163444444444445,0.39814814814814814,0.8148148148148149,yz,NL,0.6406449853308659,False,False
NL_yz,ST,Area_Hull,st_Area_Hull,not_equal,False,5000,False,Healthy,9,12,0.4520081741933245,0.04836594327281899,0.9654184946980637,0.7578058478640334,-0.8203765193934547,2.152332563863622,17.60167198916924,-1.4782589550884013,85.60109373008292,0.6973166666666666,0.2222222222222222,1.0,0.7030055555555556,0.16666666666666666,1.0,0.7000253824807705,0.36363636363636365,0.8461538461538461,0.6234722222222223,0.4074074074074074,0.7962962962962963,yz,NL,0.5448867496378113,False,False
NL_yz,ST,Solidity,st_Solidity,not_equal,False,5000,False,Healthy,9,12,0.5893694860810186,0.08959800994492957,0.9779929119285277,0.15728487199825777,-1.3396163704788524,1.6410363079501262,0.5355394283505801,0.14453753202634662,0.9978326965708284,0.6394111111111112,0.2222222222222222,1.0,0.6664666666666667,0.2222222222222222,1.0,0.6215984901033539,0.36363636363636365,0.8,0.5749740740740741,0.4722222222222222,0.7222222222222221,yz,NL,0.5920863314264029,False,False
NL_yz,ST,Distance,st_Distance,not_equal,False,5000,False,Healthy,9,12,0.5005507206724068,0.022241262325032467,0.9754166659939846,0.49104810661863824,-1.2281634598218423,2.5237795333316138,2.9354035281848554,-1.3210382622281847,7.752480362407367,0.6397888888888889,0.2222222222222222,1.0,0.7068166666666666,0.16666666666666666,1.0,0.6371985836289721,0.36363636363636365,0.8148148148148148,0.5947240740740741,0.42592592592592593,0.787037037037037,yz,NL,0.5062857045012399,False,False
NL_yz,ST,Compact,st_Compact,not_equal,False,5000,False,Healthy,9,12,0.4897316385568547,0.02555006135272606,0.9757538550152662,0.5709619037813911,-1.147353239777522,2.427394364212468,0.20368406388532068,0.043105854100515976,0.4018245613858427,0.6287833333333332,0.2222222222222222,1.0,0.7154722222222223,0.25,1.0,0.6419074026373164,0.36363636363636365,0.8181818181818182,0.60035,0.462962962962963,0.7777777777777778,yz,NL,0.6117304414176443,False,False
NL_yz,ST,Angle,st_Angle,not_equal,False,5000,False,Healthy,9,12,0.5763012737474267,0.22447213303094182,0.9747272780450619,0.4006632478305719,-0.8785473561062058,1.2987551843423248,67.00441410597963,-13.805079669609515,144.56454353664884,0.6252055555555556,0.3333333333333333,1.0,0.6958888888888889,0.3333333333333333,1.0,0.6563914276197309,0.46153846153846156,0.8,0.560212962962963,0.4722222222222222,0.6481481481481481,yz,NL,0.6194870342450687,False,False
OT_yz,T,Area_Net,t_Area_Net,not_equal,False,5000,True,Healthy,7,11,0.02200607338573063,0.009041890853255127,0.04371107624645453,2.7004504435695833,2.27831159186796,3.1425187534134627,74.52792817003174,54.74361162222554,81.63965001823001,0.6288909090909091,0.5454545454545454,0.6363636363636364,0.9948285714285715,0.8571428571428571,1.0,0.7703166838665291,0.7058823529411765,0.7777777777777778,0.7891506493506493,0.7532467532467533,0.8311688311688312,yz,OT,0.02934143118097417,True,True
OT_yz,T,Area_Hull,t_Area_Hull,not_equal,False,5000,True,Healthy,7,11,0.010555011984637102,0.0035265788404066725,0.023816030566024698,3.143725903616925,2.622117557580559,3.697034259058978,73.72727511371266,38.80135773240433,81.65544072710186,0.7269272727272729,0.6363636363636364,0.8181818181818182,0.9916857142857143,0.8571428571428571,1.0,0.83905617363567,0.7777777777777778,0.9,0.8399844155844157,0.8051948051948051,0.8831168831168832,yz,OT,0.017621383345807352,True,True
OT_yz,T,Solidity,t_Solidity,not_equal,False,5000,False,Healthy,7,11,0.4843711089116237,0.25911649732083825,0.7879463765872479,0.7465212217128867,0.27543824624428015,1.202187512449914,0.8043372879498002,0.1876611113813107,0.9936246804832666,0.6655454545454546,0.2727272727272727,1.0,0.6521974025974026,0.2857142857142857,1.0,0.6872986032686945,0.42857142857142855,0.8148148148148148,0.5932233766233767,0.4805194805194805,0.7142857142857143,yz,OT,0.7562590945038713,False,False
OT_yz,T,Distance,t_Distance,not_equal,False,5000,False,Healthy,7,11,0.05339971954551079,0.014175598520704482,0.13552471744505878,2.2235149383508515,1.5973586390031482,2.858443087503581,12.469306978598276,9.545957179917526,14.985862951895445,0.6941636363636364,0.45454545454545453,0.9090909090909091,0.9291714285714284,0.7142857142857143,1.0,0.7918354003657909,0.625,0.9090909090909091,0.7981246753246752,0.6883116883116882,0.8961038961038961,yz,OT,0.08543955127281726,False,False
OT_yz,T,Compact,t_Compact,not_equal,False,5000,False,Healthy,7,11,0.5515433259758028,0.27959442756728003,0.8772571609632688,0.6327979888139558,0.1540175919542942,1.131484605855195,0.2175467874940131,0.045621125601085354,0.7014309799935465,0.8483662337662339,0.36363636363636365,1.0,0.48951948051948047,0.2857142857142857,1.0,0.7671365123520582,0.5333333333333333,0.8461538461538461,0.5923116883116883,0.49350649350649356,0.7012987012987013,yz,OT,0.7353911013010704,False,False
OT_yz,T,Angle,t_Angle,not_equal,False,5000,False,ACM,7,11,0.5232684918123953,0.24574262783007858,0.9010515030410718,-0.6889702874378141,-1.235585816523171,-0.10889043245812341,-25.847567900640122,-98.31270779122137,-10.643433396969803,0.45356623376623373,0.42857142857142855,0.7142857142857143,0.8784337662337661,0.6363636363636364,0.9090909090909091,0.5505237655228664,0.5,0.6666666666666666,0.5183636363636364,0.4285714285714285,0.6493506493506493,yz,OT,0.7121019911271312,False,False
OT_yz,QRS,Area_Net,qrs_Area_Net,not_equal,False,5000,False,Healthy,7,11,0.11742835308924691,0.07278600442986438,0.1746570254916033,1.7256838095403055,1.4601503075109437,2.002537991548372,138.91080971428093,63.72340411029343,270.4222856604553,0.514,0.45454545454545453,0.6363636363636364,0.9840285714285714,0.8571428571428571,1.0,0.6713598496240601,0.6240808823529451,0.7777777777777778,0.6099376623376623,0.5324675324675325,0.6883116883116882,yz,OT,0.13420383210199646,False,False
OT_yz,QRS,Area_Hull,qrs_Area_Hull,not_equal,False,5000,False,Healthy,7,11,0.10568660318978478,0.06886303584433104,0.1559752134528058,1.7866189380984052,1.5306763874409781,2.032788213306516,213.25087502082792,93.39072017338653,338.0355776025779,0.4661636363636363,0.36363636363636365,0.6363636363636364,0.9910571428571427,0.8571428571428571,1.0,0.6313336848787084,0.5333333333333333,0.7368421052631579,0.6048883116883117,0.5194805194805194,0.6883116883116884,yz,OT,0.12078468935975403,False,False
OT_yz,QRS,Solidity,qrs_Solidity,not_equal,False,5000,False,ACM,7,11,0.6812708072780963,0.2144656869282526,0.9855697466814282,-0.09280871461489701,-1.2501258568118632,0.9853988086679688,0.742319698255566,0.39384415823353014,1.0210838404387703,0.7205402597402597,0.2857142857142857,1.0,0.5903584415584415,0.18181818181818182,1.0,0.6350678943226898,0.4,0.8,0.5501506493506493,0.42857142857142855,0.6883116883116883,yz,OT,0.7168654870155665,False,False
OT_yz,QRS,Distance,qrs_Distance,not_equal,False,5000,False,Healthy,7,11,0.3540622308716217,0.16810262426522388,0.6257145528097907,0.9833686425670206,0.4977715786462726,1.4482193796969387,33.34767551159233,14.885317353637799,63.54805946467833,0.5368909090909092,0.2727272727272727,0.9090909090909091,0.7773142857142857,0.42857142857142855,1.0,0.6182837716400349,0.42857142857142855,0.8,0.5974077922077923,0.5194805194805195,0.6623376623376623,yz,OT,0.3540622308716217,False,False
OT_yz,QRS,Compact,qrs_Compact,not_equal,False,5000,False,Healthy,7,11,0.6404676819970185,0.16892838918839617,0.9855081834724498,0.4140740251079323,-0.4773993263819171,1.4490737426898739,0.20816653571043003,0.06814954108521429,0.38052956502315805,0.6207116883116882,0.18181818181818182,1.0,0.662264935064935,0.2727272727272727,1.0,0.6306228443281491,0.3076923076923077,0.8181818181818182,0.5653662337662337,0.4675324675324676,0.688636363636359,yz,OT,0.7319630651394498,False,False
OT_yz,QRS,Angle,qrs_Angle,not_equal,False,5000,False,Healthy,7,11,0.18644358034847042,0.020940093433673795,0.670345534575873,1.5743489414618537,0.4341421093230146,2.574766458494862,-134.40441771295963,-156.0071614277362,-29.242395034120634,0.9129402597402597,0.36363636363636365,1.0,0.5887194805194804,0.42857142857142855,1.0,0.8328623732735708,0.5333333333333333,0.9166666666666666,0.717025974025974,0.5714285714285714,0.8311688311688312,yz,OT,0.5282396197732745,False,False
OT_yz,ST,Area_Net,st_Area_Net,not_equal,False,5000,False,Healthy,7,11,0.44301853449463013,0.10377583328704162,0.9631435205460044,0.671322046057454,-1.096240259412962,1.758670324154484,13.508437149592446,-5.098314678426989,79.39716861032677,0.6685298701298702,0.18181818181818182,1.0,0.6864753246753246,0.18181818181818182,1.0,0.6673356061646036,0.3076923076923077,0.8571428571428571,0.6004675324675324,0.3896103896103896,0.7922077922077922,yz,OT,0.6406449853308659,False,False
OT_yz,ST,Area_Hull,st_Area_Hull,not_equal,False,5000,False,Healthy,7,11,0.4767759059330849,0.12789299829388537,0.9642083615048834,0.5923148902553362,-1.0315682815938996,1.6176521287085346,23.587579193622002,-2.5974681448454846,125.9988074490456,0.667335064935065,0.14285714285714285,1.0,0.6693116883116883,0.18181818181818182,1.0,0.6602553346316516,0.25,0.8571428571428571,0.5906155844155845,0.38961038961038963,0.7662337662337663,yz,OT,0.5448867496378113,False,False
OT_yz,ST,Solidity,st_Solidity,not_equal,False,5000,False,Healthy,7,11,0.2802219378803661,0.004451481976282016,0.9196687139112323,1.4241352495833168,-0.14377602995963773,3.3670769416858852,0.5692033695051596,0.1858973164260213,0.9526793429138781,0.6548233766233766,0.2727272727272727,1.0,0.7873038961038961,0.2857142857142857,1.0,0.7088568068092997,0.42857142857142855,0.88,0.6766077922077922,0.49350649350649356,0.8701298701298701,yz,OT,0.5920863314264029,False,False
OT_yz,ST,Distance,st_Distance,not_equal,False,5000,False,Healthy,7,11,0.33088468419637157,0.007465459145165659,0.943827460987774,1.2227659919409428,-0.5915169139854362,3.1133731459546854,3.4606260829434805,-0.05061482401902145,7.185854247759409,0.6371324675324674,0.2727272727272727,1.0,0.7994415584415585,0.2727272727272727,1.0,0.6929923461636054,0.42857142857142855,0.88,0.6629298701298701,0.4675324675324675,0.8701298701298701,yz,OT,0.5062857045012399,False,False
OT_yz,ST,Compact,st_Compact,not_equal,False,5000,False,Healthy,7,11,0.36866738717849734,0.013135398105690312,0.9454345083175073,1.1040594156526156,-0.3136774922188192,2.8201525337723004,0.18714394804339712,0.037295190480605554,0.47016112645441394,0.7127454545454545,0.2727272727272727,1.0,0.6944805194805195,0.2857142857142857,1.0,0.7221736955161667,0.42857142857142855,0.88,0.6500857142857143,0.4675324675324676,0.8311688311688312,yz,OT,0.6117304414176443,False,False
OT_yz,ST,Angle,st_Angle,not_equal,False,5000,False,Healthy,7,11,0.5114534469764063,0.1445488673340939,0.9277706761840604,0.7312385696026448,0.07283818924594115,1.578301092222335,39.75143079526138,7.861849927359309,64.22242248544022,0.7363558441558442,0.5454545454545454,0.9090909090909091,0.7301688311688311,0.5714285714285714,0.8571428571428571,0.7653711709619456,0.6666666666666666,0.8571428571428571,0.6666493506493507,0.5584415584415584,0.7532467532467533,yz,OT,0.6194870342450687,False,False
YQ_xy,T,Area_Net,t_Area_Net,not_equal,False,5000,False,Healthy,8,12,0.08911429726313695,0.029262414200364222,0.16469490576555587,1.8914101825445588,1.4798996096525034,2.453068752059417,21.815869760332653,8.83775573962806,35.622650713547195,0.6266833333333334,0.4166666666666667,0.8333333333333334,0.89025,0.625,1.0,0.7312500811758798,0.5882352941176471,0.8333333333333334,0.7497708333333334,0.65625,0.8333333333333333,xy,YQ,0.1018449111578708,False,False
YQ_xy,T,Area_Hull,t_Area_Hull,not_equal,False,5000,False,Healthy,8,12,0.09664017931085618,0.031029157421943433,0.18022419958731736,1.841390998874668,1.4181071644830059,2.411576117398973,40.26420158820287,16.99126883522586,66.69160689054351,0.63245,0.4166666666666667,0.8333333333333334,0.8883,0.625,1.0,0.7344719745942077,0.5882352941176471,0.8333333333333334,0.7459125,0.6666666666666667,0.8229166666666666,xy,YQ,0.09664017931085618,False,False
YQ_xy,T,Solidity,t_Solidity,not_equal,False,5000,False,Healthy,8,12,0.6302087294229842,0.2506843888880205,0.9782972106362314,0.46043668907165164,-0.4045868162168903,1.2141951425549518,0.5215320575883469,0.19884314537897874,0.9707851827881387,0.778025,0.25,1.0,0.5420333333333333,0.25,1.0,0.7279532813577574,0.4,0.8275862068965517,0.55749375,0.47916666666666663,0.6458333333333334,xy,YQ,0.6738426356302217,False,False
YQ_xy,T,Distance,t_Distance,not_equal,False,5000,False,Healthy,8,12,0.26507221999058445,0.03565632263837352,0.8340453607530726,1.30041541445221,0.17152813320825896,2.2806468605467614,12.266291274061404,7.343455334269401,16.994522495063666,0.53435,0.25,0.8333333333333334,0.8835833333333332,0.5,1.0,0.6514897233362601,0.4,0.8,0.6527833333333334,0.53125,0.7604166666666667,xy,YQ,0.26507221999058445,False,False
YQ_xy,T,Compact,t_Compact,not_equal,False,5000,False,Healthy,8,12,0.08183419521194588,0.012102535163423283,0.2524077135592874,1.9848774914220966,1.1846991069392308,2.801541912924767,0.23975072881859805,0.09061920642685085,0.3875426482980553,0.6678833333333333,0.3333333333333333,1.0,0.784525,0.5,1.0,0.7243355147149902,0.5,0.8571428571428571,0.7148166666666667,0.6041666666666666,0.8125,xy,YQ,0.218224520565189,False,False
YQ_xy,T,Angle,t_Angle,not_equal,False,5000,False,Healthy,8,12,0.7299821002214226,0.3172479979309995,0.989380992637646,0.10022168065300757,-0.7227540610644836,1.0157490410693795,56.352131840827596,-128.05754982141772,176.91851364396138,0.5287,0.25,1.0,0.7090583333333333,0.25,1.0,0.5624655571207595,0.36363636363636365,0.7272727272727273,0.54273125,0.47916666666666663,0.625,xy,YQ,0.8714608342684552,False,False
YQ_xy,QRS,Area_Net,qrs_Area_Net,not_equal,False,5000,False,Healthy,8,12,0.20758374335284435,0.12277434678743764,0.3057882723673562,1.3336804347144757,1.059820152144128,1.6429672852822672,70.0172027585686,39.42081701528901,128.34571591480167,0.8646,0.6666666666666666,0.9166666666666666,0.6528,0.625,0.875,0.8234502133489866,0.7272727272727273,0.88,0.7028416666666666,0.6354166666666667,0.7708333333333333,xy,YQ,0.23723856383182212,False,False
YQ_xy,QRS,Area_Hull,qrs_Area_Hull,not_equal,False,5000,False,Healthy,8,12,0.19209572933395808,0.09849022817957534,0.30579797273752546,1.3863545563231392,1.0595870634378048,1.758959814999571,120.2320277826399,80.34698961010923,195.88638482608184,0.8364833333333334,0.5833333333333334,0.9166666666666666,0.694925,0.5,0.875,0.8178889553651705,0.7,0.88,0.7189479166666666,0.6458333333333333,0.7916666666666666,xy,YQ,0.21953797638166636,False,False
YQ_xy,QRS,Solidity,qrs_Solidity,not_equal,False,5000,False,Healthy,8,12,0.41426479360250407,0.10345814051804626,0.9085546252575847,0.9079338249802685,0.01855012582256807,1.7679803084519283,0.9286481958329427,0.8552574951630136,0.9842872407478208,0.687025,0.5,0.8333333333333334,0.8339,0.625,1.0,0.7588665381475478,0.6153846153846154,0.8181818181818182,0.6907458333333333,0.5104166666666667,0.7916666666666666,xy,YQ,0.6876070114350372,False,False
YQ_xy,QRS,Distance,qrs_Distance,not_equal,False,5000,True,Healthy,8,12,0.024654451374107964,0.005700517257232618,0.0660174054792289,2.5514156333989404,1.9580035646963947,3.1815672947925666,26.036095080761694,22.209884202986977,31.028563780946417,0.801,0.5833333333333334,0.9166666666666666,0.840125,0.625,1.0,0.8369132058306481,0.7,0.9166666666666666,0.8122104166666666,0.7291666666666666,0.8958333333333333,xy,YQ,0.03944712219857274,True,False
YQ_xy,QRS,Compact,qrs_Compact,not_equal,False,5000,False,Healthy,8,12,0.49834826488448164,0.14668745543837972,0.9360910077779586,0.7357597125058479,0.02414497124880989,1.519491468075691,0.42981921936865947,0.0910495272312683,0.6472856420925596,0.4770583333333333,0.25,0.9166666666666666,0.8174583333333334,0.375,1.0,0.5710178401466549,0.4,0.7857142857142857,0.5869541666666666,0.5,0.6770833333333334,xy,YQ,0.7901692859342673,False,False
YQ_xy,QRS,Angle,qrs_Angle,not_equal,False,5000,False,Healthy,8,12,0.43151571785652687,0.16591020349772215,0.8507905547096095,0.8454006953735641,0.1908943589109122,1.450449826189217,142.54549197551916,79.86279390684336,156.2362279056789,0.4658333333333334,0.3333333333333333,0.5,0.9344916666666668,0.75,1.0,0.6149804509152175,0.5,0.6666666666666666,0.58836875,0.5,0.6770833333333333,xy,YQ,0.663453380186112,False,False
YQ_xy,ST,Area_Net,st_Area_Net,not_equal,False,5000,False,Healthy,8,12,0.41361175063360506,0.07513411785203515,0.9607357102871956,0.8667083909062627,-0.6349516646747553,1.9194751428084746,39.56115374485896,-0.28303163281059945,121.74803914651926,0.5039333333333333,0.16666666666666666,1.0,0.7900083333333333,0.3333333333333333,1.0,0.5616258840355972,0.2857142857142857,0.8148148148148148,0.56435,0.3958333333333333,0.7395833333333334,xy,YQ,0.4726991435812629,False,False
YQ_xy,ST,Area_Hull,st_Area_Hull,not_equal,False,5000,False,Healthy,8,12,0.4836747358838053,0.11578572534853955,0.9640035168359709,0.7028759787023018,-0.6093398787577179,1.6670125921264947,30.97365895549031,0.16210111458651652,162.62526796315072,0.6454833333333333,0.16666666666666666,1.0,0.696675,0.25,1.0,0.6665941495315177,0.2857142857142857,0.8461538461538461,0.5900854166666666,0.4270833333333333,0.7604166666666666,xy,YQ,0.5527711267243489,False,False
YQ_xy,ST,Solidity,st_Solidity,not_equal,False,5000,False,ACM,8,12,0.62371363316425,0.1473607801881,0.9860584300861182,-0.07321080764526054,-1.3888600081457465,1.2725552074328002,0.536785191774583,0.14313705486476086,1.0192478743662001,0.65,0.16666666666666666,1.0,0.6532083333333333,0.25,1.0,0.6054127819175766,0.2857142857142857,0.8,0.5693229166666666,0.46875,0.7083333333333333,xy,YQ,0.62371363316425,False,False
YQ_xy,ST,Distance,st_Distance,not_equal,False,5000,False,Healthy,8,12,0.22634206981819416,0.012559117135553776,0.8519577670515709,1.4954091410355508,0.06084634220616453,2.8291474819464306,4.205737727781663,0.26853260878484464,9.891682224883672,0.557375,0.25,1.0,0.8539083333333332,0.375,1.0,0.6529465994366563,0.4,0.8571428571428571,0.6527604166666666,0.46875,0.84375,xy,YQ,0.41985454964457736,False,False
YQ_xy,ST,Compact,st_Compact,not_equal,False,5000,False,ACM,8,12,0.614084941379688,0.13417521407662705,0.984560284635396,-0.07523669890998493,-1.4196335897927406,1.3164238386812026,0.1924320564451109,0.0334596620022019,0.44969177878420896,0.6095416666666666,0.16666666666666666,1.0,0.6881166666666667,0.25,1.0,0.5944577375652287,0.2857142857142857,0.8148148148148148,0.5684479166666667,0.4479166666666667,0.7187499999999999,xy,YQ,0.614084941379688,False,False
YQ_xy,ST,Angle,st_Angle,not_equal,False,5000,False,ACM,8,12,0.4539116568387267,0.08503889623582762,0.9629649793618765,-0.8657798102674006,-1.858954013871288,0.13507032378965025,49.06339235297004,-71.70112050834227,108.39924843323277,0.5040333333333334,0.25,0.9166666666666666,0.8128416666666666,0.25,1.0,0.5526474325389734,0.4,0.7586206896551724,0.6110041666666666,0.4375,0.7395833333333334,xy,YQ,0.659390553156692,False,False
OQ_xy,T,Area_Net,t_Area_Net,not_equal,False,5000,True,Healthy,9,12,0.0035630287903575856,0.001214846107950876,0.008904894293801023,3.748527415701643,3.1599976653687616,4.290604566696318,10.72361471141651,6.205728343678012,13.342231570107264,0.8198833333333332,0.75,0.9166666666666666,0.9917777777777778,0.8888888888888888,1.0,0.8970721715949954,0.8181818181818182,0.9565217391304348,0.9023018518518519,0.8240740740740741,0.9444444444444444,xy,OQ,0.014252115161430342,True,True
OQ_xy,T,Area_Hull,t_Area_Hull,not_equal,False,5000,True,Healthy,9,12,0.0015426061085029132,0.00042987332338095704,0.004081372298507857,4.204161454000341,3.551798602634121,4.847874428215027,17.60728666808039,11.832855925515561,24.580920215565996,0.8661,0.75,0.9166666666666666,0.9672666666666668,0.7777777777777778,1.0,0.9154730768423033,0.8571428571428571,0.9565217391304348,0.9092185185185184,0.8425925925925926,0.9351851851851851,xy,OQ,0.006170424434011653,True,True
OQ_xy,T,Solidity,t_Solidity,not_equal,False,5000,False,Healthy,9,12,0.5723283927759272,0.24100768774084552,0.9649025279261839,0.5942244265031938,-0.11773957349123047,1.2315136966802722,0.5923266494383966,0.3041360332340309,0.9650990469651833,0.8280666666666666,0.3333333333333333,1.0,0.5063444444444445,0.2222222222222222,0.9166666666666666,0.7467238002855889,0.5,0.8148148148148148,0.5458537037037038,0.4722222222222222,0.6296296296296297,xy,OQ,0.6738426356302217,False,False
OQ_xy,T,Distance,t_Distance,not_equal,False,5000,True,Healthy,9,12,0.03054938126777632,0.0019540337990070216,0.13038705941728856,2.6437072390321017,1.5974357111531297,3.7372558527410242,7.027019214053123,3.8461404214816657,9.357513359514959,0.68945,0.5,0.9166666666666666,0.9058888888888889,0.6666666666666666,1.0,0.7793120609052605,0.6666666666666666,0.88,0.7788148148148147,0.6574074074074074,0.8888888888888888,xy,OQ,0.04887901002844211,True,False
OQ_xy,T,Compact,t_Compact,not_equal,False,5000,False,Healthy,9,12,0.11859083876710488,0.028497858088600374,0.2957943269304589,1.7214530626797724,1.0764960616782362,2.3865885239687223,0.26678656166917225,0.1482135868336378,0.4449212994168918,0.79235,0.5,1.0,0.7053777777777779,0.5555555555555556,0.8888888888888888,0.782420821390213,0.631578947368421,0.8571428571428571,0.7295407407407407,0.6388888888888888,0.8148148148148148,xy,OQ,0.23718167753420977,False,False
OQ_xy,T,Angle,t_Angle,not_equal,False,5000,False,ACM,9,12,0.4516363358151397,0.12441384138785874,0.9416523172138261,-0.8222040725651448,-1.624826824967297,0.1448317834192591,-33.95100036702728,-136.10897185802386,89.5023283140671,0.6941555555555555,0.3333333333333333,1.0,0.6251333333333334,0.25,0.9166666666666666,0.6123208892763259,0.46153846153846156,0.72,0.5903685185185186,0.4907407407407407,0.6944444444444444,xy,OQ,0.8183532399531608,False,False
OQ_xy,QRS,Area_Net,qrs_Area_Net,not_equal,False,5000,False,Healthy,9,12,0.09497453996714916,0.0288894798695702,0.21954232052644698,1.836303478054618,1.2718162743998276,2.4235349982307177,37.72839255022186,17.736620312540268,68.64820585850275,0.6419666666666667,0.4166666666666667,0.75,0.824622222222222,0.6666666666666666,1.0,0.7207108111175902,0.5882352941176471,0.8181818181818182,0.6989425925925926,0.6203703703703703,0.7685185185185185,xy,OQ,0.15195926394743867,False,False
OQ_xy,QRS,Area_Hull,qrs_Area_Hull,not_equal,False,5000,True,Healthy,9,12,0.044756238129990314,0.007506194932323447,0.14424995439381297,2.293403034409255,1.5265398314048262,3.0635353830654606,46.37122956134158,20.2401573191669,128.34357823919814,0.74265,0.5,0.8333333333333334,0.7850444444444444,0.6666666666666666,1.0,0.7765984630279756,0.6666666666666666,0.8333333333333334,0.7582018518518518,0.6851851851851852,0.8148148148148149,xy,OQ,0.0716099810079845,False,False
OQ_xy,QRS,Solidity,qrs_Solidity,not_equal,False,5000,False,ACM,9,12,0.541170695241527,0.12245131468964078,0.9750532457637413,-0.6239082393867939,-1.6313209488807323,0.4299278043886571,0.5952734802528404,0.3199452064014996,0.9686170869203528,0.8675722222222223,0.3333333333333333,1.0,0.4802888888888889,0.25,1.0,0.6723861297074473,0.5,0.75,0.5237481481481482,0.42592592592592593,0.6296296296296297,xy,OQ,0.6876070114350372,False,False
OQ_xy,QRS,Distance,qrs_Distance,not_equal,False,5000,True,Healthy,9,12,0.03975225560451457,0.0040201243373550535,0.15861603178194514,2.4110474144774106,1.4769862686481563,3.288919207943466,16.58156741234165,5.412308727488156,25.2981426767717,0.67645,0.4166666666666667,1.0,0.8448222222222223,0.5555555555555556,1.0,0.744545104207899,0.5882352941176471,0.8571428571428571,0.7813481481481481,0.7037037037037037,0.8518518518518519,xy,OQ,0.053003007472686096,False,False
OQ_xy,QRS,Compact,qrs_Compact,not_equal,False,5000,False,Healthy,9,12,0.7901692859342673,0.44643631471559697,0.9920762456294574,0.19454945208188065,-0.34964799658913986,0.7774583357685612,0.5094387600479213,0.07968853723095068,0.7982238848372775,0.4131833333333334,0.16666666666666666,1.0,0.8364277777777778,0.25,1.0,0.4723683375314342,0.2857142857142857,0.7272727272727273,0.5038962962962964,0.40740740740740744,0.6203703703703703,xy,OQ,0.7901692859342673,False,False
OQ_xy,QRS,Angle,qrs_Angle,not_equal,False,5000,False,Healthy,9,12,0.6425462768332649,0.23455075016077392,0.9820283478582466,0.25517085317395466,-0.8351350333048736,1.2320697225108967,-46.59328084005892,-122.72208166337839,85.2744103504988,0.64565,0.3333333333333333,0.9166666666666666,0.7033,0.3333333333333333,1.0,0.6627288978305508,0.42857142857142855,0.8148148148148148,0.5757740740740741,0.4074074074074074,0.7131944444444411,xy,OQ,0.663453380186112,False,False
OQ_xy,ST,Area_Net,st_Area_Net,not_equal,False,5000,False,Healthy,9,12,0.1559141995424762,0.010708854742290603,0.591311396786195,1.7330559423822007,0.5300134315059283,2.9828404045306613,7.64803653627233,1.2687307425681869,26.769898341229574,0.6812166666666667,0.4166666666666667,0.9166666666666666,0.8275444444444445,0.6666666666666666,1.0,0.7464014173644686,0.5555555555555556,0.8695652173913043,0.7070277777777778,0.537037037037037,0.8611111111111112,xy,OQ,0.4726991435812629,False,False
OQ_xy,ST,Area_Hull,st_Area_Hull,not_equal,False,5000,False,Healthy,9,12,0.10479164276842878,0.009464171979748899,0.37648591073191834,1.9150274744381244,0.9085500146094498,2.9721826680439833,12.391701437168612,2.9260153320020827,43.9533537823859,0.7269333333333333,0.5,0.9166666666666666,0.8076666666666666,0.6666666666666666,1.0,0.7718378200371592,0.631578947368421,0.88,0.7255814814814815,0.5833333333333333,0.8425925925925927,xy,OQ,0.46312040153139983,False,False
OQ_xy,ST,Solidity,st_Solidity,not_equal,False,5000,False,Healthy,9,12,0.37996070017697153,0.006675840012903838,0.9607545853049116,1.0827693108519691,-0.5474557298998206,3.104398039701214,0.5333398020747921,0.22253085300410294,0.9039021242154479,0.6962277777777778,0.25,1.0,0.6992222222222222,0.3333333333333333,1.0,0.7027395020521084,0.4,0.8695652173913043,0.645,0.4907407407407407,0.8425925925925927,xy,OQ,0.62371363316425,False,False
OQ_xy,ST,Distance,st_Distance,not_equal,False,5000,False,Healthy,9,12,0.47889397359844377,0.023807559663337304,0.9683330077466109,0.7305623903647853,-0.7357762112019853,2.4714702892931273,3.476330777242732,-0.38503837486827974,8.890153028914662,0.6024555555555555,0.2222222222222222,1.0,0.7368777777777777,0.25,1.0,0.6313606705212301,0.3333333333333333,0.8148148148148148,0.5985333333333334,0.45370370370370366,0.7777777777777778,xy,OQ,0.47889397359844377,False,False
OQ_xy,ST,Compact,st_Compact,not_equal,False,5000,False,Healthy,9,12,0.22195198258050658,0.0040488089352565615,0.8553425398526381,1.583632951658023,0.11147749346116409,3.299846493460186,0.20605026632430284,0.052632922376717683,0.42786176952958177,0.6602055555555556,0.25,1.0,0.7680722222222223,0.3333333333333333,1.0,0.7006346856527113,0.4,0.8695652173913043,0.6815925925925926,0.5092592592592593,0.8518518518518519,xy,OQ,0.614084941379688,False,False
OQ_xy,ST,Angle,st_Angle,not_equal,False,5000,False,Healthy,9,12,0.3454752071859618,0.054807111164549456,0.9184607039725441,1.0956968445371862,-0.04850603265553926,2.060831226823425,34.04829001856558,-54.893299439775575,95.85095928442651,0.6367444444444446,0.25,1.0,0.6738388888888889,0.2222222222222222,1.0,0.6466029132053233,0.4,0.8006896551724038,0.5988425925925926,0.4907407407407407,0.7037037037037037,xy,OQ,0.659390553156692,False,False
