{
    "age_all": {
        "mean": 35.80952380952381,
        "std": 12.568289651416567,
        "count": 21,
        "median": 31.0
    },
    "height_all": {
        "mean": 1.7254545454545456,
        "std": 0.08675985665774655,
        "count": 11,
        "median": 1.7
    },
    "age_arvc": {
        "mean": 42.22222222222222,
        "std": 14.626839865276589,
        "count": 9,
        "median": 46.0
    },
    "height_arvc": {
        "mean": NaN,
        "std": NaN,
        "count": 0,
        "median": NaN
    },
    "age_healthy": {
        "mean": 31.0,
        "std": 8.528028654224418,
        "count": 12,
        "median": 28.0
    },
    "height_healthy": {
        "mean": 1.7254545454545456,
        "std": 0.08675985665774655,
        "count": 11,
        "median": 1.7
    }
}