source,segment,feature,column_name,hypothesis_tested,outliers_removed,mc_iterations,p_value_mean,p_value_ci_lower,p_value_ci_upper,t_stat_mean,t_stat_ci_lower,t_stat_ci_upper,significant_ttest (mean_p<0.05),opt_threshold_mean,opt_threshold_ci_lower,opt_threshold_ci_upper,roc_auc_mean,roc_auc_ci_lower,roc_auc_ci_upper,roc_positive_class_for_metrics,sensitivity_mean,sensitivity_ci_lower,sensitivity_ci_upper,specificity_mean,specificity_ci_lower,specificity_ci_upper,f1_score_mean,f1_score_ci_lower,f1_score_ci_upper,n_arvc_initial,n_healthy_initial,plot_nominal_tdist_path,plot_nominal_boxplot_path,plot_nominal_roc_path,plot_nominal_cm_path,plot_mc_pvalue_dist_path,plot_mc_threshold_dist_path,plot_mc_f1_dist_path
F0_yz,T,Area,t_Area,not_equal,True,500,0.001945868574906781,0.0007039997971231067,0.004932333292722246,-4.390419837609201,-5.017885022332345,-3.6862834935857007,True,25.14389947149987,14.013085932455194,37.025214538437005,0.9987178571428571,0.9875,1.0,Healthy,0.9937999999999999,0.9,1.0,1.0,1.0,1.0,0.9967251461988305,0.9473684210526315,1.0,8,10,Results/F0_yz/Generated_Plots_MC/F0_yz_T_Area_tdist.pdf,Results/F0_yz/Generated_Plots_MC/F0_yz_T_Area_boxplot.pdf,Results/F0_yz/Generated_Plots_MC/F0_yz_T_Area_roc.pdf,Results/F0_yz/Generated_Plots_MC/F0_yz_T_Area_cm.pdf,Results/F0_yz/Generated_Plots_MC/F0_yz_T_Area_p_value_mc_dist.pdf,Results/F0_yz/Generated_Plots_MC/F0_yz_T_Area_threshold_mc_dist.pdf,Results/F0_yz/Generated_Plots_MC/F0_yz_T_Area_f1_score_mc_dist.pdf
F0_yz,T,T-Dist,t_T-Dist,not_equal,True,500,0.2776823389613345,0.04850828078934125,0.8105538068512345,-1.264472971250372,-2.1938196778845,-0.03591069849770538,False,14.457345418217429,6.963249765812701,23.74703249983276,0.5986873015873015,0.4400446428571429,0.7625000000000001,Healthy,0.4836611111111111,0.2222222222222222,0.9,0.8976388888888889,0.5,1.0,0.5937507933190933,0.36363636363636365,0.8095454545454541,8,10,Results/F0_yz/Generated_Plots_MC/F0_yz_T_T-Dist_tdist.pdf,Results/F0_yz/Generated_Plots_MC/F0_yz_T_T-Dist_boxplot.pdf,Results/F0_yz/Generated_Plots_MC/F0_yz_T_T-Dist_roc.pdf,Results/F0_yz/Generated_Plots_MC/F0_yz_T_T-Dist_cm.pdf,Results/F0_yz/Generated_Plots_MC/F0_yz_T_T-Dist_p_value_mc_dist.pdf,Results/F0_yz/Generated_Plots_MC/F0_yz_T_T-Dist_threshold_mc_dist.pdf,Results/F0_yz/Generated_Plots_MC/F0_yz_T_T-Dist_f1_score_mc_dist.pdf
F0_yz,T,Compact,t_Compact,not_equal,False,500,0.006148363081637734,0.0003527318366553941,0.030835164880443133,-3.4866744346123806,-4.58677328323242,-2.3716144003263193,True,0.5466965452914168,0.25561224620876516,0.770382192135513,0.8841749999999999,0.8,0.9625,Healthy,0.802,0.6,1.0,0.8895,0.625,1.0,0.8456408602495156,0.75,0.9473684210526315,8,10,Results/F0_yz/Generated_Plots_MC/F0_yz_T_Compact_tdist.pdf,Results/F0_yz/Generated_Plots_MC/F0_yz_T_Compact_boxplot.pdf,Results/F0_yz/Generated_Plots_MC/F0_yz_T_Compact_roc.pdf,Results/F0_yz/Generated_Plots_MC/F0_yz_T_Compact_cm.pdf,Results/F0_yz/Generated_Plots_MC/F0_yz_T_Compact_p_value_mc_dist.pdf,Results/F0_yz/Generated_Plots_MC/F0_yz_T_Compact_threshold_mc_dist.pdf,Results/F0_yz/Generated_Plots_MC/F0_yz_T_Compact_f1_score_mc_dist.pdf
F0_yz,T,Angle,t_Angle,not_equal,False,500,0.5696985559021064,0.28105425447480104,0.9432169399659065,-0.60241935464819,-1.1214767828925907,-0.04950687549582392,False,-119.7036625518562,-162.26233591698573,128.6057810842368,0.577975,0.48750000000000004,0.6625,Healthy,0.8517500000000001,0.5,1.0,0.4801,0.375,0.75,0.7413337876105139,0.5882352941176471,0.8333333333333334,8,10,Results/F0_yz/Generated_Plots_MC/F0_yz_T_Angle_tdist.pdf,Results/F0_yz/Generated_Plots_MC/F0_yz_T_Angle_boxplot.pdf,Results/F0_yz/Generated_Plots_MC/F0_yz_T_Angle_roc.pdf,Results/F0_yz/Generated_Plots_MC/F0_yz_T_Angle_cm.pdf,Results/F0_yz/Generated_Plots_MC/F0_yz_T_Angle_p_value_mc_dist.pdf,Results/F0_yz/Generated_Plots_MC/F0_yz_T_Angle_threshold_mc_dist.pdf,Results/F0_yz/Generated_Plots_MC/F0_yz_T_Angle_f1_score_mc_dist.pdf
F0_yz,QRS,Area,qrs_Area,not_equal,True,500,0.12574498657287675,0.02228002428443634,0.460875621855196,-1.8598921048628598,-2.7189413170368777,-0.7646500207029999,False,93.0265637424566,28.100085021363284,179.93760915788738,0.7506384873393803,0.609375,0.873015873015873,Healthy,0.6525222222222221,0.375,1.0,0.8576428571428572,0.5,1.0,0.7250654740751389,0.5454545454545454,0.8571428571428571,8,10,Results/F0_yz/Generated_Plots_MC/F0_yz_QRS_Area_tdist.pdf,Results/F0_yz/Generated_Plots_MC/F0_yz_QRS_Area_boxplot.pdf,Results/F0_yz/Generated_Plots_MC/F0_yz_QRS_Area_roc.pdf,Results/F0_yz/Generated_Plots_MC/F0_yz_QRS_Area_cm.pdf,Results/F0_yz/Generated_Plots_MC/F0_yz_QRS_Area_p_value_mc_dist.pdf,Results/F0_yz/Generated_Plots_MC/F0_yz_QRS_Area_threshold_mc_dist.pdf,Results/F0_yz/Generated_Plots_MC/F0_yz_QRS_Area_f1_score_mc_dist.pdf
F0_yz,QRS,T-Dist,qrs_T-Dist,not_equal,True,500,0.33377313414419985,0.02384110458296712,0.9565500628664075,-1.1844887149274979,-2.5449571984988375,0.06749378496092542,False,21.347998932091297,13.225312629072219,42.95050991460646,0.672132242063492,0.4861111111111111,0.8571428571428572,Healthy,0.8092031746031746,0.3158333333333337,1.0,0.6439547619047619,0.375,1.0,0.757949712715307,0.4798076923076927,0.875,8,10,Results/F0_yz/Generated_Plots_MC/F0_yz_QRS_T-Dist_tdist.pdf,Results/F0_yz/Generated_Plots_MC/F0_yz_QRS_T-Dist_boxplot.pdf,Results/F0_yz/Generated_Plots_MC/F0_yz_QRS_T-Dist_roc.pdf,Results/F0_yz/Generated_Plots_MC/F0_yz_QRS_T-Dist_cm.pdf,Results/F0_yz/Generated_Plots_MC/F0_yz_QRS_T-Dist_p_value_mc_dist.pdf,Results/F0_yz/Generated_Plots_MC/F0_yz_QRS_T-Dist_threshold_mc_dist.pdf,Results/F0_yz/Generated_Plots_MC/F0_yz_QRS_T-Dist_f1_score_mc_dist.pdf
F0_yz,QRS,Compact,qrs_Compact,not_equal,True,500,0.44255893185688944,0.01643232783132758,0.955609943299759,-0.8428208638042559,-2.8454138928932386,0.7731347006415544,False,0.3903801110862921,0.13526923717927522,0.8117884344781464,0.6179975198412698,0.4749999999999999,0.7916666666666667,Healthy,0.6661785714285714,0.2,1.0,0.7003452380952381,0.29250000000000015,1.0,0.6680663302976321,0.3333333333333333,0.8421052631578947,8,10,Results/F0_yz/Generated_Plots_MC/F0_yz_QRS_Compact_tdist.pdf,Results/F0_yz/Generated_Plots_MC/F0_yz_QRS_Compact_boxplot.pdf,Results/F0_yz/Generated_Plots_MC/F0_yz_QRS_Compact_roc.pdf,Results/F0_yz/Generated_Plots_MC/F0_yz_QRS_Compact_cm.pdf,Results/F0_yz/Generated_Plots_MC/F0_yz_QRS_Compact_p_value_mc_dist.pdf,Results/F0_yz/Generated_Plots_MC/F0_yz_QRS_Compact_threshold_mc_dist.pdf,Results/F0_yz/Generated_Plots_MC/F0_yz_QRS_Compact_f1_score_mc_dist.pdf
F0_yz,QRS,Angle,qrs_Angle,not_equal,False,500,0.6682321394746894,0.21035803509313666,0.9771604482586297,-0.2572085497636301,-1.3111174825945155,0.6604035098777432,False,6.727075519677239,-168.855440639098,155.41726428337392,0.5504,0.4434375000000001,0.6875,Healthy,0.59225,0.25,1.0,0.6796500000000001,0.25,1.0,0.6054234633424187,0.4,0.782608695652174,8,10,Results/F0_yz/Generated_Plots_MC/F0_yz_QRS_Angle_tdist.pdf,Results/F0_yz/Generated_Plots_MC/F0_yz_QRS_Angle_boxplot.pdf,Results/F0_yz/Generated_Plots_MC/F0_yz_QRS_Angle_roc.pdf,Results/F0_yz/Generated_Plots_MC/F0_yz_QRS_Angle_cm.pdf,Results/F0_yz/Generated_Plots_MC/F0_yz_QRS_Angle_p_value_mc_dist.pdf,Results/F0_yz/Generated_Plots_MC/F0_yz_QRS_Angle_threshold_mc_dist.pdf,Results/F0_yz/Generated_Plots_MC/F0_yz_QRS_Angle_f1_score_mc_dist.pdf
F0_yz,ST,Area,st_Area,not_equal,True,500,0.16446348553753518,0.00017539594810684337,0.8589787857740465,-2.356172244069329,-6.091934032230991,0.11956053590772456,False,18.620263121890986,2.559369841868662,46.55106680070923,0.7630854828042328,0.5037698412698414,1.0,Healthy,0.776697619047619,0.375,1.0,0.8494738095238095,0.5263888888888895,1.0,0.8083609302230651,0.5454545454545454,1.0,8,10,Results/F0_yz/Generated_Plots_MC/F0_yz_ST_Area_tdist.pdf,Results/F0_yz/Generated_Plots_MC/F0_yz_ST_Area_boxplot.pdf,Results/F0_yz/Generated_Plots_MC/F0_yz_ST_Area_roc.pdf,Results/F0_yz/Generated_Plots_MC/F0_yz_ST_Area_cm.pdf,Results/F0_yz/Generated_Plots_MC/F0_yz_ST_Area_p_value_mc_dist.pdf,Results/F0_yz/Generated_Plots_MC/F0_yz_ST_Area_threshold_mc_dist.pdf,Results/F0_yz/Generated_Plots_MC/F0_yz_ST_Area_f1_score_mc_dist.pdf
F0_yz,ST,T-Dist,st_T-Dist,not_equal,True,500,0.20905848091148826,0.0011079519724518795,0.8822812767864529,-1.8613378660792037,-4.377394315240788,0.29703221710837474,False,5.080187507233535,0.8035489696306264,12.00196326068031,0.7137564673091458,0.48214285714285715,0.9436904761904761,Healthy,0.6677206349206349,0.2669642857142861,1.0,0.8603888888888889,0.4444444444444444,1.0,0.7348813869204635,0.4,0.9333333333333333,8,10,Results/F0_yz/Generated_Plots_MC/F0_yz_ST_T-Dist_tdist.pdf,Results/F0_yz/Generated_Plots_MC/F0_yz_ST_T-Dist_boxplot.pdf,Results/F0_yz/Generated_Plots_MC/F0_yz_ST_T-Dist_roc.pdf,Results/F0_yz/Generated_Plots_MC/F0_yz_ST_T-Dist_cm.pdf,Results/F0_yz/Generated_Plots_MC/F0_yz_ST_T-Dist_p_value_mc_dist.pdf,Results/F0_yz/Generated_Plots_MC/F0_yz_ST_T-Dist_threshold_mc_dist.pdf,Results/F0_yz/Generated_Plots_MC/F0_yz_ST_T-Dist_f1_score_mc_dist.pdf
F0_yz,ST,Compact,st_Compact,not_equal,True,500,0.615328769246707,0.10049701291142893,0.989451265586804,-0.010818591747176804,-1.5328175431042574,1.3869549273551856,False,0.3820444190050608,0.055870578228862315,0.7335166600484212,0.5704459041950113,0.4625,0.7319444444444441,Healthy,0.5748174603174604,0.21055555555555577,1.0,0.742547619047619,0.25,1.0,0.6098453562885665,0.34772727272727305,0.8181818181818182,8,10,Results/F0_yz/Generated_Plots_MC/F0_yz_ST_Compact_tdist.pdf,Results/F0_yz/Generated_Plots_MC/F0_yz_ST_Compact_boxplot.pdf,Results/F0_yz/Generated_Plots_MC/F0_yz_ST_Compact_roc.pdf,Results/F0_yz/Generated_Plots_MC/F0_yz_ST_Compact_cm.pdf,Results/F0_yz/Generated_Plots_MC/F0_yz_ST_Compact_p_value_mc_dist.pdf,Results/F0_yz/Generated_Plots_MC/F0_yz_ST_Compact_threshold_mc_dist.pdf,Results/F0_yz/Generated_Plots_MC/F0_yz_ST_Compact_f1_score_mc_dist.pdf
F0_yz,ST,Angle,st_Angle,not_equal,False,500,0.1348000717746742,0.062430976626891496,0.2661589916404363,1.6229241972284116,1.1624724842383851,2.0129301923250718,False,-6.9472359027733,-33.20939641755874,52.433406786269195,0.6652,0.575,0.75,ARVC,0.8635,0.375,1.0,0.5108,0.3,1.0,0.6884253703513697,0.5,0.7619047619047619,8,10,Results/F0_yz/Generated_Plots_MC/F0_yz_ST_Angle_tdist.pdf,Results/F0_yz/Generated_Plots_MC/F0_yz_ST_Angle_boxplot.pdf,Results/F0_yz/Generated_Plots_MC/F0_yz_ST_Angle_roc.pdf,Results/F0_yz/Generated_Plots_MC/F0_yz_ST_Angle_cm.pdf,Results/F0_yz/Generated_Plots_MC/F0_yz_ST_Angle_p_value_mc_dist.pdf,Results/F0_yz/Generated_Plots_MC/F0_yz_ST_Angle_threshold_mc_dist.pdf,Results/F0_yz/Generated_Plots_MC/F0_yz_ST_Angle_f1_score_mc_dist.pdf
OR_xy,T,Area,t_Area,not_equal,True,500,0.00396215961756509,0.0006997976249700432,0.01229242099836574,-4.022661281196945,-5.003171368983659,-3.0534051825557373,True,12.489213395230504,3.7170922513905054,25.744822355143334,0.8734635642135643,0.7309375,0.9285714285714286,Healthy,0.8109919191919194,0.7,0.9,0.9972063492063492,1.0,1.0,0.8928916087785923,0.8235294117647058,0.9473684210526315,9,12,Results/OR_xy/Generated_Plots_MC/OR_xy_T_Area_tdist.pdf,Results/OR_xy/Generated_Plots_MC/OR_xy_T_Area_boxplot.pdf,Results/OR_xy/Generated_Plots_MC/OR_xy_T_Area_roc.pdf,Results/OR_xy/Generated_Plots_MC/OR_xy_T_Area_cm.pdf,Results/OR_xy/Generated_Plots_MC/OR_xy_T_Area_p_value_mc_dist.pdf,Results/OR_xy/Generated_Plots_MC/OR_xy_T_Area_threshold_mc_dist.pdf,Results/OR_xy/Generated_Plots_MC/OR_xy_T_Area_f1_score_mc_dist.pdf
OR_xy,T,T-Dist,t_T-Dist,not_equal,True,500,0.07356775611731976,0.01641091069810866,0.22645616034845606,-2.079055561665395,-2.793183172910965,-1.2746737043997418,False,12.183739017903305,8.774828652864814,15.650477109931074,0.6616894901394901,0.5652146464646465,0.7629464285714285,Healthy,0.5732,0.4166666666666667,0.7272727272727273,0.9899444444444445,0.8815972222222224,1.0,0.7219954683946943,0.5882352941176471,0.8181818181818182,9,12,Results/OR_xy/Generated_Plots_MC/OR_xy_T_T-Dist_tdist.pdf,Results/OR_xy/Generated_Plots_MC/OR_xy_T_T-Dist_boxplot.pdf,Results/OR_xy/Generated_Plots_MC/OR_xy_T_T-Dist_roc.pdf,Results/OR_xy/Generated_Plots_MC/OR_xy_T_T-Dist_cm.pdf,Results/OR_xy/Generated_Plots_MC/OR_xy_T_T-Dist_p_value_mc_dist.pdf,Results/OR_xy/Generated_Plots_MC/OR_xy_T_T-Dist_threshold_mc_dist.pdf,Results/OR_xy/Generated_Plots_MC/OR_xy_T_T-Dist_f1_score_mc_dist.pdf
OR_xy,T,Compact,t_Compact,not_equal,False,500,0.04560611935669371,0.0075307017005791736,0.14650577903172193,-2.3437358909024364,-3.1392617551647257,-1.5240155370646504,True,0.3607842764593346,0.15958500786815888,0.5722449651961341,0.7365,0.6155092592592594,0.8430555555555552,Healthy,0.587,0.4166666666666667,0.8333333333333334,0.9288888888888889,0.6666666666666666,1.0,0.7089802665041592,0.5710784313725494,0.8181818181818182,9,12,Results/OR_xy/Generated_Plots_MC/OR_xy_T_Compact_tdist.pdf,Results/OR_xy/Generated_Plots_MC/OR_xy_T_Compact_boxplot.pdf,Results/OR_xy/Generated_Plots_MC/OR_xy_T_Compact_roc.pdf,Results/OR_xy/Generated_Plots_MC/OR_xy_T_Compact_cm.pdf,Results/OR_xy/Generated_Plots_MC/OR_xy_T_Compact_p_value_mc_dist.pdf,Results/OR_xy/Generated_Plots_MC/OR_xy_T_Compact_threshold_mc_dist.pdf,Results/OR_xy/Generated_Plots_MC/OR_xy_T_Compact_f1_score_mc_dist.pdf
OR_xy,T,Angle,t_Angle,not_equal,False,500,0.7384378433357133,0.402484849416121,0.9855283720142597,-0.28760260714120073,-0.8668311340246158,0.34773014053674267,False,-72.36154469723243,-104.21216074466156,79.56859834799693,0.6403333333333334,0.3148148148148148,0.7962962962962963,Healthy,0.6108333333333332,0.1111111111111111,0.8333333333333334,0.8524444444444446,0.6666666666666666,1.0,0.6767685823152185,0.2,0.8333333333333334,9,12,Results/OR_xy/Generated_Plots_MC/OR_xy_T_Angle_tdist.pdf,Results/OR_xy/Generated_Plots_MC/OR_xy_T_Angle_boxplot.pdf,Results/OR_xy/Generated_Plots_MC/OR_xy_T_Angle_roc.pdf,Results/OR_xy/Generated_Plots_MC/OR_xy_T_Angle_cm.pdf,Results/OR_xy/Generated_Plots_MC/OR_xy_T_Angle_p_value_mc_dist.pdf,Results/OR_xy/Generated_Plots_MC/OR_xy_T_Angle_threshold_mc_dist.pdf,Results/OR_xy/Generated_Plots_MC/OR_xy_T_Angle_f1_score_mc_dist.pdf
OR_xy,QRS,Area,qrs_Area,not_equal,True,500,0.17616372792337526,0.032678335276153304,0.693539554445838,-1.6373857056482584,-2.4255898270453224,-0.22673999849760323,False,117.52744541238043,18.2159871679755,336.22127556760177,0.6170782587782588,0.46249999999999997,0.7291666666666667,Healthy,0.4739587301587302,0.2,0.8552083333333325,0.9438214285714286,0.5,1.0,0.6146246182243893,0.3333333333333333,0.7368421052631579,9,12,Results/OR_xy/Generated_Plots_MC/OR_xy_QRS_Area_tdist.pdf,Results/OR_xy/Generated_Plots_MC/OR_xy_QRS_Area_boxplot.pdf,Results/OR_xy/Generated_Plots_MC/OR_xy_QRS_Area_roc.pdf,Results/OR_xy/Generated_Plots_MC/OR_xy_QRS_Area_cm.pdf,Results/OR_xy/Generated_Plots_MC/OR_xy_QRS_Area_p_value_mc_dist.pdf,Results/OR_xy/Generated_Plots_MC/OR_xy_QRS_Area_threshold_mc_dist.pdf,Results/OR_xy/Generated_Plots_MC/OR_xy_QRS_Area_f1_score_mc_dist.pdf
OR_xy,QRS,T-Dist,qrs_T-Dist,not_equal,True,500,0.048645543411260685,0.001640130919011046,0.22020017631882785,-2.4952546947505536,-3.9593455553543375,-1.2713020929691754,True,33.49676007996158,14.352064294865016,48.706377987621735,0.7421252405002405,0.6203703703703703,0.8571428571428572,Healthy,0.6066969696969697,0.4166666666666667,0.9166666666666666,0.9279285714285714,0.5555555555555556,1.0,0.7242799631504149,0.5882352941176471,0.8571428571428571,9,12,Results/OR_xy/Generated_Plots_MC/OR_xy_QRS_T-Dist_tdist.pdf,Results/OR_xy/Generated_Plots_MC/OR_xy_QRS_T-Dist_boxplot.pdf,Results/OR_xy/Generated_Plots_MC/OR_xy_QRS_T-Dist_roc.pdf,Results/OR_xy/Generated_Plots_MC/OR_xy_QRS_T-Dist_cm.pdf,Results/OR_xy/Generated_Plots_MC/OR_xy_QRS_T-Dist_p_value_mc_dist.pdf,Results/OR_xy/Generated_Plots_MC/OR_xy_QRS_T-Dist_threshold_mc_dist.pdf,Results/OR_xy/Generated_Plots_MC/OR_xy_QRS_T-Dist_f1_score_mc_dist.pdf
OR_xy,QRS,Compact,qrs_Compact,not_equal,True,500,0.5246235908082703,0.04296158186482968,0.9769648857601483,0.6462372971326593,-0.7320039880730296,2.234817179974146,False,0.45842392938518867,0.13647373948051023,0.8322244155111518,0.591864722623056,0.47684659090909093,0.7517171717171715,ARVC,0.593544733044733,0.2222222222222222,1.0,0.736286002886003,0.25,1.0,0.603653541602839,0.36363636363636365,0.7692307692307693,9,12,Results/OR_xy/Generated_Plots_MC/OR_xy_QRS_Compact_tdist.pdf,Results/OR_xy/Generated_Plots_MC/OR_xy_QRS_Compact_boxplot.pdf,Results/OR_xy/Generated_Plots_MC/OR_xy_QRS_Compact_roc.pdf,Results/OR_xy/Generated_Plots_MC/OR_xy_QRS_Compact_cm.pdf,Results/OR_xy/Generated_Plots_MC/OR_xy_QRS_Compact_p_value_mc_dist.pdf,Results/OR_xy/Generated_Plots_MC/OR_xy_QRS_Compact_threshold_mc_dist.pdf,Results/OR_xy/Generated_Plots_MC/OR_xy_QRS_Compact_f1_score_mc_dist.pdf
OR_xy,QRS,Angle,qrs_Angle,not_equal,False,500,0.18468416669926332,0.0008143762300842559,0.8290385601266073,-1.9418775094943856,-4.112150566067166,0.0862723516475438,False,-98.77759857276588,-109.01681253349241,-86.53442885812645,0.7838518518518519,0.6296296296296297,0.9351851851851852,Healthy,0.765888888888889,0.5833333333333334,0.9166666666666666,0.8671666666666668,0.6666666666666666,1.0,0.8161451056647395,0.6666666666666666,0.9166666666666666,9,12,Results/OR_xy/Generated_Plots_MC/OR_xy_QRS_Angle_tdist.pdf,Results/OR_xy/Generated_Plots_MC/OR_xy_QRS_Angle_boxplot.pdf,Results/OR_xy/Generated_Plots_MC/OR_xy_QRS_Angle_roc.pdf,Results/OR_xy/Generated_Plots_MC/OR_xy_QRS_Angle_cm.pdf,Results/OR_xy/Generated_Plots_MC/OR_xy_QRS_Angle_p_value_mc_dist.pdf,Results/OR_xy/Generated_Plots_MC/OR_xy_QRS_Angle_threshold_mc_dist.pdf,Results/OR_xy/Generated_Plots_MC/OR_xy_QRS_Angle_f1_score_mc_dist.pdf
OR_xy,ST,Area,st_Area,not_equal,True,500,0.34101018620256845,0.014542830650596188,0.9328210780475558,-1.0654139896648753,-2.931056726099046,1.107340546651959,False,17.651777540809093,0.4047153942023373,48.11874538855505,0.6273654158649993,0.4325378787878788,0.8500000000000001,Healthy,0.5771768398268398,0.2,1.0,0.8447867965367966,0.3333333333333333,1.0,0.6509237294487866,0.3333333333333333,0.8571428571428571,9,12,Results/OR_xy/Generated_Plots_MC/OR_xy_ST_Area_tdist.pdf,Results/OR_xy/Generated_Plots_MC/OR_xy_ST_Area_boxplot.pdf,Results/OR_xy/Generated_Plots_MC/OR_xy_ST_Area_roc.pdf,Results/OR_xy/Generated_Plots_MC/OR_xy_ST_Area_cm.pdf,Results/OR_xy/Generated_Plots_MC/OR_xy_ST_Area_p_value_mc_dist.pdf,Results/OR_xy/Generated_Plots_MC/OR_xy_ST_Area_threshold_mc_dist.pdf,Results/OR_xy/Generated_Plots_MC/OR_xy_ST_Area_f1_score_mc_dist.pdf
OR_xy,ST,T-Dist,st_T-Dist,not_equal,True,500,0.24082217799383523,0.002799250710571056,0.9009290324964291,-1.6102573526306743,-3.6541187906507893,0.7081428429225117,False,4.595832389837532,0.18166878001519013,9.910298122297178,0.6800558762225428,0.505050505050505,0.9014583333333333,Healthy,0.6117510101010101,0.2727272727272727,1.0,0.8584169552669553,0.34772727272727305,1.0,0.6932697389332563,0.42857142857142855,0.9,9,12,Results/OR_xy/Generated_Plots_MC/OR_xy_ST_T-Dist_tdist.pdf,Results/OR_xy/Generated_Plots_MC/OR_xy_ST_T-Dist_boxplot.pdf,Results/OR_xy/Generated_Plots_MC/OR_xy_ST_T-Dist_roc.pdf,Results/OR_xy/Generated_Plots_MC/OR_xy_ST_T-Dist_cm.pdf,Results/OR_xy/Generated_Plots_MC/OR_xy_ST_T-Dist_p_value_mc_dist.pdf,Results/OR_xy/Generated_Plots_MC/OR_xy_ST_T-Dist_threshold_mc_dist.pdf,Results/OR_xy/Generated_Plots_MC/OR_xy_ST_T-Dist_f1_score_mc_dist.pdf
OR_xy,ST,Compact,st_Compact,not_equal,True,500,0.14012729402668134,0.0020833255219445887,0.6520087389561556,2.068595466472787,0.4631884455128083,4.0089714052108425,False,0.2768065001889908,0.09407467087045754,0.581503420231885,0.719422999037999,0.5098090277777778,0.9169444444444441,ARVC,0.6891140692640693,0.3333333333333333,1.0,0.8223017316017316,0.4223214285714287,1.0,0.7118463636314891,0.46153846153846156,0.8888888888888888,9,12,Results/OR_xy/Generated_Plots_MC/OR_xy_ST_Compact_tdist.pdf,Results/OR_xy/Generated_Plots_MC/OR_xy_ST_Compact_boxplot.pdf,Results/OR_xy/Generated_Plots_MC/OR_xy_ST_Compact_roc.pdf,Results/OR_xy/Generated_Plots_MC/OR_xy_ST_Compact_cm.pdf,Results/OR_xy/Generated_Plots_MC/OR_xy_ST_Compact_p_value_mc_dist.pdf,Results/OR_xy/Generated_Plots_MC/OR_xy_ST_Compact_threshold_mc_dist.pdf,Results/OR_xy/Generated_Plots_MC/OR_xy_ST_Compact_f1_score_mc_dist.pdf
OR_xy,ST,Angle,st_Angle,not_equal,False,500,0.2792682652518921,0.022695361152428276,0.8114646925258644,-1.292754967789209,-2.572212371182994,-0.24192353743545159,False,87.89339100453148,73.79745220629106,105.47738812545383,0.736037037037037,0.6111111111111112,0.8518518518518519,Healthy,0.6293888888888889,0.4166666666666667,0.75,0.9405555555555557,0.7777777777777778,1.0,0.7479053286164338,0.5882352941176471,0.8571428571428571,9,12,Results/OR_xy/Generated_Plots_MC/OR_xy_ST_Angle_tdist.pdf,Results/OR_xy/Generated_Plots_MC/OR_xy_ST_Angle_boxplot.pdf,Results/OR_xy/Generated_Plots_MC/OR_xy_ST_Angle_roc.pdf,Results/OR_xy/Generated_Plots_MC/OR_xy_ST_Angle_cm.pdf,Results/OR_xy/Generated_Plots_MC/OR_xy_ST_Angle_p_value_mc_dist.pdf,Results/OR_xy/Generated_Plots_MC/OR_xy_ST_Angle_threshold_mc_dist.pdf,Results/OR_xy/Generated_Plots_MC/OR_xy_ST_Angle_f1_score_mc_dist.pdf
F1_yz,T,Area,t_Area,not_equal,True,500,0.16109017125721017,0.06812108075021536,0.44729805512238713,-1.537637743390255,-1.9595988259060309,-0.7780932797808446,False,96.77341048208267,65.2961832890904,115.88733262867616,0.6049561642061642,0.5313762626262627,0.6666666666666667,Healthy,0.3730955710955711,0.2727272727272727,0.46153846153846156,0.994,0.8888888888888888,1.0,0.5392099660916998,0.42857142857142855,0.631578947368421,9,13,Results/F1_yz/Generated_Plots_MC/F1_yz_T_Area_tdist.pdf,Results/F1_yz/Generated_Plots_MC/F1_yz_T_Area_boxplot.pdf,Results/F1_yz/Generated_Plots_MC/F1_yz_T_Area_roc.pdf,Results/F1_yz/Generated_Plots_MC/F1_yz_T_Area_cm.pdf,Results/F1_yz/Generated_Plots_MC/F1_yz_T_Area_p_value_mc_dist.pdf,Results/F1_yz/Generated_Plots_MC/F1_yz_T_Area_threshold_mc_dist.pdf,Results/F1_yz/Generated_Plots_MC/F1_yz_T_Area_f1_score_mc_dist.pdf
F1_yz,T,T-Dist,t_T-Dist,not_equal,True,500,0.3328364239858237,0.07740541671872975,0.8479843650893982,-1.0834649862363395,-1.8768906505095015,-0.1664620171572644,False,15.610654118919475,8.654849183839596,19.176091418129484,0.6105745758870759,0.5096153846153846,0.7023504273504273,Healthy,0.431190675990676,0.3076923076923077,0.7692307692307693,0.952829143079143,0.5555555555555556,1.0,0.5803012250120757,0.47058823529411764,0.7407407407407407,9,13,Results/F1_yz/Generated_Plots_MC/F1_yz_T_T-Dist_tdist.pdf,Results/F1_yz/Generated_Plots_MC/F1_yz_T_T-Dist_boxplot.pdf,Results/F1_yz/Generated_Plots_MC/F1_yz_T_T-Dist_roc.pdf,Results/F1_yz/Generated_Plots_MC/F1_yz_T_T-Dist_cm.pdf,Results/F1_yz/Generated_Plots_MC/F1_yz_T_T-Dist_p_value_mc_dist.pdf,Results/F1_yz/Generated_Plots_MC/F1_yz_T_T-Dist_threshold_mc_dist.pdf,Results/F1_yz/Generated_Plots_MC/F1_yz_T_T-Dist_f1_score_mc_dist.pdf
F1_yz,T,Compact,t_Compact,not_equal,False,500,0.7323716786439972,0.2749713721600094,0.991908661969085,-0.10329925122319944,-1.1100381443006306,0.7139075455447028,False,0.5228536929577453,0.14352031454113462,0.9708902014802654,0.5416923076923076,0.46153846153846156,0.6324786324786325,Healthy,0.6542735042735044,0.23076923076923078,1.0,0.5945299145299145,0.15384615384615385,1.0,0.6133843997967188,0.375,0.7586206896551724,9,13,Results/F1_yz/Generated_Plots_MC/F1_yz_T_Compact_tdist.pdf,Results/F1_yz/Generated_Plots_MC/F1_yz_T_Compact_boxplot.pdf,Results/F1_yz/Generated_Plots_MC/F1_yz_T_Compact_roc.pdf,Results/F1_yz/Generated_Plots_MC/F1_yz_T_Compact_cm.pdf,Results/F1_yz/Generated_Plots_MC/F1_yz_T_Compact_p_value_mc_dist.pdf,Results/F1_yz/Generated_Plots_MC/F1_yz_T_Compact_threshold_mc_dist.pdf,Results/F1_yz/Generated_Plots_MC/F1_yz_T_Compact_f1_score_mc_dist.pdf
F1_yz,T,Angle,t_Angle,not_equal,False,500,0.6631624893166328,0.2839353331829519,0.9825140960981708,-0.35975783090343727,-1.1019580421317083,0.481228188983684,False,-21.63063802369488,-146.5052775356271,38.24049242474272,0.5573846153846154,0.4615384615384615,0.641025641025641,Healthy,0.5722905982905983,0.18632478632478702,1.0,0.672837606837607,0.15384615384615385,1.0,0.6044827808427067,0.298333333333334,0.75,9,13,Results/F1_yz/Generated_Plots_MC/F1_yz_T_Angle_tdist.pdf,Results/F1_yz/Generated_Plots_MC/F1_yz_T_Angle_boxplot.pdf,Results/F1_yz/Generated_Plots_MC/F1_yz_T_Angle_roc.pdf,Results/F1_yz/Generated_Plots_MC/F1_yz_T_Angle_cm.pdf,Results/F1_yz/Generated_Plots_MC/F1_yz_T_Angle_p_value_mc_dist.pdf,Results/F1_yz/Generated_Plots_MC/F1_yz_T_Angle_threshold_mc_dist.pdf,Results/F1_yz/Generated_Plots_MC/F1_yz_T_Angle_f1_score_mc_dist.pdf
F1_yz,QRS,Area,qrs_Area,not_equal,True,500,0.1616742263163685,0.012499556399633464,0.6521985923035527,-1.7202774439853616,-2.841936908420405,-0.3973555475511852,False,129.72804046702257,62.506521172080895,224.8985510606855,0.627357788045288,0.5156971153846155,0.7439903846153845,Healthy,0.49732261072261075,0.3076923076923077,0.6923076923076923,0.91373658008658,0.625,1.0,0.6328135807246252,0.47058823529411764,0.782608695652174,9,13,Results/F1_yz/Generated_Plots_MC/F1_yz_QRS_Area_tdist.pdf,Results/F1_yz/Generated_Plots_MC/F1_yz_QRS_Area_boxplot.pdf,Results/F1_yz/Generated_Plots_MC/F1_yz_QRS_Area_roc.pdf,Results/F1_yz/Generated_Plots_MC/F1_yz_QRS_Area_cm.pdf,Results/F1_yz/Generated_Plots_MC/F1_yz_QRS_Area_p_value_mc_dist.pdf,Results/F1_yz/Generated_Plots_MC/F1_yz_QRS_Area_threshold_mc_dist.pdf,Results/F1_yz/Generated_Plots_MC/F1_yz_QRS_Area_f1_score_mc_dist.pdf
F1_yz,QRS,T-Dist,qrs_T-Dist,not_equal,True,500,0.21536198082817082,0.01334298304030586,0.8753175898154921,-1.523260912172135,-2.8018619237781555,0.006670272075749336,False,27.10083601503972,17.917114402012025,38.87563560572085,0.6487423046398046,0.5,0.7899038461538461,Healthy,0.5419747752247752,0.3076923076923077,0.8461538461538461,0.9040051948051948,0.5555555555555556,1.0,0.662707123099402,0.47058823529411764,0.8333333333333334,9,13,Results/F1_yz/Generated_Plots_MC/F1_yz_QRS_T-Dist_tdist.pdf,Results/F1_yz/Generated_Plots_MC/F1_yz_QRS_T-Dist_boxplot.pdf,Results/F1_yz/Generated_Plots_MC/F1_yz_QRS_T-Dist_roc.pdf,Results/F1_yz/Generated_Plots_MC/F1_yz_QRS_T-Dist_cm.pdf,Results/F1_yz/Generated_Plots_MC/F1_yz_QRS_T-Dist_p_value_mc_dist.pdf,Results/F1_yz/Generated_Plots_MC/F1_yz_QRS_T-Dist_threshold_mc_dist.pdf,Results/F1_yz/Generated_Plots_MC/F1_yz_QRS_T-Dist_f1_score_mc_dist.pdf
F1_yz,QRS,Compact,qrs_Compact,not_equal,True,500,0.5841305403546084,0.04833907162146218,0.9854733890509263,-0.15882701225808885,-2.12040610790873,1.2501691290528933,False,0.4791327645513044,0.0900194338376471,1.0059703025225815,0.5718585312835311,0.4747061965811966,0.725915750915751,ARVC,0.5891317293817294,0.2222222222222222,1.0,0.7230769508269508,0.23076923076923078,1.0,0.6027200987753291,0.36363636363636365,0.8,9,13,Results/F1_yz/Generated_Plots_MC/F1_yz_QRS_Compact_tdist.pdf,Results/F1_yz/Generated_Plots_MC/F1_yz_QRS_Compact_boxplot.pdf,Results/F1_yz/Generated_Plots_MC/F1_yz_QRS_Compact_roc.pdf,Results/F1_yz/Generated_Plots_MC/F1_yz_QRS_Compact_cm.pdf,Results/F1_yz/Generated_Plots_MC/F1_yz_QRS_Compact_p_value_mc_dist.pdf,Results/F1_yz/Generated_Plots_MC/F1_yz_QRS_Compact_threshold_mc_dist.pdf,Results/F1_yz/Generated_Plots_MC/F1_yz_QRS_Compact_f1_score_mc_dist.pdf
F1_yz,QRS,Angle,qrs_Angle,not_equal,False,500,0.3126030645837962,0.062008866414210384,0.77749961118914,-1.131643291224884,-1.97977582435824,-0.28825220710108695,False,-63.158654943474964,-100.02973368888831,-26.794155293983074,0.6380683760683761,0.5555555555555556,0.7008547008547009,Healthy,0.7183076923076923,0.5384615384615384,0.8461538461538461,0.6922222222222223,0.5555555555555556,0.7777777777777778,0.7405396346814938,0.6363636363636364,0.8148148148148148,9,13,Results/F1_yz/Generated_Plots_MC/F1_yz_QRS_Angle_tdist.pdf,Results/F1_yz/Generated_Plots_MC/F1_yz_QRS_Angle_boxplot.pdf,Results/F1_yz/Generated_Plots_MC/F1_yz_QRS_Angle_roc.pdf,Results/F1_yz/Generated_Plots_MC/F1_yz_QRS_Angle_cm.pdf,Results/F1_yz/Generated_Plots_MC/F1_yz_QRS_Angle_p_value_mc_dist.pdf,Results/F1_yz/Generated_Plots_MC/F1_yz_QRS_Angle_threshold_mc_dist.pdf,Results/F1_yz/Generated_Plots_MC/F1_yz_QRS_Angle_f1_score_mc_dist.pdf
F1_yz,ST,Area,st_Area,not_equal,True,500,0.29473227442321576,0.0034980969196231736,0.9556211717814058,-1.4310330368091275,-3.672295231278716,0.7319499076213631,False,18.571917829595836,0.7254062688480264,57.741040079976074,0.6828541780750113,0.4848484848484848,0.9186553030303028,Healthy,0.6580974358974359,0.25,1.0,0.805805772005772,0.34772727272727305,1.0,0.7098147944415852,0.4,0.9090909090909091,9,13,Results/F1_yz/Generated_Plots_MC/F1_yz_ST_Area_tdist.pdf,Results/F1_yz/Generated_Plots_MC/F1_yz_ST_Area_boxplot.pdf,Results/F1_yz/Generated_Plots_MC/F1_yz_ST_Area_roc.pdf,Results/F1_yz/Generated_Plots_MC/F1_yz_ST_Area_cm.pdf,Results/F1_yz/Generated_Plots_MC/F1_yz_ST_Area_p_value_mc_dist.pdf,Results/F1_yz/Generated_Plots_MC/F1_yz_ST_Area_threshold_mc_dist.pdf,Results/F1_yz/Generated_Plots_MC/F1_yz_ST_Area_f1_score_mc_dist.pdf
F1_yz,ST,T-Dist,st_T-Dist,not_equal,True,500,0.2605651513874521,0.0020678227236519253,0.9052983800212918,-1.5453658609201608,-3.7496559577964104,0.27047059326599965,False,5.460558882936764,0.6928529234497812,9.39656884762091,0.6683603576978576,0.5,0.8803240740740741,Healthy,0.5746763847263847,0.3076923076923077,1.0,0.8987074814074815,0.40791666666666687,1.0,0.6773331605690985,0.47058823529411764,0.8797101449275357,9,13,Results/F1_yz/Generated_Plots_MC/F1_yz_ST_T-Dist_tdist.pdf,Results/F1_yz/Generated_Plots_MC/F1_yz_ST_T-Dist_boxplot.pdf,Results/F1_yz/Generated_Plots_MC/F1_yz_ST_T-Dist_roc.pdf,Results/F1_yz/Generated_Plots_MC/F1_yz_ST_T-Dist_cm.pdf,Results/F1_yz/Generated_Plots_MC/F1_yz_ST_T-Dist_p_value_mc_dist.pdf,Results/F1_yz/Generated_Plots_MC/F1_yz_ST_T-Dist_threshold_mc_dist.pdf,Results/F1_yz/Generated_Plots_MC/F1_yz_ST_T-Dist_f1_score_mc_dist.pdf
F1_yz,ST,Compact,st_Compact,not_equal,True,500,0.4136736429867818,0.008654990437435558,0.9428828981486461,-0.4333274975430334,-3.0044419322666536,1.5939747919400322,False,0.32793159459451515,0.07526618697602024,0.7501965319862326,0.592707566430483,0.4550252525252525,0.8017948717948717,ARVC,0.5608507992007992,0.2222222222222222,1.0,0.7853052725052726,0.25,1.0,0.60675685524624,0.36363636363636365,0.830603448275862,9,13,Results/F1_yz/Generated_Plots_MC/F1_yz_ST_Compact_tdist.pdf,Results/F1_yz/Generated_Plots_MC/F1_yz_ST_Compact_boxplot.pdf,Results/F1_yz/Generated_Plots_MC/F1_yz_ST_Compact_roc.pdf,Results/F1_yz/Generated_Plots_MC/F1_yz_ST_Compact_cm.pdf,Results/F1_yz/Generated_Plots_MC/F1_yz_ST_Compact_p_value_mc_dist.pdf,Results/F1_yz/Generated_Plots_MC/F1_yz_ST_Compact_threshold_mc_dist.pdf,Results/F1_yz/Generated_Plots_MC/F1_yz_ST_Compact_f1_score_mc_dist.pdf
F1_yz,ST,Angle,st_Angle,not_equal,False,500,0.6467614627979292,0.23783140955060508,0.9698489302300757,0.438163245557271,-0.3821584306874142,1.218099685330517,False,74.73774545082601,-154.6550211808267,155.8482266717774,0.5665128205128205,0.4700854700854701,0.6752136752136753,ARVC,0.6058974358974359,0.15384615384615385,0.9230769230769231,0.6567863247863248,0.2222222222222222,1.0,0.5659178185797845,0.26666666666666666,0.75,9,13,Results/F1_yz/Generated_Plots_MC/F1_yz_ST_Angle_tdist.pdf,Results/F1_yz/Generated_Plots_MC/F1_yz_ST_Angle_boxplot.pdf,Results/F1_yz/Generated_Plots_MC/F1_yz_ST_Angle_roc.pdf,Results/F1_yz/Generated_Plots_MC/F1_yz_ST_Angle_cm.pdf,Results/F1_yz/Generated_Plots_MC/F1_yz_ST_Angle_p_value_mc_dist.pdf,Results/F1_yz/Generated_Plots_MC/F1_yz_ST_Angle_threshold_mc_dist.pdf,Results/F1_yz/Generated_Plots_MC/F1_yz_ST_Angle_f1_score_mc_dist.pdf
EZ_yz,T,Area,t_Area,not_equal,True,500,0.001125670023766692,0.00030257395169000723,0.0031355564243208175,-4.185606316355735,-4.8079532955164614,-3.5576104098612733,True,40.58422582265737,25.99325586205712,56.15807404662661,0.889052435989936,0.8376068376068376,0.9340659340659341,Healthy,0.8131468531468533,0.6923076923076923,0.9230769230769231,0.9820555555555557,0.875,1.0,0.8903648671643638,0.8181818181818182,0.9230769230769231,9,13,Results/EZ_yz/Generated_Plots_MC/EZ_yz_T_Area_tdist.pdf,Results/EZ_yz/Generated_Plots_MC/EZ_yz_T_Area_boxplot.pdf,Results/EZ_yz/Generated_Plots_MC/EZ_yz_T_Area_roc.pdf,Results/EZ_yz/Generated_Plots_MC/EZ_yz_T_Area_cm.pdf,Results/EZ_yz/Generated_Plots_MC/EZ_yz_T_Area_p_value_mc_dist.pdf,Results/EZ_yz/Generated_Plots_MC/EZ_yz_T_Area_threshold_mc_dist.pdf,Results/EZ_yz/Generated_Plots_MC/EZ_yz_T_Area_f1_score_mc_dist.pdf
EZ_yz,T,T-Dist,t_T-Dist,not_equal,True,500,0.48505687451901586,0.0540008252496618,0.9680255394154724,-0.6273799325540249,-2.011691883283441,0.9150308390430143,False,14.228316160162183,6.322881510353548,21.946544459371644,0.5697755989380989,0.4622150997150998,0.7273179945054944,Healthy,0.4879788267288267,0.2222222222222222,1.0,0.8215064713064714,0.2893356643356647,1.0,0.5628055270211327,0.36363636363636365,0.7760752688172042,9,13,Results/EZ_yz/Generated_Plots_MC/EZ_yz_T_T-Dist_tdist.pdf,Results/EZ_yz/Generated_Plots_MC/EZ_yz_T_T-Dist_boxplot.pdf,Results/EZ_yz/Generated_Plots_MC/EZ_yz_T_T-Dist_roc.pdf,Results/EZ_yz/Generated_Plots_MC/EZ_yz_T_T-Dist_cm.pdf,Results/EZ_yz/Generated_Plots_MC/EZ_yz_T_T-Dist_p_value_mc_dist.pdf,Results/EZ_yz/Generated_Plots_MC/EZ_yz_T_T-Dist_threshold_mc_dist.pdf,Results/EZ_yz/Generated_Plots_MC/EZ_yz_T_T-Dist_f1_score_mc_dist.pdf
EZ_yz,T,Compact,t_Compact,not_equal,False,500,0.04529256719740767,0.00689669657039508,0.14659251026887932,-2.2690412238002087,-3.030918845640981,-1.5161647793842563,True,0.5491276365251497,0.4112376138861046,0.7762161031215771,0.7484273504273504,0.6666666666666667,0.8290598290598291,Healthy,0.7446153846153847,0.46153846153846156,0.9230769230769231,0.7717777777777778,0.5555555555555556,1.0,0.777471363628009,0.6,0.88,9,13,Results/EZ_yz/Generated_Plots_MC/EZ_yz_T_Compact_tdist.pdf,Results/EZ_yz/Generated_Plots_MC/EZ_yz_T_Compact_boxplot.pdf,Results/EZ_yz/Generated_Plots_MC/EZ_yz_T_Compact_roc.pdf,Results/EZ_yz/Generated_Plots_MC/EZ_yz_T_Compact_cm.pdf,Results/EZ_yz/Generated_Plots_MC/EZ_yz_T_Compact_p_value_mc_dist.pdf,Results/EZ_yz/Generated_Plots_MC/EZ_yz_T_Compact_threshold_mc_dist.pdf,Results/EZ_yz/Generated_Plots_MC/EZ_yz_T_Compact_f1_score_mc_dist.pdf
EZ_yz,T,Angle,t_Angle,not_equal,False,500,0.3735115700235378,0.039947746958759696,0.9391756783306054,1.0388542704040329,-0.11083262451564378,2.199839755119233,False,-21.421393035385876,-111.34953924781237,148.58256109225482,0.5507521367521367,0.4444444444444444,0.6752136752136753,ARVC,0.9302905982905983,0.38461538461538464,1.0,0.4604615384615386,0.38461538461538464,1.0,0.6831321943353306,0.5555555555555556,0.75,9,13,Results/EZ_yz/Generated_Plots_MC/EZ_yz_T_Angle_tdist.pdf,Results/EZ_yz/Generated_Plots_MC/EZ_yz_T_Angle_boxplot.pdf,Results/EZ_yz/Generated_Plots_MC/EZ_yz_T_Angle_roc.pdf,Results/EZ_yz/Generated_Plots_MC/EZ_yz_T_Angle_cm.pdf,Results/EZ_yz/Generated_Plots_MC/EZ_yz_T_Angle_p_value_mc_dist.pdf,Results/EZ_yz/Generated_Plots_MC/EZ_yz_T_Angle_threshold_mc_dist.pdf,Results/EZ_yz/Generated_Plots_MC/EZ_yz_T_Angle_f1_score_mc_dist.pdf
EZ_yz,QRS,Area,qrs_Area,not_equal,True,500,0.5685352105590064,0.07642432199419927,0.9846979531791833,0.06275151802198523,-1.2571771400419387,2.0201254235979302,False,134.1454106709628,11.096310618521102,316.2355858831184,0.552051424963925,0.4270833333333333,0.7142897727272727,Healthy,0.4772216117216117,0.16666666666666666,1.0,0.821599728049728,0.3093750000000013,1.0,0.5342117080902867,0.2857142857142857,0.8,9,13,Results/EZ_yz/Generated_Plots_MC/EZ_yz_QRS_Area_tdist.pdf,Results/EZ_yz/Generated_Plots_MC/EZ_yz_QRS_Area_boxplot.pdf,Results/EZ_yz/Generated_Plots_MC/EZ_yz_QRS_Area_roc.pdf,Results/EZ_yz/Generated_Plots_MC/EZ_yz_QRS_Area_cm.pdf,Results/EZ_yz/Generated_Plots_MC/EZ_yz_QRS_Area_p_value_mc_dist.pdf,Results/EZ_yz/Generated_Plots_MC/EZ_yz_QRS_Area_threshold_mc_dist.pdf,Results/EZ_yz/Generated_Plots_MC/EZ_yz_QRS_Area_f1_score_mc_dist.pdf
EZ_yz,QRS,T-Dist,qrs_T-Dist,not_equal,True,500,0.5986566981976047,0.1278643721413627,0.9802142298716725,-0.3151642290223965,-1.5686839038230356,1.0578207000144024,False,28.366000076284458,9.73837889777109,49.27998205467787,0.5606683552558552,0.4711538461538462,0.6832532051282051,Healthy,0.53847224997225,0.23076923076923078,1.0,0.7386080586080587,0.25,1.0,0.5756049181396979,0.375,0.8,9,13,Results/EZ_yz/Generated_Plots_MC/EZ_yz_QRS_T-Dist_tdist.pdf,Results/EZ_yz/Generated_Plots_MC/EZ_yz_QRS_T-Dist_boxplot.pdf,Results/EZ_yz/Generated_Plots_MC/EZ_yz_QRS_T-Dist_roc.pdf,Results/EZ_yz/Generated_Plots_MC/EZ_yz_QRS_T-Dist_cm.pdf,Results/EZ_yz/Generated_Plots_MC/EZ_yz_QRS_T-Dist_p_value_mc_dist.pdf,Results/EZ_yz/Generated_Plots_MC/EZ_yz_QRS_T-Dist_threshold_mc_dist.pdf,Results/EZ_yz/Generated_Plots_MC/EZ_yz_QRS_T-Dist_f1_score_mc_dist.pdf
EZ_yz,QRS,Compact,qrs_Compact,not_equal,True,500,0.4944023517800387,0.05406326495103323,0.9727757901081804,-0.6379868128061005,-2.069509614320519,0.8883454630617927,False,0.4559621497802033,0.09010953946270209,0.7927759744036745,0.5690281038406039,0.46153846153846156,0.7129807692307691,Healthy,0.5378516206016206,0.23076923076923078,1.0,0.8017484182484182,0.25,1.0,0.5942732627079471,0.375,0.7762541806020065,9,13,Results/EZ_yz/Generated_Plots_MC/EZ_yz_QRS_Compact_tdist.pdf,Results/EZ_yz/Generated_Plots_MC/EZ_yz_QRS_Compact_boxplot.pdf,Results/EZ_yz/Generated_Plots_MC/EZ_yz_QRS_Compact_roc.pdf,Results/EZ_yz/Generated_Plots_MC/EZ_yz_QRS_Compact_cm.pdf,Results/EZ_yz/Generated_Plots_MC/EZ_yz_QRS_Compact_p_value_mc_dist.pdf,Results/EZ_yz/Generated_Plots_MC/EZ_yz_QRS_Compact_threshold_mc_dist.pdf,Results/EZ_yz/Generated_Plots_MC/EZ_yz_QRS_Compact_f1_score_mc_dist.pdf
EZ_yz,QRS,Angle,qrs_Angle,not_equal,False,500,0.15131773617779576,0.013040738901272162,0.4779220911081193,1.6735955152023567,0.7240049580127227,2.740041930706224,False,42.41145368093246,-112.65354161040317,112.66370664028955,0.6557264957264957,0.5213675213675213,0.7692307692307693,ARVC,0.7904444444444446,0.6666666666666666,1.0,0.6863076923076924,0.5384615384615384,0.8461538461538461,0.7049253495806477,0.631578947368421,0.7777777777777778,9,13,Results/EZ_yz/Generated_Plots_MC/EZ_yz_QRS_Angle_tdist.pdf,Results/EZ_yz/Generated_Plots_MC/EZ_yz_QRS_Angle_boxplot.pdf,Results/EZ_yz/Generated_Plots_MC/EZ_yz_QRS_Angle_roc.pdf,Results/EZ_yz/Generated_Plots_MC/EZ_yz_QRS_Angle_cm.pdf,Results/EZ_yz/Generated_Plots_MC/EZ_yz_QRS_Angle_p_value_mc_dist.pdf,Results/EZ_yz/Generated_Plots_MC/EZ_yz_QRS_Angle_threshold_mc_dist.pdf,Results/EZ_yz/Generated_Plots_MC/EZ_yz_QRS_Angle_f1_score_mc_dist.pdf
EZ_yz,ST,Area,st_Area,not_equal,True,500,0.22900464655685526,0.0010951373056689465,0.9391894809643266,-1.7392877067177448,-4.1455251564552436,0.9397078182226419,False,17.418362772545493,1.5835379629790598,69.73435532431027,0.6776507141007141,0.4285714285714286,0.9130681818181816,Healthy,0.6413364246864248,0.25,1.0,0.8719004384504384,0.3333333333333333,1.0,0.7226006363829058,0.4,0.9090909090909091,9,13,Results/EZ_yz/Generated_Plots_MC/EZ_yz_ST_Area_tdist.pdf,Results/EZ_yz/Generated_Plots_MC/EZ_yz_ST_Area_boxplot.pdf,Results/EZ_yz/Generated_Plots_MC/EZ_yz_ST_Area_roc.pdf,Results/EZ_yz/Generated_Plots_MC/EZ_yz_ST_Area_cm.pdf,Results/EZ_yz/Generated_Plots_MC/EZ_yz_ST_Area_p_value_mc_dist.pdf,Results/EZ_yz/Generated_Plots_MC/EZ_yz_ST_Area_threshold_mc_dist.pdf,Results/EZ_yz/Generated_Plots_MC/EZ_yz_ST_Area_f1_score_mc_dist.pdf
EZ_yz,ST,T-Dist,st_T-Dist,not_equal,True,500,0.31555356900042186,0.0036625185668035893,0.9519639279835145,-1.2974045206835199,-3.464153021750103,0.7803614002536828,False,4.351668053048043,0.013349245478859725,9.785793704826597,0.652972167523834,0.46893325617283954,0.8656770833333333,Healthy,0.6012822899322899,0.25,1.0,0.8430471472971474,0.3333333333333333,1.0,0.6769023510245047,0.4,0.8750434782608694,9,13,Results/EZ_yz/Generated_Plots_MC/EZ_yz_ST_T-Dist_tdist.pdf,Results/EZ_yz/Generated_Plots_MC/EZ_yz_ST_T-Dist_boxplot.pdf,Results/EZ_yz/Generated_Plots_MC/EZ_yz_ST_T-Dist_roc.pdf,Results/EZ_yz/Generated_Plots_MC/EZ_yz_ST_T-Dist_cm.pdf,Results/EZ_yz/Generated_Plots_MC/EZ_yz_ST_T-Dist_p_value_mc_dist.pdf,Results/EZ_yz/Generated_Plots_MC/EZ_yz_ST_T-Dist_threshold_mc_dist.pdf,Results/EZ_yz/Generated_Plots_MC/EZ_yz_ST_T-Dist_f1_score_mc_dist.pdf
EZ_yz,ST,Compact,st_Compact,not_equal,True,500,0.36619220618450643,0.027385159463421335,0.9583208409938091,1.0575395768053941,-0.33412313238527636,2.417275054612031,False,0.3736714579048556,0.09296666858908813,0.5922643375258059,0.6269590141340142,0.4814814814814815,0.797979797979798,ARVC,0.5697790265290265,0.3076923076923077,1.0,0.8194479298479298,0.3333333333333333,1.0,0.621321907346442,0.42857142857142855,0.8,9,13,Results/EZ_yz/Generated_Plots_MC/EZ_yz_ST_Compact_tdist.pdf,Results/EZ_yz/Generated_Plots_MC/EZ_yz_ST_Compact_boxplot.pdf,Results/EZ_yz/Generated_Plots_MC/EZ_yz_ST_Compact_roc.pdf,Results/EZ_yz/Generated_Plots_MC/EZ_yz_ST_Compact_cm.pdf,Results/EZ_yz/Generated_Plots_MC/EZ_yz_ST_Compact_p_value_mc_dist.pdf,Results/EZ_yz/Generated_Plots_MC/EZ_yz_ST_Compact_threshold_mc_dist.pdf,Results/EZ_yz/Generated_Plots_MC/EZ_yz_ST_Compact_f1_score_mc_dist.pdf
EZ_yz,ST,Angle,st_Angle,not_equal,False,500,0.6313061557715971,0.20109423327235343,0.9852536246515443,-0.43360143014774427,-1.3538606140953908,0.4519867736912037,False,18.205014024755968,-33.69060232328747,177.64488901596755,0.6236923076923079,0.3162393162393162,0.8034188034188035,Healthy,0.7557094017094018,0.2222222222222222,1.0,0.7092478632478633,0.4444444444444444,1.0,0.7321237337474045,0.3333333333333333,0.896551724137931,9,13,Results/EZ_yz/Generated_Plots_MC/EZ_yz_ST_Angle_tdist.pdf,Results/EZ_yz/Generated_Plots_MC/EZ_yz_ST_Angle_boxplot.pdf,Results/EZ_yz/Generated_Plots_MC/EZ_yz_ST_Angle_roc.pdf,Results/EZ_yz/Generated_Plots_MC/EZ_yz_ST_Angle_cm.pdf,Results/EZ_yz/Generated_Plots_MC/EZ_yz_ST_Angle_p_value_mc_dist.pdf,Results/EZ_yz/Generated_Plots_MC/EZ_yz_ST_Angle_threshold_mc_dist.pdf,Results/EZ_yz/Generated_Plots_MC/EZ_yz_ST_Angle_f1_score_mc_dist.pdf
OX_xy,T,Area,t_Area,not_equal,True,500,0.001455205366310521,3.706768588194164e-05,0.007659420662912028,-4.7987301177816315,-6.7301916651465685,-3.3069900949649744,True,1.4846970456232567,0.8263139762037307,2.5116967481693773,0.9406089466089466,0.8311688311688311,1.0,Healthy,0.8763535353535352,0.7272727272727273,1.0,0.9965714285714287,1.0,1.0,0.9315175667992737,0.8421052631578947,1.0,7,12,Results/OX_xy/Generated_Plots_MC/OX_xy_T_Area_tdist.pdf,Results/OX_xy/Generated_Plots_MC/OX_xy_T_Area_boxplot.pdf,Results/OX_xy/Generated_Plots_MC/OX_xy_T_Area_roc.pdf,Results/OX_xy/Generated_Plots_MC/OX_xy_T_Area_cm.pdf,Results/OX_xy/Generated_Plots_MC/OX_xy_T_Area_p_value_mc_dist.pdf,Results/OX_xy/Generated_Plots_MC/OX_xy_T_Area_threshold_mc_dist.pdf,Results/OX_xy/Generated_Plots_MC/OX_xy_T_Area_f1_score_mc_dist.pdf
OX_xy,T,T-Dist,t_T-Dist,not_equal,True,500,0.052189704224265644,0.005797334751472159,0.2216278279263738,-2.3611205759584464,-3.235185258258701,-1.2750638902396478,False,12.996114978273566,9.921017000015611,17.05750290718168,0.7601512987012986,0.653720238095238,0.8690476190476191,Healthy,0.6270191919191921,0.45454545454545453,0.8333333333333334,0.9538095238095239,0.7142857142857143,1.0,0.7535545311721527,0.625,0.8695652173913043,7,12,Results/OX_xy/Generated_Plots_MC/OX_xy_T_T-Dist_tdist.pdf,Results/OX_xy/Generated_Plots_MC/OX_xy_T_T-Dist_boxplot.pdf,Results/OX_xy/Generated_Plots_MC/OX_xy_T_T-Dist_roc.pdf,Results/OX_xy/Generated_Plots_MC/OX_xy_T_T-Dist_cm.pdf,Results/OX_xy/Generated_Plots_MC/OX_xy_T_T-Dist_p_value_mc_dist.pdf,Results/OX_xy/Generated_Plots_MC/OX_xy_T_T-Dist_threshold_mc_dist.pdf,Results/OX_xy/Generated_Plots_MC/OX_xy_T_T-Dist_f1_score_mc_dist.pdf
OX_xy,T,Compact,t_Compact,not_equal,False,500,0.13949740438960584,0.04632062779364007,0.33917936113003444,-1.6512221480798304,-2.220351894625515,-0.9868228766394055,False,0.05752914755659483,0.015908169943856305,0.10338403693786828,0.6587857142857143,0.5357142857142857,0.7857142857142857,Healthy,0.5096666666666667,0.3333333333333333,0.9166666666666666,0.9062857142857144,0.5714285714285714,1.0,0.6417449014524379,0.5,0.8461538461538461,7,12,Results/OX_xy/Generated_Plots_MC/OX_xy_T_Compact_tdist.pdf,Results/OX_xy/Generated_Plots_MC/OX_xy_T_Compact_boxplot.pdf,Results/OX_xy/Generated_Plots_MC/OX_xy_T_Compact_roc.pdf,Results/OX_xy/Generated_Plots_MC/OX_xy_T_Compact_cm.pdf,Results/OX_xy/Generated_Plots_MC/OX_xy_T_Compact_p_value_mc_dist.pdf,Results/OX_xy/Generated_Plots_MC/OX_xy_T_Compact_threshold_mc_dist.pdf,Results/OX_xy/Generated_Plots_MC/OX_xy_T_Compact_f1_score_mc_dist.pdf
OX_xy,T,Angle,t_Angle,not_equal,False,500,0.5167825739578233,0.34015301319169844,0.7443051303881956,-0.6769489177729542,-0.98898630030733,-0.33434718516400913,False,88.98081252141068,-45.13646170544984,135.29266022163603,0.6068095238095238,0.5238095238095237,0.6666666666666666,Healthy,0.5201666666666667,0.25,1.0,0.7871428571428571,0.2857142857142857,1.0,0.6205750847803851,0.4,0.8275862068965517,7,12,Results/OX_xy/Generated_Plots_MC/OX_xy_T_Angle_tdist.pdf,Results/OX_xy/Generated_Plots_MC/OX_xy_T_Angle_boxplot.pdf,Results/OX_xy/Generated_Plots_MC/OX_xy_T_Angle_roc.pdf,Results/OX_xy/Generated_Plots_MC/OX_xy_T_Angle_cm.pdf,Results/OX_xy/Generated_Plots_MC/OX_xy_T_Angle_p_value_mc_dist.pdf,Results/OX_xy/Generated_Plots_MC/OX_xy_T_Angle_threshold_mc_dist.pdf,Results/OX_xy/Generated_Plots_MC/OX_xy_T_Angle_f1_score_mc_dist.pdf
OX_xy,QRS,Area,qrs_Area,not_equal,True,500,0.4079484423695936,0.11901873694277808,0.9368002048894808,0.93102963926654,-0.18220546438665455,1.7861961926098286,False,9.771540713759565,1.829312307780682,18.800416540954835,0.5675188071188071,0.44556818181818186,0.6815972222222222,ARVC,0.47035584415584414,0.16666666666666666,0.8333333333333334,0.893862481962482,0.5,1.0,0.5738296775730414,0.2857142857142857,0.782608695652174,7,12,Results/OX_xy/Generated_Plots_MC/OX_xy_QRS_Area_tdist.pdf,Results/OX_xy/Generated_Plots_MC/OX_xy_QRS_Area_boxplot.pdf,Results/OX_xy/Generated_Plots_MC/OX_xy_QRS_Area_roc.pdf,Results/OX_xy/Generated_Plots_MC/OX_xy_QRS_Area_cm.pdf,Results/OX_xy/Generated_Plots_MC/OX_xy_QRS_Area_p_value_mc_dist.pdf,Results/OX_xy/Generated_Plots_MC/OX_xy_QRS_Area_threshold_mc_dist.pdf,Results/OX_xy/Generated_Plots_MC/OX_xy_QRS_Area_f1_score_mc_dist.pdf
OX_xy,QRS,T-Dist,qrs_T-Dist,not_equal,True,500,0.5879215447162723,0.10771739739427807,0.9862485137013317,-0.051689397094883405,-1.6230245009794733,1.349079932767589,False,21.006096528013437,5.073211045608073,45.07809694009614,0.5717396681096681,0.4708964646464647,0.7142857142857143,ARVC,0.5544870129870131,0.16666666666666666,0.9166666666666666,0.7589116883116883,0.3333333333333333,1.0,0.575592762199537,0.2857142857142857,0.7762541806020065,7,12,Results/OX_xy/Generated_Plots_MC/OX_xy_QRS_T-Dist_tdist.pdf,Results/OX_xy/Generated_Plots_MC/OX_xy_QRS_T-Dist_boxplot.pdf,Results/OX_xy/Generated_Plots_MC/OX_xy_QRS_T-Dist_roc.pdf,Results/OX_xy/Generated_Plots_MC/OX_xy_QRS_T-Dist_cm.pdf,Results/OX_xy/Generated_Plots_MC/OX_xy_QRS_T-Dist_p_value_mc_dist.pdf,Results/OX_xy/Generated_Plots_MC/OX_xy_QRS_T-Dist_threshold_mc_dist.pdf,Results/OX_xy/Generated_Plots_MC/OX_xy_QRS_T-Dist_f1_score_mc_dist.pdf
OX_xy,QRS,Compact,qrs_Compact,not_equal,True,500,0.5072012809641081,0.04252663167399253,0.9817660425369072,-0.25103865936563935,-2.06308038636577,1.8114081569527845,False,0.08047041337489771,0.029474012476917968,0.19256172766802487,0.5894898917748919,0.42407142857142865,0.7819444444444442,Healthy,0.5960756132756132,0.2,1.0,0.7679878066378066,0.2727272727272727,1.0,0.6126752412531656,0.3333333333333333,0.8333333333333334,7,12,Results/OX_xy/Generated_Plots_MC/OX_xy_QRS_Compact_tdist.pdf,Results/OX_xy/Generated_Plots_MC/OX_xy_QRS_Compact_boxplot.pdf,Results/OX_xy/Generated_Plots_MC/OX_xy_QRS_Compact_roc.pdf,Results/OX_xy/Generated_Plots_MC/OX_xy_QRS_Compact_cm.pdf,Results/OX_xy/Generated_Plots_MC/OX_xy_QRS_Compact_p_value_mc_dist.pdf,Results/OX_xy/Generated_Plots_MC/OX_xy_QRS_Compact_threshold_mc_dist.pdf,Results/OX_xy/Generated_Plots_MC/OX_xy_QRS_Compact_f1_score_mc_dist.pdf
OX_xy,QRS,Angle,qrs_Angle,not_equal,False,500,0.02860047365409754,0.005830147276201762,0.10537053639107702,-2.639303588487712,-3.34801960053067,-1.7352671839290434,True,4.8212196727145935,-44.99171579287596,115.16976992233354,0.7017380952380953,0.5476190476190477,0.8452380952380951,Healthy,0.5853333333333333,0.4166666666666667,0.8770833333333314,0.944,0.7142857142857143,1.0,0.7156933209904914,0.5882352941176471,0.8750434782608694,7,12,Results/OX_xy/Generated_Plots_MC/OX_xy_QRS_Angle_tdist.pdf,Results/OX_xy/Generated_Plots_MC/OX_xy_QRS_Angle_boxplot.pdf,Results/OX_xy/Generated_Plots_MC/OX_xy_QRS_Angle_roc.pdf,Results/OX_xy/Generated_Plots_MC/OX_xy_QRS_Angle_cm.pdf,Results/OX_xy/Generated_Plots_MC/OX_xy_QRS_Angle_p_value_mc_dist.pdf,Results/OX_xy/Generated_Plots_MC/OX_xy_QRS_Angle_threshold_mc_dist.pdf,Results/OX_xy/Generated_Plots_MC/OX_xy_QRS_Angle_f1_score_mc_dist.pdf
OX_xy,ST,Area,st_Area,not_equal,True,500,0.17823489272646806,0.000523094051850298,0.8526860122649147,-2.182331788825143,-4.660511674026381,0.10222200178275026,False,1.4616232554375785,0.6154182658830258,3.0047516698915024,0.7449855459355459,0.5416666666666667,0.9517361111111108,Healthy,0.7615291486291486,0.5,1.0,0.8538259740259742,0.5714285714285714,1.0,0.819163169493494,0.631578947368421,0.9565217391304348,7,12,Results/OX_xy/Generated_Plots_MC/OX_xy_ST_Area_tdist.pdf,Results/OX_xy/Generated_Plots_MC/OX_xy_ST_Area_boxplot.pdf,Results/OX_xy/Generated_Plots_MC/OX_xy_ST_Area_roc.pdf,Results/OX_xy/Generated_Plots_MC/OX_xy_ST_Area_cm.pdf,Results/OX_xy/Generated_Plots_MC/OX_xy_ST_Area_p_value_mc_dist.pdf,Results/OX_xy/Generated_Plots_MC/OX_xy_ST_Area_threshold_mc_dist.pdf,Results/OX_xy/Generated_Plots_MC/OX_xy_ST_Area_f1_score_mc_dist.pdf
OX_xy,ST,T-Dist,st_T-Dist,not_equal,True,500,0.20747076470656464,0.00023894634024658996,0.927022439070768,-1.9584731208533603,-4.835370196324502,0.1378046197680456,False,4.9739387596848355,1.1849822052565784,9.850365980210228,0.7392239898989899,0.5119047619047619,0.948611111111111,Healthy,0.7460634920634921,0.4,1.0,0.8019544011544011,0.42857142857142855,1.0,0.7870233228330432,0.5333333333333333,0.9565217391304348,7,12,Results/OX_xy/Generated_Plots_MC/OX_xy_ST_T-Dist_tdist.pdf,Results/OX_xy/Generated_Plots_MC/OX_xy_ST_T-Dist_boxplot.pdf,Results/OX_xy/Generated_Plots_MC/OX_xy_ST_T-Dist_roc.pdf,Results/OX_xy/Generated_Plots_MC/OX_xy_ST_T-Dist_cm.pdf,Results/OX_xy/Generated_Plots_MC/OX_xy_ST_T-Dist_p_value_mc_dist.pdf,Results/OX_xy/Generated_Plots_MC/OX_xy_ST_T-Dist_threshold_mc_dist.pdf,Results/OX_xy/Generated_Plots_MC/OX_xy_ST_T-Dist_f1_score_mc_dist.pdf
OX_xy,ST,Compact,st_Compact,not_equal,True,500,0.1855293554134946,0.031203509344995682,0.7220098210767504,1.6807948554734309,0.22556515166630464,2.6759672792017524,False,0.07977792241529726,0.021859787419235045,0.21932179453925232,0.7264587638287637,0.5454545454545454,0.8714285714285714,ARVC,0.6822069264069264,0.3333333333333333,1.0,0.8060868686868686,0.36363636363636365,1.0,0.6738851891314739,0.4444444444444444,0.8333333333333334,7,12,Results/OX_xy/Generated_Plots_MC/OX_xy_ST_Compact_tdist.pdf,Results/OX_xy/Generated_Plots_MC/OX_xy_ST_Compact_boxplot.pdf,Results/OX_xy/Generated_Plots_MC/OX_xy_ST_Compact_roc.pdf,Results/OX_xy/Generated_Plots_MC/OX_xy_ST_Compact_cm.pdf,Results/OX_xy/Generated_Plots_MC/OX_xy_ST_Compact_p_value_mc_dist.pdf,Results/OX_xy/Generated_Plots_MC/OX_xy_ST_Compact_threshold_mc_dist.pdf,Results/OX_xy/Generated_Plots_MC/OX_xy_ST_Compact_f1_score_mc_dist.pdf
OX_xy,ST,Angle,st_Angle,not_equal,False,500,0.5175631803937272,0.2287904840983895,0.960467614783599,0.6967900367872294,-0.011588992990223534,1.2750548466718226,False,109.59297851016854,-44.36924982646935,135.11173995950875,0.5503095238095237,0.4166666666666667,0.6729166666666664,ARVC,0.6567857142857142,0.42857142857142855,0.8883928571428558,0.6543809523809524,0.42857142857142855,0.8333333333333334,0.589623650917208,0.5,0.7778846153846151,7,12,Results/OX_xy/Generated_Plots_MC/OX_xy_ST_Angle_tdist.pdf,Results/OX_xy/Generated_Plots_MC/OX_xy_ST_Angle_boxplot.pdf,Results/OX_xy/Generated_Plots_MC/OX_xy_ST_Angle_roc.pdf,Results/OX_xy/Generated_Plots_MC/OX_xy_ST_Angle_cm.pdf,Results/OX_xy/Generated_Plots_MC/OX_xy_ST_Angle_p_value_mc_dist.pdf,Results/OX_xy/Generated_Plots_MC/OX_xy_ST_Angle_threshold_mc_dist.pdf,Results/OX_xy/Generated_Plots_MC/OX_xy_ST_Angle_f1_score_mc_dist.pdf
OW_yz,T,Area,t_Area,not_equal,True,500,0.009968925013832461,0.004862787705016179,0.018611523309316983,-3.1034485745868197,-3.4391904213731714,-2.7489671507203726,True,15.967096270863506,8.72783336681017,26.411684545340353,0.8759599192474193,0.7799879807692308,0.9600160256410256,Healthy,0.7626832167832169,0.6,0.9230769230769231,0.9806071428571429,0.8571428571428571,1.0,0.8573126438282282,0.75,0.9432453416149063,8,13,Results/OW_yz/Generated_Plots_MC/OW_yz_T_Area_tdist.pdf,Results/OW_yz/Generated_Plots_MC/OW_yz_T_Area_boxplot.pdf,Results/OW_yz/Generated_Plots_MC/OW_yz_T_Area_roc.pdf,Results/OW_yz/Generated_Plots_MC/OW_yz_T_Area_cm.pdf,Results/OW_yz/Generated_Plots_MC/OW_yz_T_Area_p_value_mc_dist.pdf,Results/OW_yz/Generated_Plots_MC/OW_yz_T_Area_threshold_mc_dist.pdf,Results/OW_yz/Generated_Plots_MC/OW_yz_T_Area_f1_score_mc_dist.pdf
OW_yz,T,T-Dist,t_T-Dist,not_equal,True,500,0.25554346716551574,0.019463631001978635,0.9021963835845833,-1.3806197371924345,-2.618530504190407,0.3644812413505293,False,9.794993938216024,4.1496924485773325,16.686366788288392,0.6077255813630813,0.46153846153846156,0.7567948717948718,Healthy,0.4890450715950716,0.25,0.9002403846153836,0.9153966089466089,0.5,1.0,0.6142154855487568,0.4,0.8,8,13,Results/OW_yz/Generated_Plots_MC/OW_yz_T_T-Dist_tdist.pdf,Results/OW_yz/Generated_Plots_MC/OW_yz_T_T-Dist_boxplot.pdf,Results/OW_yz/Generated_Plots_MC/OW_yz_T_T-Dist_roc.pdf,Results/OW_yz/Generated_Plots_MC/OW_yz_T_T-Dist_cm.pdf,Results/OW_yz/Generated_Plots_MC/OW_yz_T_T-Dist_p_value_mc_dist.pdf,Results/OW_yz/Generated_Plots_MC/OW_yz_T_T-Dist_threshold_mc_dist.pdf,Results/OW_yz/Generated_Plots_MC/OW_yz_T_T-Dist_f1_score_mc_dist.pdf
OW_yz,T,Compact,t_Compact,not_equal,False,500,0.1527812151906302,0.009829751977930533,0.4796788240864247,-1.6904382003708391,-2.8886436538831903,-0.7232066755720354,False,0.6011671504441093,0.3648235338675443,0.9078118006987408,0.6974615384615385,0.5961538461538461,0.7980769230769231,Healthy,0.6775384615384615,0.46153846153846156,0.8461538461538461,0.8315,0.625,1.0,0.7550038925459358,0.6,0.8461538461538461,8,13,Results/OW_yz/Generated_Plots_MC/OW_yz_T_Compact_tdist.pdf,Results/OW_yz/Generated_Plots_MC/OW_yz_T_Compact_boxplot.pdf,Results/OW_yz/Generated_Plots_MC/OW_yz_T_Compact_roc.pdf,Results/OW_yz/Generated_Plots_MC/OW_yz_T_Compact_cm.pdf,Results/OW_yz/Generated_Plots_MC/OW_yz_T_Compact_p_value_mc_dist.pdf,Results/OW_yz/Generated_Plots_MC/OW_yz_T_Compact_threshold_mc_dist.pdf,Results/OW_yz/Generated_Plots_MC/OW_yz_T_Compact_f1_score_mc_dist.pdf
OW_yz,T,Angle,t_Angle,not_equal,False,500,0.374935069413822,0.04295749209826859,0.9471619165375803,-1.0311797235767846,-2.1865659342666444,0.03022255812413495,False,50.290291165930114,-142.81912558768178,148.30891382083365,0.596,0.49038461538461536,0.697355769230769,Healthy,0.4325576923076923,0.23076923076923078,1.0,0.8824230769230769,0.25,1.0,0.553839809039977,0.375,0.8125,8,13,Results/OW_yz/Generated_Plots_MC/OW_yz_T_Angle_tdist.pdf,Results/OW_yz/Generated_Plots_MC/OW_yz_T_Angle_boxplot.pdf,Results/OW_yz/Generated_Plots_MC/OW_yz_T_Angle_roc.pdf,Results/OW_yz/Generated_Plots_MC/OW_yz_T_Angle_cm.pdf,Results/OW_yz/Generated_Plots_MC/OW_yz_T_Angle_p_value_mc_dist.pdf,Results/OW_yz/Generated_Plots_MC/OW_yz_T_Angle_threshold_mc_dist.pdf,Results/OW_yz/Generated_Plots_MC/OW_yz_T_Angle_f1_score_mc_dist.pdf
OW_yz,QRS,Area,qrs_Area,not_equal,True,500,0.04212414468486947,0.005052449848435092,0.24488579639116748,-2.5680468464940853,-3.474051173745687,-1.2136820295073223,True,31.01053386179116,16.25586264655914,54.60741409783173,0.7807702441077441,0.6290740740740741,0.9166666666666666,Healthy,0.6844202020202019,0.5,0.8333333333333334,0.9600714285714286,0.7312500000000004,1.0,0.7979225924902934,0.6666666666666666,0.9090909090909091,8,13,Results/OW_yz/Generated_Plots_MC/OW_yz_QRS_Area_tdist.pdf,Results/OW_yz/Generated_Plots_MC/OW_yz_QRS_Area_boxplot.pdf,Results/OW_yz/Generated_Plots_MC/OW_yz_QRS_Area_roc.pdf,Results/OW_yz/Generated_Plots_MC/OW_yz_QRS_Area_cm.pdf,Results/OW_yz/Generated_Plots_MC/OW_yz_QRS_Area_p_value_mc_dist.pdf,Results/OW_yz/Generated_Plots_MC/OW_yz_QRS_Area_threshold_mc_dist.pdf,Results/OW_yz/Generated_Plots_MC/OW_yz_QRS_Area_f1_score_mc_dist.pdf
OW_yz,QRS,T-Dist,qrs_T-Dist,not_equal,True,500,0.038853893003005284,3.384449672348773e-05,0.3242774641261942,-3.21164743899542,-5.9314427614172995,-1.0270461749575626,True,12.79630597142268,8.654572422086868,23.305047449895294,0.8526186299811299,0.6793323863636364,1.0,Healthy,0.8981962703962704,0.5985576923076926,1.0,0.7993809523809523,0.625,1.0,0.8840930682521129,0.7368421052631579,1.0,8,13,Results/OW_yz/Generated_Plots_MC/OW_yz_QRS_T-Dist_tdist.pdf,Results/OW_yz/Generated_Plots_MC/OW_yz_QRS_T-Dist_boxplot.pdf,Results/OW_yz/Generated_Plots_MC/OW_yz_QRS_T-Dist_roc.pdf,Results/OW_yz/Generated_Plots_MC/OW_yz_QRS_T-Dist_cm.pdf,Results/OW_yz/Generated_Plots_MC/OW_yz_QRS_T-Dist_p_value_mc_dist.pdf,Results/OW_yz/Generated_Plots_MC/OW_yz_QRS_T-Dist_threshold_mc_dist.pdf,Results/OW_yz/Generated_Plots_MC/OW_yz_QRS_T-Dist_f1_score_mc_dist.pdf
OW_yz,QRS,Compact,qrs_Compact,not_equal,True,500,0.38479381989135547,0.054342349304869114,0.9159157888605632,1.0011042324343138,-0.0723941881034166,2.1395911618555257,False,0.6617203069381573,0.2326774432493901,0.9369900501221418,0.6344420773670775,0.5074519230769231,0.7646634615384613,ARVC,0.5705787545787546,0.25,0.875,0.8249902597402597,0.38461538461538464,1.0,0.6129441471756184,0.4,0.7692307692307693,8,13,Results/OW_yz/Generated_Plots_MC/OW_yz_QRS_Compact_tdist.pdf,Results/OW_yz/Generated_Plots_MC/OW_yz_QRS_Compact_boxplot.pdf,Results/OW_yz/Generated_Plots_MC/OW_yz_QRS_Compact_roc.pdf,Results/OW_yz/Generated_Plots_MC/OW_yz_QRS_Compact_cm.pdf,Results/OW_yz/Generated_Plots_MC/OW_yz_QRS_Compact_p_value_mc_dist.pdf,Results/OW_yz/Generated_Plots_MC/OW_yz_QRS_Compact_threshold_mc_dist.pdf,Results/OW_yz/Generated_Plots_MC/OW_yz_QRS_Compact_f1_score_mc_dist.pdf
OW_yz,QRS,Angle,qrs_Angle,not_equal,False,500,0.6514340538695987,0.36613830204610426,0.9757321297864339,0.46690307546343685,-0.036888998112475584,0.9315620040840571,False,-107.9396533448327,-144.37772949794228,-60.302512956271485,0.6241153846153845,0.47115384615384615,0.7403846153846154,ARVC,0.7430192307692307,0.38461538461538464,0.875,0.6928653846153845,0.5384615384615384,0.7692307692307693,0.6622245015298731,0.5,0.7777777777777778,8,13,Results/OW_yz/Generated_Plots_MC/OW_yz_QRS_Angle_tdist.pdf,Results/OW_yz/Generated_Plots_MC/OW_yz_QRS_Angle_boxplot.pdf,Results/OW_yz/Generated_Plots_MC/OW_yz_QRS_Angle_roc.pdf,Results/OW_yz/Generated_Plots_MC/OW_yz_QRS_Angle_cm.pdf,Results/OW_yz/Generated_Plots_MC/OW_yz_QRS_Angle_p_value_mc_dist.pdf,Results/OW_yz/Generated_Plots_MC/OW_yz_QRS_Angle_threshold_mc_dist.pdf,Results/OW_yz/Generated_Plots_MC/OW_yz_QRS_Angle_f1_score_mc_dist.pdf
OW_yz,ST,Area,st_Area,not_equal,True,500,0.04192834042063331,0.0006022905976481202,0.26282603030725915,-2.9178219676648625,-4.759813586637743,-1.1838609908621942,True,8.540855670975667,3.094464145664534,23.15416485049331,0.788079217079217,0.5694444444444444,0.9393939393939393,Healthy,0.7380328671328671,0.5,0.9166666666666666,0.984247619047619,0.8333333333333334,1.0,0.8398729061154367,0.6666666666666666,0.9565217391304348,8,13,Results/OW_yz/Generated_Plots_MC/OW_yz_ST_Area_tdist.pdf,Results/OW_yz/Generated_Plots_MC/OW_yz_ST_Area_boxplot.pdf,Results/OW_yz/Generated_Plots_MC/OW_yz_ST_Area_roc.pdf,Results/OW_yz/Generated_Plots_MC/OW_yz_ST_Area_cm.pdf,Results/OW_yz/Generated_Plots_MC/OW_yz_ST_Area_p_value_mc_dist.pdf,Results/OW_yz/Generated_Plots_MC/OW_yz_ST_Area_threshold_mc_dist.pdf,Results/OW_yz/Generated_Plots_MC/OW_yz_ST_Area_f1_score_mc_dist.pdf
OW_yz,ST,T-Dist,st_T-Dist,not_equal,True,500,0.2072741268165226,0.0007850960835023518,0.8692060203843042,-1.8595494749998938,-4.146710958964709,0.2804373419817184,False,4.581674597798836,0.3276045609107016,9.911974710816274,0.7013172202797202,0.4880952380952381,0.8939393939393939,Healthy,0.6404271339771339,0.3333333333333333,1.0,0.8741556443556443,0.40791666666666687,1.0,0.729613685437112,0.48455882352941204,0.9047727272727271,8,13,Results/OW_yz/Generated_Plots_MC/OW_yz_ST_T-Dist_tdist.pdf,Results/OW_yz/Generated_Plots_MC/OW_yz_ST_T-Dist_boxplot.pdf,Results/OW_yz/Generated_Plots_MC/OW_yz_ST_T-Dist_roc.pdf,Results/OW_yz/Generated_Plots_MC/OW_yz_ST_T-Dist_cm.pdf,Results/OW_yz/Generated_Plots_MC/OW_yz_ST_T-Dist_p_value_mc_dist.pdf,Results/OW_yz/Generated_Plots_MC/OW_yz_ST_T-Dist_threshold_mc_dist.pdf,Results/OW_yz/Generated_Plots_MC/OW_yz_ST_T-Dist_f1_score_mc_dist.pdf
OW_yz,ST,Compact,st_Compact,not_equal,True,500,0.5654728254057038,0.03674393856304479,0.978160593247294,-0.22428875363606654,-2.2348753177936596,1.1534791193905742,False,0.2802490224909315,0.053097234962287396,0.5965576390698712,0.5744398538961039,0.46590909090909094,0.7640109890109887,Healthy,0.5891198967698968,0.25,1.0,0.7315143689643689,0.27889610389610403,1.0,0.612343798997405,0.36363636363636365,0.8181818181818182,8,13,Results/OW_yz/Generated_Plots_MC/OW_yz_ST_Compact_tdist.pdf,Results/OW_yz/Generated_Plots_MC/OW_yz_ST_Compact_boxplot.pdf,Results/OW_yz/Generated_Plots_MC/OW_yz_ST_Compact_roc.pdf,Results/OW_yz/Generated_Plots_MC/OW_yz_ST_Compact_cm.pdf,Results/OW_yz/Generated_Plots_MC/OW_yz_ST_Compact_p_value_mc_dist.pdf,Results/OW_yz/Generated_Plots_MC/OW_yz_ST_Compact_threshold_mc_dist.pdf,Results/OW_yz/Generated_Plots_MC/OW_yz_ST_Compact_f1_score_mc_dist.pdf
OW_yz,ST,Angle,st_Angle,not_equal,False,500,0.09489300650677172,0.02178900859594756,0.3280805377925059,1.9336314176443703,1.0192657965942389,2.5873605407994833,False,46.04532240335501,26.810937520929464,94.08222498725394,0.7296923076923076,0.5961538461538461,0.8319711538461536,ARVC,0.683,0.375,0.875,0.7927692307692307,0.5384615384615384,1.0,0.6702588621042289,0.5,0.8,8,13,Results/OW_yz/Generated_Plots_MC/OW_yz_ST_Angle_tdist.pdf,Results/OW_yz/Generated_Plots_MC/OW_yz_ST_Angle_boxplot.pdf,Results/OW_yz/Generated_Plots_MC/OW_yz_ST_Angle_roc.pdf,Results/OW_yz/Generated_Plots_MC/OW_yz_ST_Angle_cm.pdf,Results/OW_yz/Generated_Plots_MC/OW_yz_ST_Angle_p_value_mc_dist.pdf,Results/OW_yz/Generated_Plots_MC/OW_yz_ST_Angle_threshold_mc_dist.pdf,Results/OW_yz/Generated_Plots_MC/OW_yz_ST_Angle_f1_score_mc_dist.pdf
OO_yz,T,Area,t_Area,not_equal,True,500,0.05893989724497298,0.020623889817115385,0.12393560060195984,-2.1321858165123104,-2.629452503563756,-1.6406495071640788,False,46.39365052748764,4.130006850741506,75.98356063957115,0.7200142450142449,0.6363636363636362,0.7962962962962963,Healthy,0.5331864801864802,0.36363636363636365,1.0,0.92225,0.4444444444444444,1.0,0.6582190996241495,0.5333333333333333,0.8148148148148148,9,13,Results/OO_yz/Generated_Plots_MC/OO_yz_T_Area_tdist.pdf,Results/OO_yz/Generated_Plots_MC/OO_yz_T_Area_boxplot.pdf,Results/OO_yz/Generated_Plots_MC/OO_yz_T_Area_roc.pdf,Results/OO_yz/Generated_Plots_MC/OO_yz_T_Area_cm.pdf,Results/OO_yz/Generated_Plots_MC/OO_yz_T_Area_p_value_mc_dist.pdf,Results/OO_yz/Generated_Plots_MC/OO_yz_T_Area_threshold_mc_dist.pdf,Results/OO_yz/Generated_Plots_MC/OO_yz_T_Area_f1_score_mc_dist.pdf
OO_yz,T,T-Dist,t_T-Dist,not_equal,True,500,0.6001053467215437,0.11182316273114745,0.9740001800483724,-0.2914190151619477,-1.6778932202620225,0.9646020721601192,False,8.872928062953967,3.853624942726628,12.871063425055503,0.5600902565027565,0.4404761904761905,0.693844696969697,Healthy,0.5388776223776224,0.25,1.0,0.8143073593073593,0.3333333333333333,1.0,0.5813545456919532,0.4,0.7368421052631579,9,13,Results/OO_yz/Generated_Plots_MC/OO_yz_T_T-Dist_tdist.pdf,Results/OO_yz/Generated_Plots_MC/OO_yz_T_T-Dist_boxplot.pdf,Results/OO_yz/Generated_Plots_MC/OO_yz_T_T-Dist_roc.pdf,Results/OO_yz/Generated_Plots_MC/OO_yz_T_T-Dist_cm.pdf,Results/OO_yz/Generated_Plots_MC/OO_yz_T_T-Dist_p_value_mc_dist.pdf,Results/OO_yz/Generated_Plots_MC/OO_yz_T_T-Dist_threshold_mc_dist.pdf,Results/OO_yz/Generated_Plots_MC/OO_yz_T_T-Dist_f1_score_mc_dist.pdf
OO_yz,T,Compact,t_Compact,not_equal,False,500,0.41051915011600404,0.1087928721636293,0.8521058972384584,-0.9027564461149802,-1.6807076746669902,-0.17928086733380402,False,0.44466525731908907,0.15092817468270367,0.7880827105270098,0.6352649572649572,0.5384615384615385,0.7350427350427351,Healthy,0.7262905982905983,0.46153846153846156,1.0,0.6426666666666667,0.3333333333333333,0.8888888888888888,0.7290590547502738,0.5714285714285714,0.8387096774193549,9,13,Results/OO_yz/Generated_Plots_MC/OO_yz_T_Compact_tdist.pdf,Results/OO_yz/Generated_Plots_MC/OO_yz_T_Compact_boxplot.pdf,Results/OO_yz/Generated_Plots_MC/OO_yz_T_Compact_roc.pdf,Results/OO_yz/Generated_Plots_MC/OO_yz_T_Compact_cm.pdf,Results/OO_yz/Generated_Plots_MC/OO_yz_T_Compact_p_value_mc_dist.pdf,Results/OO_yz/Generated_Plots_MC/OO_yz_T_Compact_threshold_mc_dist.pdf,Results/OO_yz/Generated_Plots_MC/OO_yz_T_Compact_f1_score_mc_dist.pdf
OO_yz,T,Angle,t_Angle,not_equal,False,500,0.6072675066832803,0.18299754582574174,0.9790984056800172,-0.33634792430445887,-1.3597912847688698,0.9126324977329279,False,-72.48100474837918,-165.01674245677157,73.90084554392321,0.5511452991452991,0.46153846153846156,0.6495726495726496,Healthy,0.6782222222222222,0.2222222222222222,1.0,0.5728547008547009,0.15384615384615385,1.0,0.6336568704869107,0.3333333333333333,0.8,9,13,Results/OO_yz/Generated_Plots_MC/OO_yz_T_Angle_tdist.pdf,Results/OO_yz/Generated_Plots_MC/OO_yz_T_Angle_boxplot.pdf,Results/OO_yz/Generated_Plots_MC/OO_yz_T_Angle_roc.pdf,Results/OO_yz/Generated_Plots_MC/OO_yz_T_Angle_cm.pdf,Results/OO_yz/Generated_Plots_MC/OO_yz_T_Angle_p_value_mc_dist.pdf,Results/OO_yz/Generated_Plots_MC/OO_yz_T_Angle_threshold_mc_dist.pdf,Results/OO_yz/Generated_Plots_MC/OO_yz_T_Angle_f1_score_mc_dist.pdf
OO_yz,QRS,Area,qrs_Area,not_equal,True,500,0.2688087834997052,0.03252749735115452,0.8663077953613261,-1.3073851311620641,-2.36075320161427,0.04284522640063128,False,130.33485317828277,30.636226514017263,226.87715795985997,0.6164395465645466,0.5,0.7391335227272726,Healthy,0.4579175602175602,0.25,0.8333333333333334,0.9046827561327562,0.5,1.0,0.5862180422612042,0.4,0.7657509157509156,9,13,Results/OO_yz/Generated_Plots_MC/OO_yz_QRS_Area_tdist.pdf,Results/OO_yz/Generated_Plots_MC/OO_yz_QRS_Area_boxplot.pdf,Results/OO_yz/Generated_Plots_MC/OO_yz_QRS_Area_roc.pdf,Results/OO_yz/Generated_Plots_MC/OO_yz_QRS_Area_cm.pdf,Results/OO_yz/Generated_Plots_MC/OO_yz_QRS_Area_p_value_mc_dist.pdf,Results/OO_yz/Generated_Plots_MC/OO_yz_QRS_Area_threshold_mc_dist.pdf,Results/OO_yz/Generated_Plots_MC/OO_yz_QRS_Area_f1_score_mc_dist.pdf
OO_yz,QRS,T-Dist,qrs_T-Dist,not_equal,True,500,0.11765148824455174,0.0015124991940177557,0.6845750521700864,-2.1458703842541,-3.736585961079759,-0.41451733164627924,False,17.052916264739927,9.594571087908344,31.1805353902773,0.7584938575313576,0.5977982954545455,0.8942307692307692,Healthy,0.8079992618492619,0.4166666666666667,1.0,0.7147396103896103,0.4444444444444444,1.0,0.7995808164155779,0.5630952380952382,0.9130681818181816,9,13,Results/OO_yz/Generated_Plots_MC/OO_yz_QRS_T-Dist_tdist.pdf,Results/OO_yz/Generated_Plots_MC/OO_yz_QRS_T-Dist_boxplot.pdf,Results/OO_yz/Generated_Plots_MC/OO_yz_QRS_T-Dist_roc.pdf,Results/OO_yz/Generated_Plots_MC/OO_yz_QRS_T-Dist_cm.pdf,Results/OO_yz/Generated_Plots_MC/OO_yz_QRS_T-Dist_p_value_mc_dist.pdf,Results/OO_yz/Generated_Plots_MC/OO_yz_QRS_T-Dist_threshold_mc_dist.pdf,Results/OO_yz/Generated_Plots_MC/OO_yz_QRS_T-Dist_f1_score_mc_dist.pdf
OO_yz,QRS,Compact,qrs_Compact,not_equal,True,500,0.4342876355667935,0.04763555864967499,0.9494466855951194,0.8700245262455194,-0.3983034847925634,2.2365779420762864,False,0.5881987340609435,0.18596901219530457,1.0616907763352672,0.6178080314746981,0.4796474358974359,0.7733796296296294,ARVC,0.6291257076257076,0.23076923076923078,1.0,0.7239343878343878,0.3076923076923077,1.0,0.6152992315859065,0.375,0.7830808080808078,9,13,Results/OO_yz/Generated_Plots_MC/OO_yz_QRS_Compact_tdist.pdf,Results/OO_yz/Generated_Plots_MC/OO_yz_QRS_Compact_boxplot.pdf,Results/OO_yz/Generated_Plots_MC/OO_yz_QRS_Compact_roc.pdf,Results/OO_yz/Generated_Plots_MC/OO_yz_QRS_Compact_cm.pdf,Results/OO_yz/Generated_Plots_MC/OO_yz_QRS_Compact_p_value_mc_dist.pdf,Results/OO_yz/Generated_Plots_MC/OO_yz_QRS_Compact_threshold_mc_dist.pdf,Results/OO_yz/Generated_Plots_MC/OO_yz_QRS_Compact_f1_score_mc_dist.pdf
OO_yz,QRS,Angle,qrs_Angle,not_equal,False,500,0.6950971988642857,0.29796758523013345,0.9823791308366063,0.08496840557302554,-1.0463557698967045,0.8968498417239108,False,-78.9632798426082,-147.18676910791794,170.36633699282942,0.5384957264957264,0.4444444444444444,0.6495726495726496,ARVC,0.5366153846153846,0.1111111111111111,1.0,0.6862905982905984,0.2222222222222222,1.0,0.5380926570534911,0.2,0.7741935483870968,9,13,Results/OO_yz/Generated_Plots_MC/OO_yz_QRS_Angle_tdist.pdf,Results/OO_yz/Generated_Plots_MC/OO_yz_QRS_Angle_boxplot.pdf,Results/OO_yz/Generated_Plots_MC/OO_yz_QRS_Angle_roc.pdf,Results/OO_yz/Generated_Plots_MC/OO_yz_QRS_Angle_cm.pdf,Results/OO_yz/Generated_Plots_MC/OO_yz_QRS_Angle_p_value_mc_dist.pdf,Results/OO_yz/Generated_Plots_MC/OO_yz_QRS_Angle_threshold_mc_dist.pdf,Results/OO_yz/Generated_Plots_MC/OO_yz_QRS_Angle_f1_score_mc_dist.pdf
OO_yz,ST,Area,st_Area,not_equal,True,500,0.07227814550984062,0.0009220966241554295,0.6119772967782121,-2.580536262677786,-4.249800539567329,-0.5167128590222559,False,18.97088703091525,5.72988169515622,50.57357289039693,0.7600205633872301,0.5385416666666668,0.9278645833333333,Healthy,0.6651918026418027,0.37360139860139885,0.9090909090909091,0.9486120490620491,0.6666666666666666,1.0,0.7746070758035533,0.5438888888888891,0.9166666666666666,9,13,Results/OO_yz/Generated_Plots_MC/OO_yz_ST_Area_tdist.pdf,Results/OO_yz/Generated_Plots_MC/OO_yz_ST_Area_boxplot.pdf,Results/OO_yz/Generated_Plots_MC/OO_yz_ST_Area_roc.pdf,Results/OO_yz/Generated_Plots_MC/OO_yz_ST_Area_cm.pdf,Results/OO_yz/Generated_Plots_MC/OO_yz_ST_Area_p_value_mc_dist.pdf,Results/OO_yz/Generated_Plots_MC/OO_yz_ST_Area_threshold_mc_dist.pdf,Results/OO_yz/Generated_Plots_MC/OO_yz_ST_Area_f1_score_mc_dist.pdf
OO_yz,ST,T-Dist,st_T-Dist,not_equal,True,500,0.23558689619804224,0.0008337516119935428,0.9180427369533337,-1.655559815394573,-4.2838261501104915,0.574714913384894,False,4.74686738289419,0.1763463680072368,10.189445334820796,0.6745941223128723,0.4841145833333334,0.9047619047619048,Healthy,0.60270897990898,0.2737500000000005,1.0,0.8726215950715951,0.375,1.0,0.6932641887500822,0.41357142857142887,0.9047727272727271,9,13,Results/OO_yz/Generated_Plots_MC/OO_yz_ST_T-Dist_tdist.pdf,Results/OO_yz/Generated_Plots_MC/OO_yz_ST_T-Dist_boxplot.pdf,Results/OO_yz/Generated_Plots_MC/OO_yz_ST_T-Dist_roc.pdf,Results/OO_yz/Generated_Plots_MC/OO_yz_ST_T-Dist_cm.pdf,Results/OO_yz/Generated_Plots_MC/OO_yz_ST_T-Dist_p_value_mc_dist.pdf,Results/OO_yz/Generated_Plots_MC/OO_yz_ST_T-Dist_threshold_mc_dist.pdf,Results/OO_yz/Generated_Plots_MC/OO_yz_ST_T-Dist_f1_score_mc_dist.pdf
OO_yz,ST,Compact,st_Compact,not_equal,True,500,0.4757799574274891,0.008301730919803645,0.9728380579599759,-0.5348795507632788,-2.965199598217931,1.321801414969762,False,0.2763960899258011,0.06771682047366873,0.5838951930528115,0.6051633165445665,0.456344696969697,0.8121843434343431,Healthy,0.6015677211677212,0.2222222222222222,1.0,0.758005833055833,0.3076923076923077,1.0,0.636355724496231,0.36363636363636365,0.8621428571428569,9,13,Results/OO_yz/Generated_Plots_MC/OO_yz_ST_Compact_tdist.pdf,Results/OO_yz/Generated_Plots_MC/OO_yz_ST_Compact_boxplot.pdf,Results/OO_yz/Generated_Plots_MC/OO_yz_ST_Compact_roc.pdf,Results/OO_yz/Generated_Plots_MC/OO_yz_ST_Compact_cm.pdf,Results/OO_yz/Generated_Plots_MC/OO_yz_ST_Compact_p_value_mc_dist.pdf,Results/OO_yz/Generated_Plots_MC/OO_yz_ST_Compact_threshold_mc_dist.pdf,Results/OO_yz/Generated_Plots_MC/OO_yz_ST_Compact_f1_score_mc_dist.pdf
OO_yz,ST,Angle,st_Angle,not_equal,False,500,0.5045865652773002,0.17008557021913703,0.9261111670720894,-0.7197798806625838,-1.4281894059402285,0.1170440494565467,False,-1.951840623788632,-111.78628653766961,136.4392702106472,0.5153675213675214,0.41880341880341887,0.6068376068376069,Healthy,0.750034188034188,0.23076923076923078,1.0,0.49495726495726494,0.2222222222222222,1.0,0.6744526809466783,0.375,0.7878787878787878,9,13,Results/OO_yz/Generated_Plots_MC/OO_yz_ST_Angle_tdist.pdf,Results/OO_yz/Generated_Plots_MC/OO_yz_ST_Angle_boxplot.pdf,Results/OO_yz/Generated_Plots_MC/OO_yz_ST_Angle_roc.pdf,Results/OO_yz/Generated_Plots_MC/OO_yz_ST_Angle_cm.pdf,Results/OO_yz/Generated_Plots_MC/OO_yz_ST_Angle_p_value_mc_dist.pdf,Results/OO_yz/Generated_Plots_MC/OO_yz_ST_Angle_threshold_mc_dist.pdf,Results/OO_yz/Generated_Plots_MC/OO_yz_ST_Angle_f1_score_mc_dist.pdf
C1_xy,T,Area,t_Area,not_equal,True,500,0.005697437551412197,0.0019840400233557117,0.012500896916320735,-3.4186099171329594,-3.9229670735007813,-2.9438268570413144,True,5.3988013154353425,3.787576273843928,7.95640007566121,0.8941344488844489,0.7947115384615386,0.9423076923076923,Healthy,0.8378892773892774,0.6923076923076923,0.9230769230769231,0.9913214285714287,0.875,1.0,0.9074969948891687,0.8181818181818182,0.96,8,13,Results/C1_xy/Generated_Plots_MC/C1_xy_T_Area_tdist.pdf,Results/C1_xy/Generated_Plots_MC/C1_xy_T_Area_boxplot.pdf,Results/C1_xy/Generated_Plots_MC/C1_xy_T_Area_roc.pdf,Results/C1_xy/Generated_Plots_MC/C1_xy_T_Area_cm.pdf,Results/C1_xy/Generated_Plots_MC/C1_xy_T_Area_p_value_mc_dist.pdf,Results/C1_xy/Generated_Plots_MC/C1_xy_T_Area_threshold_mc_dist.pdf,Results/C1_xy/Generated_Plots_MC/C1_xy_T_Area_f1_score_mc_dist.pdf
C1_xy,T,T-Dist,t_T-Dist,not_equal,True,500,0.10313314528130933,0.008862690997160673,0.4343796284049037,-1.9639421623838815,-2.98352245569927,-0.8022870195950584,False,9.827720570772142,6.340109134101658,14.28879545238187,0.6998104964479964,0.5703869047619048,0.8153502747252747,Healthy,0.548271250971251,0.3333333333333333,0.7949300699300689,0.9482857142857143,0.625,1.0,0.6875254581021902,0.5,0.8181818181818182,8,13,Results/C1_xy/Generated_Plots_MC/C1_xy_T_T-Dist_tdist.pdf,Results/C1_xy/Generated_Plots_MC/C1_xy_T_T-Dist_boxplot.pdf,Results/C1_xy/Generated_Plots_MC/C1_xy_T_T-Dist_roc.pdf,Results/C1_xy/Generated_Plots_MC/C1_xy_T_T-Dist_cm.pdf,Results/C1_xy/Generated_Plots_MC/C1_xy_T_T-Dist_p_value_mc_dist.pdf,Results/C1_xy/Generated_Plots_MC/C1_xy_T_T-Dist_threshold_mc_dist.pdf,Results/C1_xy/Generated_Plots_MC/C1_xy_T_T-Dist_f1_score_mc_dist.pdf
C1_xy,T,Compact,t_Compact,not_equal,False,500,0.1524290913132297,0.03341485205223888,0.429204416558381,-1.5864134486234978,-2.2982999819634173,-0.8083706531674452,False,0.15408218363635143,0.07661429708689965,0.30393316548862004,0.7024807692307693,0.6057692307692307,0.8173076923076923,Healthy,0.8156923076923077,0.5384615384615384,1.0,0.67025,0.5,0.875,0.8046686866327478,0.6666666666666666,0.8888888888888888,8,13,Results/C1_xy/Generated_Plots_MC/C1_xy_T_Compact_tdist.pdf,Results/C1_xy/Generated_Plots_MC/C1_xy_T_Compact_boxplot.pdf,Results/C1_xy/Generated_Plots_MC/C1_xy_T_Compact_roc.pdf,Results/C1_xy/Generated_Plots_MC/C1_xy_T_Compact_cm.pdf,Results/C1_xy/Generated_Plots_MC/C1_xy_T_Compact_p_value_mc_dist.pdf,Results/C1_xy/Generated_Plots_MC/C1_xy_T_Compact_threshold_mc_dist.pdf,Results/C1_xy/Generated_Plots_MC/C1_xy_T_Compact_f1_score_mc_dist.pdf
C1_xy,T,Angle,t_Angle,not_equal,False,500,0.03501873310409215,0.007170226677375034,0.13602237290565983,2.584358527082512,1.575046918298127,3.294859419408922,True,-49.64986246606466,-53.884602607037856,-48.08633681817113,0.871,0.7692307692307693,0.9615384615384616,ARVC,0.98875,0.875,1.0,0.7523076923076923,0.6153846153846154,0.9230769230769231,0.8292493916815898,0.7368421052631579,0.9411764705882353,8,13,Results/C1_xy/Generated_Plots_MC/C1_xy_T_Angle_tdist.pdf,Results/C1_xy/Generated_Plots_MC/C1_xy_T_Angle_boxplot.pdf,Results/C1_xy/Generated_Plots_MC/C1_xy_T_Angle_roc.pdf,Results/C1_xy/Generated_Plots_MC/C1_xy_T_Angle_cm.pdf,Results/C1_xy/Generated_Plots_MC/C1_xy_T_Angle_p_value_mc_dist.pdf,Results/C1_xy/Generated_Plots_MC/C1_xy_T_Angle_threshold_mc_dist.pdf,Results/C1_xy/Generated_Plots_MC/C1_xy_T_Angle_f1_score_mc_dist.pdf
C1_xy,QRS,Area,qrs_Area,not_equal,True,500,0.2652879546752789,0.025111987784197792,0.8650944999908011,-1.3338017936300413,-2.5250146807977174,0.3374582513048918,False,52.67770902216107,5.132364042761119,141.48745615578292,0.6097155233655234,0.4681107954545455,0.745052083333333,Healthy,0.5198076257076256,0.25,0.9634615384615367,0.8354891774891776,0.36363636363636365,1.0,0.6128078459832751,0.4,0.8,8,13,Results/C1_xy/Generated_Plots_MC/C1_xy_QRS_Area_tdist.pdf,Results/C1_xy/Generated_Plots_MC/C1_xy_QRS_Area_boxplot.pdf,Results/C1_xy/Generated_Plots_MC/C1_xy_QRS_Area_roc.pdf,Results/C1_xy/Generated_Plots_MC/C1_xy_QRS_Area_cm.pdf,Results/C1_xy/Generated_Plots_MC/C1_xy_QRS_Area_p_value_mc_dist.pdf,Results/C1_xy/Generated_Plots_MC/C1_xy_QRS_Area_threshold_mc_dist.pdf,Results/C1_xy/Generated_Plots_MC/C1_xy_QRS_Area_f1_score_mc_dist.pdf
C1_xy,QRS,T-Dist,qrs_T-Dist,not_equal,True,500,0.17611578306936146,0.006750915403265176,0.7769681686845304,-1.713273263518133,-3.0567136807302937,-0.28900138044229745,False,15.126803212123864,8.321504921949222,32.11825046841758,0.7065428002553004,0.5399839743589744,0.8461538461538461,Healthy,0.8462223776223776,0.38461538461538464,1.0,0.6286203463203462,0.375,1.0,0.7988051310055679,0.5555555555555556,0.9166666666666666,8,13,Results/C1_xy/Generated_Plots_MC/C1_xy_QRS_T-Dist_tdist.pdf,Results/C1_xy/Generated_Plots_MC/C1_xy_QRS_T-Dist_boxplot.pdf,Results/C1_xy/Generated_Plots_MC/C1_xy_QRS_T-Dist_roc.pdf,Results/C1_xy/Generated_Plots_MC/C1_xy_QRS_T-Dist_cm.pdf,Results/C1_xy/Generated_Plots_MC/C1_xy_QRS_T-Dist_p_value_mc_dist.pdf,Results/C1_xy/Generated_Plots_MC/C1_xy_QRS_T-Dist_threshold_mc_dist.pdf,Results/C1_xy/Generated_Plots_MC/C1_xy_QRS_T-Dist_f1_score_mc_dist.pdf
C1_xy,QRS,Compact,qrs_Compact,not_equal,True,500,0.18880916570814246,0.01988039978766556,0.7175040413696422,1.656771064748099,0.3392437564460865,2.768642412074709,False,0.30188632479290095,0.1372877042881336,0.5853774265287331,0.7069861381673882,0.546482683982684,0.849280303030303,ARVC,0.6582847985347985,0.375,0.875,0.8189469863469863,0.5,1.0,0.6753214343454067,0.5,0.8571428571428571,8,13,Results/C1_xy/Generated_Plots_MC/C1_xy_QRS_Compact_tdist.pdf,Results/C1_xy/Generated_Plots_MC/C1_xy_QRS_Compact_boxplot.pdf,Results/C1_xy/Generated_Plots_MC/C1_xy_QRS_Compact_roc.pdf,Results/C1_xy/Generated_Plots_MC/C1_xy_QRS_Compact_cm.pdf,Results/C1_xy/Generated_Plots_MC/C1_xy_QRS_Compact_p_value_mc_dist.pdf,Results/C1_xy/Generated_Plots_MC/C1_xy_QRS_Compact_threshold_mc_dist.pdf,Results/C1_xy/Generated_Plots_MC/C1_xy_QRS_Compact_f1_score_mc_dist.pdf
C1_xy,QRS,Angle,qrs_Angle,not_equal,False,500,0.25214993318751994,0.015611726327216137,0.9244196337157478,1.4902762324975907,-0.006892937160219353,2.8221864306880087,False,-51.37162996701924,-81.96406846653484,-35.56342867480522,0.7202307692307692,0.4266826923076928,0.8461538461538463,ARVC,0.7935,0.5,1.0,0.6928269230769231,0.1843750000000013,0.9230769230769231,0.6978462969455276,0.5882352941176471,0.8,8,13,Results/C1_xy/Generated_Plots_MC/C1_xy_QRS_Angle_tdist.pdf,Results/C1_xy/Generated_Plots_MC/C1_xy_QRS_Angle_boxplot.pdf,Results/C1_xy/Generated_Plots_MC/C1_xy_QRS_Angle_roc.pdf,Results/C1_xy/Generated_Plots_MC/C1_xy_QRS_Angle_cm.pdf,Results/C1_xy/Generated_Plots_MC/C1_xy_QRS_Angle_p_value_mc_dist.pdf,Results/C1_xy/Generated_Plots_MC/C1_xy_QRS_Angle_threshold_mc_dist.pdf,Results/C1_xy/Generated_Plots_MC/C1_xy_QRS_Angle_f1_score_mc_dist.pdf
C1_xy,ST,Area,st_Area,not_equal,True,500,0.20219402076364795,0.005042713814017739,0.8913935253064718,-1.7675798768959825,-3.4591303088279144,0.160727208082179,False,11.673271281593614,0.8011761987997497,29.23576922155503,0.6740737716450217,0.4714285714285714,0.888888888888889,Healthy,0.6044733155733156,0.25,1.0,0.9022544733044733,0.4761363636363641,1.0,0.7066244551231562,0.4,0.9,8,13,Results/C1_xy/Generated_Plots_MC/C1_xy_ST_Area_tdist.pdf,Results/C1_xy/Generated_Plots_MC/C1_xy_ST_Area_boxplot.pdf,Results/C1_xy/Generated_Plots_MC/C1_xy_ST_Area_roc.pdf,Results/C1_xy/Generated_Plots_MC/C1_xy_ST_Area_cm.pdf,Results/C1_xy/Generated_Plots_MC/C1_xy_ST_Area_p_value_mc_dist.pdf,Results/C1_xy/Generated_Plots_MC/C1_xy_ST_Area_threshold_mc_dist.pdf,Results/C1_xy/Generated_Plots_MC/C1_xy_ST_Area_f1_score_mc_dist.pdf
C1_xy,ST,T-Dist,st_T-Dist,not_equal,True,500,0.15962433520121944,0.001411834499897921,0.8383499195867984,-2.0037192249891236,-3.945091374939808,0.07465441669363321,False,4.136679105132432,0.28207099531223445,9.431010836417876,0.7207050019425019,0.48411458333333346,0.9155357142857142,Healthy,0.6465528027528027,0.27889610389610403,0.9230769230769231,0.8861941613941614,0.5,1.0,0.7386300161109904,0.42857142857142855,0.9130681818181816,8,13,Results/C1_xy/Generated_Plots_MC/C1_xy_ST_T-Dist_tdist.pdf,Results/C1_xy/Generated_Plots_MC/C1_xy_ST_T-Dist_boxplot.pdf,Results/C1_xy/Generated_Plots_MC/C1_xy_ST_T-Dist_roc.pdf,Results/C1_xy/Generated_Plots_MC/C1_xy_ST_T-Dist_cm.pdf,Results/C1_xy/Generated_Plots_MC/C1_xy_ST_T-Dist_p_value_mc_dist.pdf,Results/C1_xy/Generated_Plots_MC/C1_xy_ST_T-Dist_threshold_mc_dist.pdf,Results/C1_xy/Generated_Plots_MC/C1_xy_ST_T-Dist_f1_score_mc_dist.pdf
C1_xy,ST,Compact,st_Compact,not_equal,True,500,0.3701607660303589,0.014052731484333171,0.9582421046454693,0.9159130810417457,-1.2488428276685297,2.8435561173437627,False,0.23712476006753902,0.03346172706630643,0.4961098728761421,0.6376808802308802,0.4615384615384615,0.8726866883116882,ARVC,0.6352596292596293,0.25,1.0,0.7674641858141859,0.2857142857142857,1.0,0.636656496108342,0.375,0.8421052631578947,8,13,Results/C1_xy/Generated_Plots_MC/C1_xy_ST_Compact_tdist.pdf,Results/C1_xy/Generated_Plots_MC/C1_xy_ST_Compact_boxplot.pdf,Results/C1_xy/Generated_Plots_MC/C1_xy_ST_Compact_roc.pdf,Results/C1_xy/Generated_Plots_MC/C1_xy_ST_Compact_cm.pdf,Results/C1_xy/Generated_Plots_MC/C1_xy_ST_Compact_p_value_mc_dist.pdf,Results/C1_xy/Generated_Plots_MC/C1_xy_ST_Compact_threshold_mc_dist.pdf,Results/C1_xy/Generated_Plots_MC/C1_xy_ST_Compact_f1_score_mc_dist.pdf
C1_xy,ST,Angle,st_Angle,not_equal,False,500,0.692806524456596,0.2667857756817797,0.9886914355768419,0.021989353662113617,-0.8712506173641317,1.1403204032468757,False,80.50771627265593,-31.822630804013286,135.1185605273696,0.5329615384615385,0.3076923076923077,0.7742788461538459,Healthy,0.7911730769230769,0.375,1.0,0.5408076923076923,0.25,1.0,0.726132879857076,0.5333333333333333,0.8125,8,13,Results/C1_xy/Generated_Plots_MC/C1_xy_ST_Angle_tdist.pdf,Results/C1_xy/Generated_Plots_MC/C1_xy_ST_Angle_boxplot.pdf,Results/C1_xy/Generated_Plots_MC/C1_xy_ST_Angle_roc.pdf,Results/C1_xy/Generated_Plots_MC/C1_xy_ST_Angle_cm.pdf,Results/C1_xy/Generated_Plots_MC/C1_xy_ST_Angle_p_value_mc_dist.pdf,Results/C1_xy/Generated_Plots_MC/C1_xy_ST_Angle_threshold_mc_dist.pdf,Results/C1_xy/Generated_Plots_MC/C1_xy_ST_Angle_f1_score_mc_dist.pdf
OY_xy,T,Area,t_Area,not_equal,True,500,0.011288355945139536,0.003287847603602134,0.028928472016402234,-3.1237396395950374,-3.723650192885912,-2.4924088599875556,True,8.096810267771765,4.155989111946192,18.660276889367964,0.8726956612831612,0.7708333333333334,0.9404761904761905,Healthy,0.8073505827505827,0.5833333333333334,0.9166666666666666,0.9665714285714286,0.75,1.0,0.8786732690829608,0.7368421052631579,0.9565217391304348,9,13,Results/OY_xy/Generated_Plots_MC/OY_xy_T_Area_tdist.pdf,Results/OY_xy/Generated_Plots_MC/OY_xy_T_Area_boxplot.pdf,Results/OY_xy/Generated_Plots_MC/OY_xy_T_Area_roc.pdf,Results/OY_xy/Generated_Plots_MC/OY_xy_T_Area_cm.pdf,Results/OY_xy/Generated_Plots_MC/OY_xy_T_Area_p_value_mc_dist.pdf,Results/OY_xy/Generated_Plots_MC/OY_xy_T_Area_threshold_mc_dist.pdf,Results/OY_xy/Generated_Plots_MC/OY_xy_T_Area_f1_score_mc_dist.pdf
OY_xy,T,T-Dist,t_T-Dist,not_equal,True,500,0.45651105909790646,0.06915784478498643,0.9707834470361134,-0.8355915313159685,-1.931662140163956,0.2079738131265864,False,9.992783054741624,3.3132294660464123,15.547995867686994,0.5805604081104082,0.479985754985755,0.7094017094017094,Healthy,0.5358014763014763,0.23076923076923078,1.0,0.7815674603174604,0.25,1.0,0.6093061057783982,0.375,0.7692307692307693,9,13,Results/OY_xy/Generated_Plots_MC/OY_xy_T_T-Dist_tdist.pdf,Results/OY_xy/Generated_Plots_MC/OY_xy_T_T-Dist_boxplot.pdf,Results/OY_xy/Generated_Plots_MC/OY_xy_T_T-Dist_roc.pdf,Results/OY_xy/Generated_Plots_MC/OY_xy_T_T-Dist_cm.pdf,Results/OY_xy/Generated_Plots_MC/OY_xy_T_T-Dist_p_value_mc_dist.pdf,Results/OY_xy/Generated_Plots_MC/OY_xy_T_T-Dist_threshold_mc_dist.pdf,Results/OY_xy/Generated_Plots_MC/OY_xy_T_T-Dist_f1_score_mc_dist.pdf
OY_xy,T,Compact,t_Compact,not_equal,False,500,0.03330109178774926,0.001584395945406466,0.13085578090436942,-2.5833586588201523,-3.697858841416298,-1.5835274511889497,True,0.35024520830091044,0.14348458117658522,0.5528387291120682,0.7571111111111112,0.641025641025641,0.876282051282051,Healthy,0.6626153846153846,0.46153846153846156,0.9230769230769231,0.8757777777777779,0.5555555555555556,1.0,0.7518622482951094,0.6,0.8666666666666667,9,13,Results/OY_xy/Generated_Plots_MC/OY_xy_T_Compact_tdist.pdf,Results/OY_xy/Generated_Plots_MC/OY_xy_T_Compact_boxplot.pdf,Results/OY_xy/Generated_Plots_MC/OY_xy_T_Compact_roc.pdf,Results/OY_xy/Generated_Plots_MC/OY_xy_T_Compact_cm.pdf,Results/OY_xy/Generated_Plots_MC/OY_xy_T_Compact_p_value_mc_dist.pdf,Results/OY_xy/Generated_Plots_MC/OY_xy_T_Compact_threshold_mc_dist.pdf,Results/OY_xy/Generated_Plots_MC/OY_xy_T_Compact_f1_score_mc_dist.pdf
OY_xy,T,Angle,t_Angle,not_equal,False,500,0.8531109687611301,0.6535885866157891,0.9922628362251859,0.16890525778255727,-0.1410083722244662,0.4608214248849925,False,53.493642876902776,-101.51209321543392,86.02013927579448,0.43875213675213676,0.3675213675213675,0.6324786324786326,ARVC,0.41728205128205126,0.3333333333333333,0.9230769230769231,0.9366495726495726,0.5555555555555556,1.0,0.5471268651144513,0.46153846153846156,0.8275862068965517,9,13,Results/OY_xy/Generated_Plots_MC/OY_xy_T_Angle_tdist.pdf,Results/OY_xy/Generated_Plots_MC/OY_xy_T_Angle_boxplot.pdf,Results/OY_xy/Generated_Plots_MC/OY_xy_T_Angle_roc.pdf,Results/OY_xy/Generated_Plots_MC/OY_xy_T_Angle_cm.pdf,Results/OY_xy/Generated_Plots_MC/OY_xy_T_Angle_p_value_mc_dist.pdf,Results/OY_xy/Generated_Plots_MC/OY_xy_T_Angle_threshold_mc_dist.pdf,Results/OY_xy/Generated_Plots_MC/OY_xy_T_Angle_f1_score_mc_dist.pdf
OY_xy,QRS,Area,qrs_Area,not_equal,True,500,0.18036431649872725,0.012190814172782224,0.8695508509999796,-1.823061043061737,-2.9373320402736827,0.14979027119527866,False,41.20690941578645,17.46091338188206,118.97003581836157,0.7179524313649314,0.4702272727272728,0.8571428571428572,Healthy,0.7183851981351982,0.34772727272727305,0.9230769230769231,0.7948833333333333,0.5,1.0,0.7619194976859239,0.49705882352941233,0.8888888888888888,9,13,Results/OY_xy/Generated_Plots_MC/OY_xy_QRS_Area_tdist.pdf,Results/OY_xy/Generated_Plots_MC/OY_xy_QRS_Area_boxplot.pdf,Results/OY_xy/Generated_Plots_MC/OY_xy_QRS_Area_roc.pdf,Results/OY_xy/Generated_Plots_MC/OY_xy_QRS_Area_cm.pdf,Results/OY_xy/Generated_Plots_MC/OY_xy_QRS_Area_p_value_mc_dist.pdf,Results/OY_xy/Generated_Plots_MC/OY_xy_QRS_Area_threshold_mc_dist.pdf,Results/OY_xy/Generated_Plots_MC/OY_xy_QRS_Area_f1_score_mc_dist.pdf
OY_xy,QRS,T-Dist,qrs_T-Dist,not_equal,True,500,0.2045357885176705,0.002689627248307697,0.8421392410608864,-1.680875113930539,-3.4557010107140025,0.09096738991734359,False,16.45207928074429,8.501079704018569,32.996495085035626,0.7054242155992155,0.5322395833333333,0.8650040064102563,Healthy,0.82476114996115,0.38461538461538464,1.0,0.6444068098568098,0.375,1.0,0.7887240149045512,0.5555555555555556,0.8888888888888888,9,13,Results/OY_xy/Generated_Plots_MC/OY_xy_QRS_T-Dist_tdist.pdf,Results/OY_xy/Generated_Plots_MC/OY_xy_QRS_T-Dist_boxplot.pdf,Results/OY_xy/Generated_Plots_MC/OY_xy_QRS_T-Dist_roc.pdf,Results/OY_xy/Generated_Plots_MC/OY_xy_QRS_T-Dist_cm.pdf,Results/OY_xy/Generated_Plots_MC/OY_xy_QRS_T-Dist_p_value_mc_dist.pdf,Results/OY_xy/Generated_Plots_MC/OY_xy_QRS_T-Dist_threshold_mc_dist.pdf,Results/OY_xy/Generated_Plots_MC/OY_xy_QRS_T-Dist_f1_score_mc_dist.pdf
OY_xy,QRS,Compact,qrs_Compact,not_equal,True,500,0.5768018609920682,0.10315985460340579,0.9825667804953935,-0.45033585128682785,-1.7183170241222516,0.8061074091132516,False,0.5758727076931243,0.09461832393571454,0.9612023179378256,0.5487928270803272,0.45552884615384626,0.6576556776556777,Healthy,0.48393992118992124,0.23076923076923078,1.0,0.819343611943612,0.3076923076923077,1.0,0.5514368847610946,0.375,0.7304545454545452,9,13,Results/OY_xy/Generated_Plots_MC/OY_xy_QRS_Compact_tdist.pdf,Results/OY_xy/Generated_Plots_MC/OY_xy_QRS_Compact_boxplot.pdf,Results/OY_xy/Generated_Plots_MC/OY_xy_QRS_Compact_roc.pdf,Results/OY_xy/Generated_Plots_MC/OY_xy_QRS_Compact_cm.pdf,Results/OY_xy/Generated_Plots_MC/OY_xy_QRS_Compact_p_value_mc_dist.pdf,Results/OY_xy/Generated_Plots_MC/OY_xy_QRS_Compact_threshold_mc_dist.pdf,Results/OY_xy/Generated_Plots_MC/OY_xy_QRS_Compact_f1_score_mc_dist.pdf
OY_xy,QRS,Angle,qrs_Angle,not_equal,False,500,0.5664168634292207,0.29930912602878423,0.9409966949245465,0.586024348418041,-0.2618604109348865,1.1023001556851493,False,42.10634377927747,-102.6948684060775,196.37603993757526,0.4310598290598291,0.3162393162393162,0.671153846153846,ARVC,0.29123076923076924,0.2222222222222222,0.7777777777777778,0.9557777777777778,0.6083333333333345,1.0,0.4172450170451406,0.3333333333333333,0.7692307692307693,9,13,Results/OY_xy/Generated_Plots_MC/OY_xy_QRS_Angle_tdist.pdf,Results/OY_xy/Generated_Plots_MC/OY_xy_QRS_Angle_boxplot.pdf,Results/OY_xy/Generated_Plots_MC/OY_xy_QRS_Angle_roc.pdf,Results/OY_xy/Generated_Plots_MC/OY_xy_QRS_Angle_cm.pdf,Results/OY_xy/Generated_Plots_MC/OY_xy_QRS_Angle_p_value_mc_dist.pdf,Results/OY_xy/Generated_Plots_MC/OY_xy_QRS_Angle_threshold_mc_dist.pdf,Results/OY_xy/Generated_Plots_MC/OY_xy_QRS_Angle_f1_score_mc_dist.pdf
OY_xy,ST,Area,st_Area,not_equal,True,500,0.1843611468141009,0.008885568470781877,0.8620363503360484,-1.794988134308404,-3.188711185771455,-0.08708959398227156,False,15.542661465455538,3.155386262693571,35.56823147333579,0.6849106254856254,0.46856060606060607,0.8714285714285714,Healthy,0.6230829448329448,0.36363636363636365,1.0,0.9423132034632036,0.5502525252525253,1.0,0.7359315179442235,0.5333333333333333,0.9,9,13,Results/OY_xy/Generated_Plots_MC/OY_xy_ST_Area_tdist.pdf,Results/OY_xy/Generated_Plots_MC/OY_xy_ST_Area_boxplot.pdf,Results/OY_xy/Generated_Plots_MC/OY_xy_ST_Area_roc.pdf,Results/OY_xy/Generated_Plots_MC/OY_xy_ST_Area_cm.pdf,Results/OY_xy/Generated_Plots_MC/OY_xy_ST_Area_p_value_mc_dist.pdf,Results/OY_xy/Generated_Plots_MC/OY_xy_ST_Area_threshold_mc_dist.pdf,Results/OY_xy/Generated_Plots_MC/OY_xy_ST_Area_f1_score_mc_dist.pdf
OY_xy,ST,T-Dist,st_T-Dist,not_equal,True,500,0.24652440614027188,0.002624652735901908,0.8908193921770717,-1.5499834428425656,-3.585897665128613,0.6498363020319282,False,5.207710257749662,0.32957871952474144,12.482563303633022,0.6720723676015342,0.4899639423076923,0.8653846153846154,Healthy,0.5797463647463648,0.25,1.0,0.8697225829725831,0.375,1.0,0.6747039049126249,0.4,0.8695652173913043,9,13,Results/OY_xy/Generated_Plots_MC/OY_xy_ST_T-Dist_tdist.pdf,Results/OY_xy/Generated_Plots_MC/OY_xy_ST_T-Dist_boxplot.pdf,Results/OY_xy/Generated_Plots_MC/OY_xy_ST_T-Dist_roc.pdf,Results/OY_xy/Generated_Plots_MC/OY_xy_ST_T-Dist_cm.pdf,Results/OY_xy/Generated_Plots_MC/OY_xy_ST_T-Dist_p_value_mc_dist.pdf,Results/OY_xy/Generated_Plots_MC/OY_xy_ST_T-Dist_threshold_mc_dist.pdf,Results/OY_xy/Generated_Plots_MC/OY_xy_ST_T-Dist_f1_score_mc_dist.pdf
OY_xy,ST,Compact,st_Compact,not_equal,True,500,0.20819455871234063,0.000571767317305803,0.870009159660143,1.8636834275455023,-0.30944405638107697,4.616810272723336,False,0.3019380291469486,0.11222328373817214,0.5480487147087059,0.7119956412414744,0.48418803418803424,0.9351851851851851,ARVC,0.707318043068043,0.3076923076923077,1.0,0.796662975912976,0.38461538461538464,1.0,0.7043619994257698,0.4444444444444444,0.9284615384615382,9,13,Results/OY_xy/Generated_Plots_MC/OY_xy_ST_Compact_tdist.pdf,Results/OY_xy/Generated_Plots_MC/OY_xy_ST_Compact_boxplot.pdf,Results/OY_xy/Generated_Plots_MC/OY_xy_ST_Compact_roc.pdf,Results/OY_xy/Generated_Plots_MC/OY_xy_ST_Compact_cm.pdf,Results/OY_xy/Generated_Plots_MC/OY_xy_ST_Compact_p_value_mc_dist.pdf,Results/OY_xy/Generated_Plots_MC/OY_xy_ST_Compact_threshold_mc_dist.pdf,Results/OY_xy/Generated_Plots_MC/OY_xy_ST_Compact_f1_score_mc_dist.pdf
OY_xy,ST,Angle,st_Angle,not_equal,False,500,0.4649781532444443,0.0765768770409975,0.9707399620517262,-0.8151484568635686,-1.8737120129650782,0.272281274283641,False,77.60314282546477,-81.78139013518073,113.64986910637279,0.6315726495726496,0.43995726495726506,0.7566239316239315,Healthy,0.5104102564102565,0.3076923076923077,1.0,0.8977094017094017,0.23076923076923078,1.0,0.6236914369743006,0.47058823529411764,0.771836228287841,9,13,Results/OY_xy/Generated_Plots_MC/OY_xy_ST_Angle_tdist.pdf,Results/OY_xy/Generated_Plots_MC/OY_xy_ST_Angle_boxplot.pdf,Results/OY_xy/Generated_Plots_MC/OY_xy_ST_Angle_roc.pdf,Results/OY_xy/Generated_Plots_MC/OY_xy_ST_Angle_cm.pdf,Results/OY_xy/Generated_Plots_MC/OY_xy_ST_Angle_p_value_mc_dist.pdf,Results/OY_xy/Generated_Plots_MC/OY_xy_ST_Angle_threshold_mc_dist.pdf,Results/OY_xy/Generated_Plots_MC/OY_xy_ST_Angle_f1_score_mc_dist.pdf
F2_xy,T,Area,t_Area,not_equal,True,500,0.032358788677621,0.002415599104409728,0.07566008967285089,-2.645701622453949,-4.071835906228784,-2.004164721128658,True,15.391133966213207,8.686093993386828,28.65466928441301,0.9084344516594517,0.8,0.9736805555555554,Healthy,0.8140949494949495,0.6,0.9,0.9642698412698413,0.7777777777777778,1.0,0.8805197633120235,0.75,0.9473684210526315,9,12,Results/F2_xy/Generated_Plots_MC/F2_xy_T_Area_tdist.pdf,Results/F2_xy/Generated_Plots_MC/F2_xy_T_Area_boxplot.pdf,Results/F2_xy/Generated_Plots_MC/F2_xy_T_Area_roc.pdf,Results/F2_xy/Generated_Plots_MC/F2_xy_T_Area_cm.pdf,Results/F2_xy/Generated_Plots_MC/F2_xy_T_Area_p_value_mc_dist.pdf,Results/F2_xy/Generated_Plots_MC/F2_xy_T_Area_threshold_mc_dist.pdf,Results/F2_xy/Generated_Plots_MC/F2_xy_T_Area_f1_score_mc_dist.pdf
F2_xy,T,T-Dist,t_T-Dist,not_equal,True,500,0.015756154879234707,0.001738953446577603,0.05426401373479147,-2.9602606290752758,-3.8450400420767967,-2.122746858273008,True,8.235087286077484,6.42086031615676,13.04282605520389,0.8010723845598846,0.6763257575757576,0.9074074074074074,Healthy,0.6924484848484849,0.5,0.8333333333333334,0.9586031746031747,0.7777777777777778,1.0,0.7998925796862086,0.6666666666666666,0.9090909090909091,9,12,Results/F2_xy/Generated_Plots_MC/F2_xy_T_T-Dist_tdist.pdf,Results/F2_xy/Generated_Plots_MC/F2_xy_T_T-Dist_boxplot.pdf,Results/F2_xy/Generated_Plots_MC/F2_xy_T_T-Dist_roc.pdf,Results/F2_xy/Generated_Plots_MC/F2_xy_T_T-Dist_cm.pdf,Results/F2_xy/Generated_Plots_MC/F2_xy_T_T-Dist_p_value_mc_dist.pdf,Results/F2_xy/Generated_Plots_MC/F2_xy_T_T-Dist_threshold_mc_dist.pdf,Results/F2_xy/Generated_Plots_MC/F2_xy_T_T-Dist_f1_score_mc_dist.pdf
F2_xy,T,Compact,t_Compact,not_equal,False,500,0.6458040486414104,0.23754874667788084,0.9832305480393981,-0.477421432636196,-1.2261888422144378,0.15080853708721137,False,0.38799391247976667,0.15701234821013074,0.950397068754733,0.5890555555555556,0.4722222222222222,0.6759259259259259,Healthy,0.7818333333333335,0.3333333333333333,0.9166666666666666,0.5724444444444444,0.3333333333333333,0.9166666666666666,0.733441187249361,0.46153846153846156,0.8148148148148148,9,12,Results/F2_xy/Generated_Plots_MC/F2_xy_T_Compact_tdist.pdf,Results/F2_xy/Generated_Plots_MC/F2_xy_T_Compact_boxplot.pdf,Results/F2_xy/Generated_Plots_MC/F2_xy_T_Compact_roc.pdf,Results/F2_xy/Generated_Plots_MC/F2_xy_T_Compact_cm.pdf,Results/F2_xy/Generated_Plots_MC/F2_xy_T_Compact_p_value_mc_dist.pdf,Results/F2_xy/Generated_Plots_MC/F2_xy_T_Compact_threshold_mc_dist.pdf,Results/F2_xy/Generated_Plots_MC/F2_xy_T_Compact_f1_score_mc_dist.pdf
F2_xy,T,Angle,t_Angle,not_equal,False,500,0.817824220437853,0.5867069661926667,0.9933712500707603,-0.22508203733754586,-0.5568350242055636,0.07306034419658192,False,-81.34931634369929,-97.97270902864642,47.203312942431566,0.5814259259259259,0.42592592592592593,0.6296296296296297,Healthy,0.7785,0.2222222222222222,0.8333333333333334,0.5955555555555554,0.5555555555555556,1.0,0.7363823636588855,0.36363636363636365,0.7692307692307693,9,12,Results/F2_xy/Generated_Plots_MC/F2_xy_T_Angle_tdist.pdf,Results/F2_xy/Generated_Plots_MC/F2_xy_T_Angle_boxplot.pdf,Results/F2_xy/Generated_Plots_MC/F2_xy_T_Angle_roc.pdf,Results/F2_xy/Generated_Plots_MC/F2_xy_T_Angle_cm.pdf,Results/F2_xy/Generated_Plots_MC/F2_xy_T_Angle_p_value_mc_dist.pdf,Results/F2_xy/Generated_Plots_MC/F2_xy_T_Angle_threshold_mc_dist.pdf,Results/F2_xy/Generated_Plots_MC/F2_xy_T_Angle_f1_score_mc_dist.pdf
F2_xy,QRS,Area,qrs_Area,not_equal,True,500,0.06489644819139126,0.013724739308626431,0.21003246081652951,-2.208283522641198,-2.950418316870864,-1.3430906911023548,False,31.98072754106415,18.920131452357033,49.95702187882273,0.8214513347763348,0.6706250000000001,0.925,Healthy,0.7352434343434344,0.5,0.9090909090909091,0.9536111111111112,0.7631944444444447,1.0,0.8252781586626532,0.6666666666666666,0.9523809523809523,9,12,Results/F2_xy/Generated_Plots_MC/F2_xy_QRS_Area_tdist.pdf,Results/F2_xy/Generated_Plots_MC/F2_xy_QRS_Area_boxplot.pdf,Results/F2_xy/Generated_Plots_MC/F2_xy_QRS_Area_roc.pdf,Results/F2_xy/Generated_Plots_MC/F2_xy_QRS_Area_cm.pdf,Results/F2_xy/Generated_Plots_MC/F2_xy_QRS_Area_p_value_mc_dist.pdf,Results/F2_xy/Generated_Plots_MC/F2_xy_QRS_Area_threshold_mc_dist.pdf,Results/F2_xy/Generated_Plots_MC/F2_xy_QRS_Area_f1_score_mc_dist.pdf
F2_xy,QRS,T-Dist,qrs_T-Dist,not_equal,True,500,0.0027757145781031676,0.0001692372454000394,0.012086145283719037,-3.936118621631933,-5.145023818462635,-2.8947340674369486,True,22.49648483244558,14.500128016577627,29.615753283800554,0.8835519721019721,0.7970959595959597,0.9519444444444444,Healthy,0.7727909090909091,0.5833333333333334,0.9166666666666666,0.9701944444444446,0.8239583333333343,1.0,0.8588162338974198,0.7368421052631579,0.9473684210526315,9,12,Results/F2_xy/Generated_Plots_MC/F2_xy_QRS_T-Dist_tdist.pdf,Results/F2_xy/Generated_Plots_MC/F2_xy_QRS_T-Dist_boxplot.pdf,Results/F2_xy/Generated_Plots_MC/F2_xy_QRS_T-Dist_roc.pdf,Results/F2_xy/Generated_Plots_MC/F2_xy_QRS_T-Dist_cm.pdf,Results/F2_xy/Generated_Plots_MC/F2_xy_QRS_T-Dist_p_value_mc_dist.pdf,Results/F2_xy/Generated_Plots_MC/F2_xy_QRS_T-Dist_threshold_mc_dist.pdf,Results/F2_xy/Generated_Plots_MC/F2_xy_QRS_T-Dist_f1_score_mc_dist.pdf
F2_xy,QRS,Compact,qrs_Compact,not_equal,True,500,0.6029283687272968,0.11575084407158895,0.984547381875787,0.009039372727566015,-1.3842275168129743,1.5344940109417518,False,0.4646490429691986,0.09961443353521121,0.8948172256739279,0.560186385682219,0.4375,0.7166386083052749,ARVC,0.5315563492063493,0.2222222222222222,1.0,0.7730448773448774,0.3333333333333333,1.0,0.5660973969630199,0.34772727272727305,0.7692307692307693,9,12,Results/F2_xy/Generated_Plots_MC/F2_xy_QRS_Compact_tdist.pdf,Results/F2_xy/Generated_Plots_MC/F2_xy_QRS_Compact_boxplot.pdf,Results/F2_xy/Generated_Plots_MC/F2_xy_QRS_Compact_roc.pdf,Results/F2_xy/Generated_Plots_MC/F2_xy_QRS_Compact_cm.pdf,Results/F2_xy/Generated_Plots_MC/F2_xy_QRS_Compact_p_value_mc_dist.pdf,Results/F2_xy/Generated_Plots_MC/F2_xy_QRS_Compact_threshold_mc_dist.pdf,Results/F2_xy/Generated_Plots_MC/F2_xy_QRS_Compact_f1_score_mc_dist.pdf
F2_xy,QRS,Angle,qrs_Angle,not_equal,False,500,0.43536967757223183,0.09191129815926655,0.9402966328604155,-0.8476380600518022,-1.8335655749881472,0.43003707347037456,False,-77.3295285252359,-105.07195471869593,32.69292728539162,0.6270925925925926,0.4488425925925927,0.7407407407407407,Healthy,0.7686666666666667,0.2222222222222222,1.0,0.6020555555555556,0.3333333333333333,1.0,0.7233076591569291,0.36363636363636365,0.8571428571428571,9,12,Results/F2_xy/Generated_Plots_MC/F2_xy_QRS_Angle_tdist.pdf,Results/F2_xy/Generated_Plots_MC/F2_xy_QRS_Angle_boxplot.pdf,Results/F2_xy/Generated_Plots_MC/F2_xy_QRS_Angle_roc.pdf,Results/F2_xy/Generated_Plots_MC/F2_xy_QRS_Angle_cm.pdf,Results/F2_xy/Generated_Plots_MC/F2_xy_QRS_Angle_p_value_mc_dist.pdf,Results/F2_xy/Generated_Plots_MC/F2_xy_QRS_Angle_threshold_mc_dist.pdf,Results/F2_xy/Generated_Plots_MC/F2_xy_QRS_Angle_f1_score_mc_dist.pdf
F2_xy,ST,Area,st_Area,not_equal,True,500,0.09140475763753478,0.002326956054959313,0.4725505930136115,-2.4070866890498905,-4.015218619692304,-0.7479982363913872,False,12.311376721470511,4.124059200223834,30.71515776605471,0.8054279381112714,0.573125,0.9872686688311689,Healthy,0.7359520202020202,0.45454545454545453,1.0,0.9557666666666667,0.6666666666666666,1.0,0.824741042604813,0.625,0.9523809523809523,9,12,Results/F2_xy/Generated_Plots_MC/F2_xy_ST_Area_tdist.pdf,Results/F2_xy/Generated_Plots_MC/F2_xy_ST_Area_boxplot.pdf,Results/F2_xy/Generated_Plots_MC/F2_xy_ST_Area_roc.pdf,Results/F2_xy/Generated_Plots_MC/F2_xy_ST_Area_cm.pdf,Results/F2_xy/Generated_Plots_MC/F2_xy_ST_Area_p_value_mc_dist.pdf,Results/F2_xy/Generated_Plots_MC/F2_xy_ST_Area_threshold_mc_dist.pdf,Results/F2_xy/Generated_Plots_MC/F2_xy_ST_Area_f1_score_mc_dist.pdf
F2_xy,ST,T-Dist,st_T-Dist,not_equal,True,500,0.1003905780035204,7.926725984559174e-05,0.7553922728925943,-2.683133261341828,-5.705841855883425,-0.30378537646062875,False,4.244730390866205,1.5409224776077557,7.949507799892453,0.79810386002886,0.5581033549783551,0.9892534722222222,Healthy,0.728690404040404,0.4166666666666667,1.0,0.9267365079365079,0.5885416666666674,1.0,0.8075455099189061,0.5630952380952382,0.9565217391304348,9,12,Results/F2_xy/Generated_Plots_MC/F2_xy_ST_T-Dist_tdist.pdf,Results/F2_xy/Generated_Plots_MC/F2_xy_ST_T-Dist_boxplot.pdf,Results/F2_xy/Generated_Plots_MC/F2_xy_ST_T-Dist_roc.pdf,Results/F2_xy/Generated_Plots_MC/F2_xy_ST_T-Dist_cm.pdf,Results/F2_xy/Generated_Plots_MC/F2_xy_ST_T-Dist_p_value_mc_dist.pdf,Results/F2_xy/Generated_Plots_MC/F2_xy_ST_T-Dist_threshold_mc_dist.pdf,Results/F2_xy/Generated_Plots_MC/F2_xy_ST_T-Dist_f1_score_mc_dist.pdf
F2_xy,ST,Compact,st_Compact,not_equal,True,500,0.37407520268432837,0.008468054044665007,0.9669919243154608,1.0640009301802227,-0.987020964078087,3.125481926369112,False,0.29305087259805357,0.05972642929894939,0.5427430463413282,0.640997269320186,0.4734217171717172,0.8771913580246913,ARVC,0.6307088023088023,0.25,1.0,0.7737616883116883,0.3158333333333337,1.0,0.6474584117251783,0.4,0.8571428571428571,9,12,Results/F2_xy/Generated_Plots_MC/F2_xy_ST_Compact_tdist.pdf,Results/F2_xy/Generated_Plots_MC/F2_xy_ST_Compact_boxplot.pdf,Results/F2_xy/Generated_Plots_MC/F2_xy_ST_Compact_roc.pdf,Results/F2_xy/Generated_Plots_MC/F2_xy_ST_Compact_cm.pdf,Results/F2_xy/Generated_Plots_MC/F2_xy_ST_Compact_p_value_mc_dist.pdf,Results/F2_xy/Generated_Plots_MC/F2_xy_ST_Compact_threshold_mc_dist.pdf,Results/F2_xy/Generated_Plots_MC/F2_xy_ST_Compact_f1_score_mc_dist.pdf
F2_xy,ST,Angle,st_Angle,not_equal,False,500,0.5806349721838201,0.11079005465836211,0.9794339998328265,-0.4128991482043934,-1.6909169019811685,0.8607540121575017,False,71.81497784399248,-125.82161812134858,150.33601943518028,0.5692962962962963,0.4074074074074074,0.7222222222222222,Healthy,0.6187777777777779,0.16666666666666666,1.0,0.6557777777777777,0.16666666666666666,1.0,0.6045882903017185,0.2857142857142857,0.7741935483870968,9,12,Results/F2_xy/Generated_Plots_MC/F2_xy_ST_Angle_tdist.pdf,Results/F2_xy/Generated_Plots_MC/F2_xy_ST_Angle_boxplot.pdf,Results/F2_xy/Generated_Plots_MC/F2_xy_ST_Angle_roc.pdf,Results/F2_xy/Generated_Plots_MC/F2_xy_ST_Angle_cm.pdf,Results/F2_xy/Generated_Plots_MC/F2_xy_ST_Angle_p_value_mc_dist.pdf,Results/F2_xy/Generated_Plots_MC/F2_xy_ST_Angle_threshold_mc_dist.pdf,Results/F2_xy/Generated_Plots_MC/F2_xy_ST_Angle_f1_score_mc_dist.pdf
EY_xy,T,Area,t_Area,not_equal,True,500,0.024339513241909912,0.012528643708127153,0.04156563036485295,-2.6222346402198276,-2.958907817854603,-2.307786248144742,True,21.85624816163898,14.950764326071242,30.119907903583858,0.8006140734265734,0.7129629629629629,0.8564867424242424,Healthy,0.7058307692307692,0.5454545454545454,0.8333333333333334,0.9739722222222222,0.7777777777777778,1.0,0.8154733286463466,0.7058823529411765,0.9090909090909091,9,13,Results/EY_xy/Generated_Plots_MC/EY_xy_T_Area_tdist.pdf,Results/EY_xy/Generated_Plots_MC/EY_xy_T_Area_boxplot.pdf,Results/EY_xy/Generated_Plots_MC/EY_xy_T_Area_roc.pdf,Results/EY_xy/Generated_Plots_MC/EY_xy_T_Area_cm.pdf,Results/EY_xy/Generated_Plots_MC/EY_xy_T_Area_p_value_mc_dist.pdf,Results/EY_xy/Generated_Plots_MC/EY_xy_T_Area_threshold_mc_dist.pdf,Results/EY_xy/Generated_Plots_MC/EY_xy_T_Area_f1_score_mc_dist.pdf
EY_xy,T,T-Dist,t_T-Dist,not_equal,True,500,0.40901506709539504,0.11351360539777502,0.9384521827583131,-0.8681902473332914,-1.6835074449156215,0.34196753718521,False,13.182652942646524,4.284423550739378,20.33611812973204,0.5300126618751618,0.425925925925926,0.631125356125356,Healthy,0.37776418026418024,0.25,1.0,0.9521621212121212,0.45454545454545453,1.0,0.5131863864951548,0.4,0.7,9,13,Results/EY_xy/Generated_Plots_MC/EY_xy_T_T-Dist_tdist.pdf,Results/EY_xy/Generated_Plots_MC/EY_xy_T_T-Dist_boxplot.pdf,Results/EY_xy/Generated_Plots_MC/EY_xy_T_T-Dist_roc.pdf,Results/EY_xy/Generated_Plots_MC/EY_xy_T_T-Dist_cm.pdf,Results/EY_xy/Generated_Plots_MC/EY_xy_T_T-Dist_p_value_mc_dist.pdf,Results/EY_xy/Generated_Plots_MC/EY_xy_T_T-Dist_threshold_mc_dist.pdf,Results/EY_xy/Generated_Plots_MC/EY_xy_T_T-Dist_f1_score_mc_dist.pdf
EY_xy,T,Compact,t_Compact,not_equal,False,500,0.3179808847478254,0.03580793130541023,0.7856276752425808,-1.14956612662326,-2.2551159391253988,-0.2603414501664791,False,0.37334177994838874,0.10553475124864332,0.6743922949288528,0.6430598290598291,0.5384615384615384,0.7521367521367522,Healthy,0.7154700854700855,0.38461538461538464,1.0,0.6489914529914529,0.3333333333333333,1.0,0.7183165308651951,0.5125000000000003,0.8275862068965517,9,13,Results/EY_xy/Generated_Plots_MC/EY_xy_T_Compact_tdist.pdf,Results/EY_xy/Generated_Plots_MC/EY_xy_T_Compact_boxplot.pdf,Results/EY_xy/Generated_Plots_MC/EY_xy_T_Compact_roc.pdf,Results/EY_xy/Generated_Plots_MC/EY_xy_T_Compact_cm.pdf,Results/EY_xy/Generated_Plots_MC/EY_xy_T_Compact_p_value_mc_dist.pdf,Results/EY_xy/Generated_Plots_MC/EY_xy_T_Compact_threshold_mc_dist.pdf,Results/EY_xy/Generated_Plots_MC/EY_xy_T_Compact_f1_score_mc_dist.pdf
EY_xy,T,Angle,t_Angle,not_equal,False,500,0.7534471208757063,0.38512149756907177,0.9891714767062865,0.14359693003444607,-0.6111542776187322,0.8596906630860771,False,-93.2942933006695,-157.71763808069085,173.8518092215266,0.5318632478632478,0.4444444444444444,0.6153846153846154,ARVC,0.6602393162393162,0.1111111111111111,1.0,0.5471623931623932,0.15384615384615385,1.0,0.5746893229388349,0.2,0.7308888888888884,9,13,Results/EY_xy/Generated_Plots_MC/EY_xy_T_Angle_tdist.pdf,Results/EY_xy/Generated_Plots_MC/EY_xy_T_Angle_boxplot.pdf,Results/EY_xy/Generated_Plots_MC/EY_xy_T_Angle_roc.pdf,Results/EY_xy/Generated_Plots_MC/EY_xy_T_Angle_cm.pdf,Results/EY_xy/Generated_Plots_MC/EY_xy_T_Angle_p_value_mc_dist.pdf,Results/EY_xy/Generated_Plots_MC/EY_xy_T_Angle_threshold_mc_dist.pdf,Results/EY_xy/Generated_Plots_MC/EY_xy_T_Angle_f1_score_mc_dist.pdf
EY_xy,QRS,Area,qrs_Area,not_equal,True,500,0.4044685378015947,0.0879530470236696,0.9434845695740867,-0.7753863796141732,-1.8339923433789953,1.1707845727315926,False,257.0387919038959,28.318978571268293,479.70024191943725,0.5026759583009583,0.4007260101010101,0.6879292929292928,Healthy,0.405010212010212,0.18181818181818182,1.0,0.9181061216561217,0.4166666666666667,1.0,0.5173446556694826,0.3076923076923077,0.7322966507177031,9,13,Results/EY_xy/Generated_Plots_MC/EY_xy_QRS_Area_tdist.pdf,Results/EY_xy/Generated_Plots_MC/EY_xy_QRS_Area_boxplot.pdf,Results/EY_xy/Generated_Plots_MC/EY_xy_QRS_Area_roc.pdf,Results/EY_xy/Generated_Plots_MC/EY_xy_QRS_Area_cm.pdf,Results/EY_xy/Generated_Plots_MC/EY_xy_QRS_Area_p_value_mc_dist.pdf,Results/EY_xy/Generated_Plots_MC/EY_xy_QRS_Area_threshold_mc_dist.pdf,Results/EY_xy/Generated_Plots_MC/EY_xy_QRS_Area_f1_score_mc_dist.pdf
EY_xy,QRS,T-Dist,qrs_T-Dist,not_equal,True,500,0.5713296340028371,0.16618011146693334,0.9747669608530806,-0.48773494292703706,-1.4379605097229085,0.799658743962041,False,34.52522728483542,8.513566561912832,61.492593321156406,0.5383087426462426,0.4533297720797721,0.6358440170940169,Healthy,0.4802294094794095,0.16666666666666666,1.0,0.8085500333000332,0.25,1.0,0.5422007114589642,0.2857142857142857,0.72,9,13,Results/EY_xy/Generated_Plots_MC/EY_xy_QRS_T-Dist_tdist.pdf,Results/EY_xy/Generated_Plots_MC/EY_xy_QRS_T-Dist_boxplot.pdf,Results/EY_xy/Generated_Plots_MC/EY_xy_QRS_T-Dist_roc.pdf,Results/EY_xy/Generated_Plots_MC/EY_xy_QRS_T-Dist_cm.pdf,Results/EY_xy/Generated_Plots_MC/EY_xy_QRS_T-Dist_p_value_mc_dist.pdf,Results/EY_xy/Generated_Plots_MC/EY_xy_QRS_T-Dist_threshold_mc_dist.pdf,Results/EY_xy/Generated_Plots_MC/EY_xy_QRS_T-Dist_f1_score_mc_dist.pdf
EY_xy,QRS,Compact,qrs_Compact,not_equal,True,500,0.6368880375189563,0.13375854565862247,0.9867359334741416,0.03241714026773672,-1.264136628494682,1.4537900224730922,False,0.7228026120334373,0.16318443182880182,1.278074139746036,0.5600525146150146,0.46153846153846156,0.7053418803418802,ARVC,0.5956168553668554,0.23076923076923078,1.0,0.713897324897325,0.23076923076923078,1.0,0.5805792281635397,0.375,0.7456018518518516,9,13,Results/EY_xy/Generated_Plots_MC/EY_xy_QRS_Compact_tdist.pdf,Results/EY_xy/Generated_Plots_MC/EY_xy_QRS_Compact_boxplot.pdf,Results/EY_xy/Generated_Plots_MC/EY_xy_QRS_Compact_roc.pdf,Results/EY_xy/Generated_Plots_MC/EY_xy_QRS_Compact_cm.pdf,Results/EY_xy/Generated_Plots_MC/EY_xy_QRS_Compact_p_value_mc_dist.pdf,Results/EY_xy/Generated_Plots_MC/EY_xy_QRS_Compact_threshold_mc_dist.pdf,Results/EY_xy/Generated_Plots_MC/EY_xy_QRS_Compact_f1_score_mc_dist.pdf
EY_xy,QRS,Angle,qrs_Angle,not_equal,False,500,0.44134651930087127,0.03427989861186668,0.9660019065296599,-0.8638641821739983,-2.2957611477047664,0.5369750369814309,False,-58.40308469870563,-136.0316153029854,45.442526290419174,0.5530769230769231,0.4188034188034188,0.6923076923076923,Healthy,0.49147008547008547,0.23076923076923078,1.0,0.8416239316239317,0.3076923076923077,1.0,0.570502273463563,0.375,0.7343434343434341,9,13,Results/EY_xy/Generated_Plots_MC/EY_xy_QRS_Angle_tdist.pdf,Results/EY_xy/Generated_Plots_MC/EY_xy_QRS_Angle_boxplot.pdf,Results/EY_xy/Generated_Plots_MC/EY_xy_QRS_Angle_roc.pdf,Results/EY_xy/Generated_Plots_MC/EY_xy_QRS_Angle_cm.pdf,Results/EY_xy/Generated_Plots_MC/EY_xy_QRS_Angle_p_value_mc_dist.pdf,Results/EY_xy/Generated_Plots_MC/EY_xy_QRS_Angle_threshold_mc_dist.pdf,Results/EY_xy/Generated_Plots_MC/EY_xy_QRS_Angle_f1_score_mc_dist.pdf
EY_xy,ST,Area,st_Area,not_equal,True,500,0.4347641105940627,0.028401898618251726,0.975201851781764,-0.2590531483441639,-2.4276104528753812,1.926311161960262,False,25.762785330087087,-1.1422815243898294,105.17510669950589,0.5961843688256188,0.4437815656565656,0.8084722222222221,Healthy,0.5810054667554667,0.18181818181818182,1.0,0.7585457098457098,0.25,1.0,0.6122049521282513,0.3076923076923077,0.8181818181818182,9,13,Results/EY_xy/Generated_Plots_MC/EY_xy_ST_Area_tdist.pdf,Results/EY_xy/Generated_Plots_MC/EY_xy_ST_Area_boxplot.pdf,Results/EY_xy/Generated_Plots_MC/EY_xy_ST_Area_roc.pdf,Results/EY_xy/Generated_Plots_MC/EY_xy_ST_Area_cm.pdf,Results/EY_xy/Generated_Plots_MC/EY_xy_ST_Area_p_value_mc_dist.pdf,Results/EY_xy/Generated_Plots_MC/EY_xy_ST_Area_threshold_mc_dist.pdf,Results/EY_xy/Generated_Plots_MC/EY_xy_ST_Area_f1_score_mc_dist.pdf
EY_xy,ST,T-Dist,st_T-Dist,not_equal,True,500,0.16816712406694428,0.00042642774416656973,0.7838856252149484,-2.0625909928528467,-4.571590369427586,0.2627916303478753,False,3.2739102963027773,0.4532041995134572,8.08532642973964,0.7350756075714409,0.5,0.9375,Healthy,0.6998506993006992,0.3333333333333333,1.0,0.8301410478410478,0.4444444444444444,1.0,0.7581030741427174,0.47058823529411764,0.9166666666666666,9,13,Results/EY_xy/Generated_Plots_MC/EY_xy_ST_T-Dist_tdist.pdf,Results/EY_xy/Generated_Plots_MC/EY_xy_ST_T-Dist_boxplot.pdf,Results/EY_xy/Generated_Plots_MC/EY_xy_ST_T-Dist_roc.pdf,Results/EY_xy/Generated_Plots_MC/EY_xy_ST_T-Dist_cm.pdf,Results/EY_xy/Generated_Plots_MC/EY_xy_ST_T-Dist_p_value_mc_dist.pdf,Results/EY_xy/Generated_Plots_MC/EY_xy_ST_T-Dist_threshold_mc_dist.pdf,Results/EY_xy/Generated_Plots_MC/EY_xy_ST_T-Dist_f1_score_mc_dist.pdf
EY_xy,ST,Compact,st_Compact,not_equal,True,500,0.11098539383040514,0.0003809583027515759,0.6277440884615562,2.3948892784209277,0.3783075073943807,5.2071193373588205,False,0.28177674397205554,0.0927062122411428,0.5248913865943783,0.7591672706922706,0.5257812500000001,0.9584307359307358,ARVC,0.729281746031746,0.375,1.0,0.8399188367188367,0.5,1.0,0.7422839562269716,0.5454545454545454,0.9284615384615382,9,13,Results/EY_xy/Generated_Plots_MC/EY_xy_ST_Compact_tdist.pdf,Results/EY_xy/Generated_Plots_MC/EY_xy_ST_Compact_boxplot.pdf,Results/EY_xy/Generated_Plots_MC/EY_xy_ST_Compact_roc.pdf,Results/EY_xy/Generated_Plots_MC/EY_xy_ST_Compact_cm.pdf,Results/EY_xy/Generated_Plots_MC/EY_xy_ST_Compact_p_value_mc_dist.pdf,Results/EY_xy/Generated_Plots_MC/EY_xy_ST_Compact_threshold_mc_dist.pdf,Results/EY_xy/Generated_Plots_MC/EY_xy_ST_Compact_f1_score_mc_dist.pdf
EY_xy,ST,Angle,st_Angle,not_equal,False,500,0.6404804459220548,0.2184971146194161,0.9818779569645227,-0.2558174593487461,-1.1917928649751852,0.98399867421884,False,46.895534688148736,-29.995862712789364,110.83391862261085,0.5418974358974359,0.45299145299145305,0.6495726495726495,Healthy,0.6308717948717949,0.15384615384615385,1.0,0.6113675213675214,0.2222222222222222,1.0,0.5985119582329922,0.26666666666666666,0.7878787878787878,9,13,Results/EY_xy/Generated_Plots_MC/EY_xy_ST_Angle_tdist.pdf,Results/EY_xy/Generated_Plots_MC/EY_xy_ST_Angle_boxplot.pdf,Results/EY_xy/Generated_Plots_MC/EY_xy_ST_Angle_roc.pdf,Results/EY_xy/Generated_Plots_MC/EY_xy_ST_Angle_cm.pdf,Results/EY_xy/Generated_Plots_MC/EY_xy_ST_Angle_p_value_mc_dist.pdf,Results/EY_xy/Generated_Plots_MC/EY_xy_ST_Angle_threshold_mc_dist.pdf,Results/EY_xy/Generated_Plots_MC/EY_xy_ST_Angle_f1_score_mc_dist.pdf
YP_yz,T,Area,t_Area,not_equal,True,500,0.0010124252884296755,0.0004067327233881891,0.0021498149311145864,-4.456344154767854,-4.978044791521291,-3.893677593699424,True,23.415665594481474,16.207230633447654,43.056381904094735,0.9244060592185592,0.8907738095238096,0.9560439560439561,Healthy,0.9010769230769231,0.8333333333333334,0.9230769230769231,0.99975,1.0,1.0,0.9474984603801995,0.9090909090909091,0.96,8,13,Results/YP_yz/Generated_Plots_MC/YP_yz_T_Area_tdist.pdf,Results/YP_yz/Generated_Plots_MC/YP_yz_T_Area_boxplot.pdf,Results/YP_yz/Generated_Plots_MC/YP_yz_T_Area_roc.pdf,Results/YP_yz/Generated_Plots_MC/YP_yz_T_Area_cm.pdf,Results/YP_yz/Generated_Plots_MC/YP_yz_T_Area_p_value_mc_dist.pdf,Results/YP_yz/Generated_Plots_MC/YP_yz_T_Area_threshold_mc_dist.pdf,Results/YP_yz/Generated_Plots_MC/YP_yz_T_Area_f1_score_mc_dist.pdf
YP_yz,T,T-Dist,t_T-Dist,not_equal,True,500,0.011468525600306232,0.0004903608526623885,0.050553512226472676,-3.2485267955798625,-4.5723383016657415,-2.1468977208096915,True,11.135025122205015,8.627112827941133,13.9342110301174,0.8109805597180597,0.6923076923076923,0.9296130952380951,Healthy,0.7440662781662781,0.5833333333333334,0.9166666666666666,0.9772619047619048,0.8571428571428571,1.0,0.8435731810170956,0.7318181818181819,0.9545548654244306,8,13,Results/YP_yz/Generated_Plots_MC/YP_yz_T_T-Dist_tdist.pdf,Results/YP_yz/Generated_Plots_MC/YP_yz_T_T-Dist_boxplot.pdf,Results/YP_yz/Generated_Plots_MC/YP_yz_T_T-Dist_roc.pdf,Results/YP_yz/Generated_Plots_MC/YP_yz_T_T-Dist_cm.pdf,Results/YP_yz/Generated_Plots_MC/YP_yz_T_T-Dist_p_value_mc_dist.pdf,Results/YP_yz/Generated_Plots_MC/YP_yz_T_T-Dist_threshold_mc_dist.pdf,Results/YP_yz/Generated_Plots_MC/YP_yz_T_T-Dist_f1_score_mc_dist.pdf
YP_yz,T,Compact,t_Compact,not_equal,False,500,0.19632612645447742,0.026105279704126565,0.5821740894710254,-1.484045296780157,-2.42418520329473,-0.5616163494979732,False,0.9003013597793662,0.3743965746805065,1.3090098994370973,0.6407307692307693,0.5384615384615384,0.75,Healthy,0.5107692307692308,0.3076923076923077,1.0,0.85175,0.375,1.0,0.6149476882108099,0.47058823529411764,0.8275862068965517,8,13,Results/YP_yz/Generated_Plots_MC/YP_yz_T_Compact_tdist.pdf,Results/YP_yz/Generated_Plots_MC/YP_yz_T_Compact_boxplot.pdf,Results/YP_yz/Generated_Plots_MC/YP_yz_T_Compact_roc.pdf,Results/YP_yz/Generated_Plots_MC/YP_yz_T_Compact_cm.pdf,Results/YP_yz/Generated_Plots_MC/YP_yz_T_Compact_p_value_mc_dist.pdf,Results/YP_yz/Generated_Plots_MC/YP_yz_T_Compact_threshold_mc_dist.pdf,Results/YP_yz/Generated_Plots_MC/YP_yz_T_Compact_f1_score_mc_dist.pdf
YP_yz,T,Angle,t_Angle,not_equal,False,500,0.4162965766147099,0.11989954702783769,0.9155027456687511,0.8952133061151303,-0.015403610464569159,1.644162585813576,False,-52.642514755253444,-152.66941366406212,140.7264660885748,0.6581923076923076,0.4990384615384619,0.7550480769230767,ARVC,0.8399038461538462,0.5,1.0,0.5546730769230769,0.3076923076923077,0.9230769230769231,0.6503380500690139,0.5333333333333333,0.7272727272727273,8,13,Results/YP_yz/Generated_Plots_MC/YP_yz_T_Angle_tdist.pdf,Results/YP_yz/Generated_Plots_MC/YP_yz_T_Angle_boxplot.pdf,Results/YP_yz/Generated_Plots_MC/YP_yz_T_Angle_roc.pdf,Results/YP_yz/Generated_Plots_MC/YP_yz_T_Angle_cm.pdf,Results/YP_yz/Generated_Plots_MC/YP_yz_T_Angle_p_value_mc_dist.pdf,Results/YP_yz/Generated_Plots_MC/YP_yz_T_Angle_threshold_mc_dist.pdf,Results/YP_yz/Generated_Plots_MC/YP_yz_T_Angle_f1_score_mc_dist.pdf
YP_yz,QRS,Area,qrs_Area,not_equal,True,500,0.21870545388465581,0.020927034634856005,0.8510089546596107,-1.4707925700100148,-2.5983258120106867,0.2398007815326687,False,67.49821271112076,14.848471541034929,123.36607738962911,0.6048719613719613,0.46875,0.7307692307692308,Healthy,0.46188757908757905,0.25,0.9130681818181816,0.9345145021645022,0.375,1.0,0.5970003351587764,0.4,0.7657509157509156,8,13,Results/YP_yz/Generated_Plots_MC/YP_yz_QRS_Area_tdist.pdf,Results/YP_yz/Generated_Plots_MC/YP_yz_QRS_Area_boxplot.pdf,Results/YP_yz/Generated_Plots_MC/YP_yz_QRS_Area_roc.pdf,Results/YP_yz/Generated_Plots_MC/YP_yz_QRS_Area_cm.pdf,Results/YP_yz/Generated_Plots_MC/YP_yz_QRS_Area_p_value_mc_dist.pdf,Results/YP_yz/Generated_Plots_MC/YP_yz_QRS_Area_threshold_mc_dist.pdf,Results/YP_yz/Generated_Plots_MC/YP_yz_QRS_Area_f1_score_mc_dist.pdf
YP_yz,QRS,T-Dist,qrs_T-Dist,not_equal,True,500,0.1632857960214359,0.007717194643558249,0.7470536132652437,-1.7633678187127761,-3.0382983330976474,-0.32270225880282694,False,31.46704970666583,13.62525828306728,45.81280630893305,0.6716950507825509,0.5340097402597402,0.7945741758241757,Healthy,0.574340442890443,0.3076923076923077,0.9230769230769231,0.871,0.375,1.0,0.6854167434878675,0.47058823529411764,0.8361559139784945,8,13,Results/YP_yz/Generated_Plots_MC/YP_yz_QRS_T-Dist_tdist.pdf,Results/YP_yz/Generated_Plots_MC/YP_yz_QRS_T-Dist_boxplot.pdf,Results/YP_yz/Generated_Plots_MC/YP_yz_QRS_T-Dist_roc.pdf,Results/YP_yz/Generated_Plots_MC/YP_yz_QRS_T-Dist_cm.pdf,Results/YP_yz/Generated_Plots_MC/YP_yz_QRS_T-Dist_p_value_mc_dist.pdf,Results/YP_yz/Generated_Plots_MC/YP_yz_QRS_T-Dist_threshold_mc_dist.pdf,Results/YP_yz/Generated_Plots_MC/YP_yz_QRS_T-Dist_f1_score_mc_dist.pdf
YP_yz,QRS,Compact,qrs_Compact,not_equal,True,500,0.5658121591342744,0.05643520231995761,0.9839605443894993,-0.24129883047059508,-2.045310366759204,1.336042358115132,False,0.249839326619301,0.027479853863985715,0.5384624559107283,0.5766240322177822,0.47115384615384615,0.7263236763236762,Healthy,0.5886840381840381,0.23076923076923078,1.0,0.7269354811854812,0.23076923076923078,1.0,0.6048112560891882,0.36363636363636365,0.8275862068965517,8,13,Results/YP_yz/Generated_Plots_MC/YP_yz_QRS_Compact_tdist.pdf,Results/YP_yz/Generated_Plots_MC/YP_yz_QRS_Compact_boxplot.pdf,Results/YP_yz/Generated_Plots_MC/YP_yz_QRS_Compact_roc.pdf,Results/YP_yz/Generated_Plots_MC/YP_yz_QRS_Compact_cm.pdf,Results/YP_yz/Generated_Plots_MC/YP_yz_QRS_Compact_p_value_mc_dist.pdf,Results/YP_yz/Generated_Plots_MC/YP_yz_QRS_Compact_threshold_mc_dist.pdf,Results/YP_yz/Generated_Plots_MC/YP_yz_QRS_Compact_f1_score_mc_dist.pdf
YP_yz,QRS,Angle,qrs_Angle,not_equal,False,500,0.7302008027071581,0.35064067587442743,0.9879726782406795,0.08336376345785522,-0.7658078009282303,0.9444427658415419,False,92.92671690776848,-169.23915384735662,171.74661097066087,0.5443461538461538,0.4423076923076923,0.6634615384615384,ARVC,0.6324423076923076,0.23076923076923078,1.0,0.6249038461538462,0.125,1.0,0.5764775316821085,0.375,0.7878787878787878,8,13,Results/YP_yz/Generated_Plots_MC/YP_yz_QRS_Angle_tdist.pdf,Results/YP_yz/Generated_Plots_MC/YP_yz_QRS_Angle_boxplot.pdf,Results/YP_yz/Generated_Plots_MC/YP_yz_QRS_Angle_roc.pdf,Results/YP_yz/Generated_Plots_MC/YP_yz_QRS_Angle_cm.pdf,Results/YP_yz/Generated_Plots_MC/YP_yz_QRS_Angle_p_value_mc_dist.pdf,Results/YP_yz/Generated_Plots_MC/YP_yz_QRS_Angle_threshold_mc_dist.pdf,Results/YP_yz/Generated_Plots_MC/YP_yz_QRS_Angle_f1_score_mc_dist.pdf
YP_yz,ST,Area,st_Area,not_equal,True,500,0.09715706134717127,0.0010676745519599218,0.6569051525605585,-2.3719154930370285,-4.190606188613249,-0.29787081745617616,False,20.538229980552817,3.951670076904902,50.67451865416815,0.717203735550164,0.5119047619047619,0.9038194444444444,Healthy,0.632114973914974,0.3333333333333333,0.9166666666666666,0.931300072150072,0.625,1.0,0.7436065420129991,0.5,0.9166666666666666,8,13,Results/YP_yz/Generated_Plots_MC/YP_yz_ST_Area_tdist.pdf,Results/YP_yz/Generated_Plots_MC/YP_yz_ST_Area_boxplot.pdf,Results/YP_yz/Generated_Plots_MC/YP_yz_ST_Area_roc.pdf,Results/YP_yz/Generated_Plots_MC/YP_yz_ST_Area_cm.pdf,Results/YP_yz/Generated_Plots_MC/YP_yz_ST_Area_p_value_mc_dist.pdf,Results/YP_yz/Generated_Plots_MC/YP_yz_ST_Area_threshold_mc_dist.pdf,Results/YP_yz/Generated_Plots_MC/YP_yz_ST_Area_f1_score_mc_dist.pdf
YP_yz,ST,T-Dist,st_T-Dist,not_equal,True,500,0.237740892005918,0.0010205026106216378,0.8874042542610553,-1.6898741307047909,-4.181768877865213,0.3825833989958912,False,4.670139382112355,0.3297784218030911,10.190551085746723,0.6829588245088246,0.485691391941392,0.9097619047619044,Healthy,0.6195334276834277,0.2727272727272727,1.0,0.8625844988344988,0.375,1.0,0.7052324438006794,0.42857142857142855,0.9090909090909091,8,13,Results/YP_yz/Generated_Plots_MC/YP_yz_ST_T-Dist_tdist.pdf,Results/YP_yz/Generated_Plots_MC/YP_yz_ST_T-Dist_boxplot.pdf,Results/YP_yz/Generated_Plots_MC/YP_yz_ST_T-Dist_roc.pdf,Results/YP_yz/Generated_Plots_MC/YP_yz_ST_T-Dist_cm.pdf,Results/YP_yz/Generated_Plots_MC/YP_yz_ST_T-Dist_p_value_mc_dist.pdf,Results/YP_yz/Generated_Plots_MC/YP_yz_ST_T-Dist_threshold_mc_dist.pdf,Results/YP_yz/Generated_Plots_MC/YP_yz_ST_T-Dist_f1_score_mc_dist.pdf
YP_yz,ST,Compact,st_Compact,not_equal,True,500,0.5092532413820662,0.042143616972861904,0.9751059231484126,-0.07601359312596856,-1.9170325253823681,1.8333752916585884,False,0.3250672688170469,0.05465553591193094,0.6971849604377882,0.5778464937839938,0.450260989010989,0.75,ARVC,0.5890477022977022,0.16666666666666666,1.0,0.7375260239760241,0.25,1.0,0.5972781686670928,0.2857142857142857,0.8148148148148148,8,13,Results/YP_yz/Generated_Plots_MC/YP_yz_ST_Compact_tdist.pdf,Results/YP_yz/Generated_Plots_MC/YP_yz_ST_Compact_boxplot.pdf,Results/YP_yz/Generated_Plots_MC/YP_yz_ST_Compact_roc.pdf,Results/YP_yz/Generated_Plots_MC/YP_yz_ST_Compact_cm.pdf,Results/YP_yz/Generated_Plots_MC/YP_yz_ST_Compact_p_value_mc_dist.pdf,Results/YP_yz/Generated_Plots_MC/YP_yz_ST_Compact_threshold_mc_dist.pdf,Results/YP_yz/Generated_Plots_MC/YP_yz_ST_Compact_f1_score_mc_dist.pdf
YP_yz,ST,Angle,st_Angle,not_equal,False,500,0.6211726466300732,0.33558224252719426,0.9521598939420367,0.5185137403488973,0.028282111508966788,1.0001492803944967,False,49.078641645536685,-49.50703983605098,90.58017590591227,0.4921346153846154,0.43269230769230765,0.5769230769230769,ARVC,0.3398461538461538,0.25,1.0,0.8959038461538462,0.3076923076923077,1.0,0.4253012599960426,0.36363636363636365,0.64,8,13,Results/YP_yz/Generated_Plots_MC/YP_yz_ST_Angle_tdist.pdf,Results/YP_yz/Generated_Plots_MC/YP_yz_ST_Angle_boxplot.pdf,Results/YP_yz/Generated_Plots_MC/YP_yz_ST_Angle_roc.pdf,Results/YP_yz/Generated_Plots_MC/YP_yz_ST_Angle_cm.pdf,Results/YP_yz/Generated_Plots_MC/YP_yz_ST_Angle_p_value_mc_dist.pdf,Results/YP_yz/Generated_Plots_MC/YP_yz_ST_Angle_threshold_mc_dist.pdf,Results/YP_yz/Generated_Plots_MC/YP_yz_ST_Angle_f1_score_mc_dist.pdf
NL_yz,T,Area,t_Area,not_equal,True,500,0.030791859817998465,0.010828469771418001,0.06776592309133801,-2.514176124198083,-2.9763765567400786,-2.019524117690147,True,19.755314663669115,6.991168388297905,33.544434697987896,0.8241419802419803,0.7267045454545454,0.8928571428571428,Healthy,0.7163412587412588,0.5,0.9230769230769231,0.8877142857142857,0.7142857142857143,1.0,0.7954614976111369,0.6666666666666666,0.8888888888888888,8,13,Results/NL_yz/Generated_Plots_MC/NL_yz_T_Area_tdist.pdf,Results/NL_yz/Generated_Plots_MC/NL_yz_T_Area_boxplot.pdf,Results/NL_yz/Generated_Plots_MC/NL_yz_T_Area_roc.pdf,Results/NL_yz/Generated_Plots_MC/NL_yz_T_Area_cm.pdf,Results/NL_yz/Generated_Plots_MC/NL_yz_T_Area_p_value_mc_dist.pdf,Results/NL_yz/Generated_Plots_MC/NL_yz_T_Area_threshold_mc_dist.pdf,Results/NL_yz/Generated_Plots_MC/NL_yz_T_Area_f1_score_mc_dist.pdf
NL_yz,T,T-Dist,t_T-Dist,not_equal,True,500,0.19133993817315514,0.009643671489172494,0.8347148195709605,-1.650534817980716,-2.9366882461323263,0.04993455843098884,False,9.873120558825171,6.082667285098187,16.341754990239448,0.6622428626928627,0.5104458041958042,0.8241758241758241,Healthy,0.5756407092907093,0.3076923076923077,0.8461538461538461,0.8738911255411256,0.5,1.0,0.6841863235934816,0.47058823529411764,0.8421052631578947,8,13,Results/NL_yz/Generated_Plots_MC/NL_yz_T_T-Dist_tdist.pdf,Results/NL_yz/Generated_Plots_MC/NL_yz_T_T-Dist_boxplot.pdf,Results/NL_yz/Generated_Plots_MC/NL_yz_T_T-Dist_roc.pdf,Results/NL_yz/Generated_Plots_MC/NL_yz_T_T-Dist_cm.pdf,Results/NL_yz/Generated_Plots_MC/NL_yz_T_T-Dist_p_value_mc_dist.pdf,Results/NL_yz/Generated_Plots_MC/NL_yz_T_T-Dist_threshold_mc_dist.pdf,Results/NL_yz/Generated_Plots_MC/NL_yz_T_T-Dist_f1_score_mc_dist.pdf
NL_yz,T,Compact,t_Compact,not_equal,False,500,0.7713990380778691,0.3978189729275875,0.9892796308546886,0.05618549174094335,-0.6761412757443809,0.8181718472651434,False,0.574770298943869,0.09864308451078836,1.1058801965162381,0.5375576923076923,0.45192307692307687,0.625,ARVC,0.6294807692307692,0.15384615384615385,1.0,0.6493269230769231,0.25,1.0,0.6143199013159842,0.26666666666666666,0.8125,8,13,Results/NL_yz/Generated_Plots_MC/NL_yz_T_Compact_tdist.pdf,Results/NL_yz/Generated_Plots_MC/NL_yz_T_Compact_boxplot.pdf,Results/NL_yz/Generated_Plots_MC/NL_yz_T_Compact_roc.pdf,Results/NL_yz/Generated_Plots_MC/NL_yz_T_Compact_cm.pdf,Results/NL_yz/Generated_Plots_MC/NL_yz_T_Compact_p_value_mc_dist.pdf,Results/NL_yz/Generated_Plots_MC/NL_yz_T_Compact_threshold_mc_dist.pdf,Results/NL_yz/Generated_Plots_MC/NL_yz_T_Compact_f1_score_mc_dist.pdf
NL_yz,T,Angle,t_Angle,not_equal,False,500,0.416141165575787,0.08201683451539767,0.9693676450280554,-0.9215735368503131,-1.8452144938599742,0.2498057258491704,False,63.55725987098021,-119.79489205646588,167.37880302354895,0.5452115384615385,0.4519230769230769,0.649278846153846,Healthy,0.3997692307692307,0.15384615384615385,1.0,0.8591923076923076,0.25,1.0,0.495641200011041,0.26666666666666666,0.8125,8,13,Results/NL_yz/Generated_Plots_MC/NL_yz_T_Angle_tdist.pdf,Results/NL_yz/Generated_Plots_MC/NL_yz_T_Angle_boxplot.pdf,Results/NL_yz/Generated_Plots_MC/NL_yz_T_Angle_roc.pdf,Results/NL_yz/Generated_Plots_MC/NL_yz_T_Angle_cm.pdf,Results/NL_yz/Generated_Plots_MC/NL_yz_T_Angle_p_value_mc_dist.pdf,Results/NL_yz/Generated_Plots_MC/NL_yz_T_Angle_threshold_mc_dist.pdf,Results/NL_yz/Generated_Plots_MC/NL_yz_T_Angle_f1_score_mc_dist.pdf
NL_yz,QRS,Area,qrs_Area,not_equal,True,500,0.02463081244814653,0.0014021223552261688,0.16674976028552768,-3.043558224764592,-4.09202399603877,-1.4577106307569576,True,60.4071270212476,28.93500139899354,140.1616531131784,0.817585157897658,0.6819711538461539,0.9200320512820512,Healthy,0.7226620046620046,0.5384615384615384,0.8791958041958028,0.9355952380952381,0.7142857142857143,1.0,0.8194840351293063,0.6666666666666666,0.9166666666666666,8,13,Results/NL_yz/Generated_Plots_MC/NL_yz_QRS_Area_tdist.pdf,Results/NL_yz/Generated_Plots_MC/NL_yz_QRS_Area_boxplot.pdf,Results/NL_yz/Generated_Plots_MC/NL_yz_QRS_Area_roc.pdf,Results/NL_yz/Generated_Plots_MC/NL_yz_QRS_Area_cm.pdf,Results/NL_yz/Generated_Plots_MC/NL_yz_QRS_Area_p_value_mc_dist.pdf,Results/NL_yz/Generated_Plots_MC/NL_yz_QRS_Area_threshold_mc_dist.pdf,Results/NL_yz/Generated_Plots_MC/NL_yz_QRS_Area_f1_score_mc_dist.pdf
NL_yz,QRS,T-Dist,qrs_T-Dist,not_equal,True,500,0.01782119179263654,6.1302147276672205e-06,0.14861977551611105,-3.9711631655329658,-7.262041934831181,-1.5747570174697818,True,18.8873559634994,11.743242252716449,25.81375214000136,0.8969423937173938,0.75,1.0,Healthy,0.8621385003885005,0.6666666666666666,1.0,0.894,0.625,1.0,0.8934575987747413,0.7619047619047619,1.0,8,13,Results/NL_yz/Generated_Plots_MC/NL_yz_QRS_T-Dist_tdist.pdf,Results/NL_yz/Generated_Plots_MC/NL_yz_QRS_T-Dist_boxplot.pdf,Results/NL_yz/Generated_Plots_MC/NL_yz_QRS_T-Dist_roc.pdf,Results/NL_yz/Generated_Plots_MC/NL_yz_QRS_T-Dist_cm.pdf,Results/NL_yz/Generated_Plots_MC/NL_yz_QRS_T-Dist_p_value_mc_dist.pdf,Results/NL_yz/Generated_Plots_MC/NL_yz_QRS_T-Dist_threshold_mc_dist.pdf,Results/NL_yz/Generated_Plots_MC/NL_yz_QRS_T-Dist_f1_score_mc_dist.pdf
NL_yz,QRS,Compact,qrs_Compact,not_equal,True,500,0.4751161637177906,0.07388002290047269,0.9728094882876626,0.7083527111391489,-0.7703515935928619,2.0358431261089023,False,0.7365318260662791,0.11782500184800865,1.2085168545656626,0.5914077609890109,0.4849559294871795,0.7282670454545455,ARVC,0.539991341991342,0.25,0.9230769230769231,0.8278871683871685,0.2857142857142857,1.0,0.6039497093201465,0.38687500000000025,0.8,8,13,Results/NL_yz/Generated_Plots_MC/NL_yz_QRS_Compact_tdist.pdf,Results/NL_yz/Generated_Plots_MC/NL_yz_QRS_Compact_boxplot.pdf,Results/NL_yz/Generated_Plots_MC/NL_yz_QRS_Compact_roc.pdf,Results/NL_yz/Generated_Plots_MC/NL_yz_QRS_Compact_cm.pdf,Results/NL_yz/Generated_Plots_MC/NL_yz_QRS_Compact_p_value_mc_dist.pdf,Results/NL_yz/Generated_Plots_MC/NL_yz_QRS_Compact_threshold_mc_dist.pdf,Results/NL_yz/Generated_Plots_MC/NL_yz_QRS_Compact_f1_score_mc_dist.pdf
NL_yz,QRS,Angle,qrs_Angle,not_equal,False,500,0.5571697814588756,0.12922623713551656,0.9608847875717681,-0.5305574015950951,-1.6070101439981777,0.6330841093232741,False,1.4879341569033344,-147.21658736064228,185.73370358908917,0.6013076923076922,0.47115384615384615,0.7550480769230767,Healthy,0.60175,0.23076923076923078,1.0,0.7192115384615385,0.25,1.0,0.6199992887536359,0.375,0.8666666666666667,8,13,Results/NL_yz/Generated_Plots_MC/NL_yz_QRS_Angle_tdist.pdf,Results/NL_yz/Generated_Plots_MC/NL_yz_QRS_Angle_boxplot.pdf,Results/NL_yz/Generated_Plots_MC/NL_yz_QRS_Angle_roc.pdf,Results/NL_yz/Generated_Plots_MC/NL_yz_QRS_Angle_cm.pdf,Results/NL_yz/Generated_Plots_MC/NL_yz_QRS_Angle_p_value_mc_dist.pdf,Results/NL_yz/Generated_Plots_MC/NL_yz_QRS_Angle_threshold_mc_dist.pdf,Results/NL_yz/Generated_Plots_MC/NL_yz_QRS_Angle_f1_score_mc_dist.pdf
NL_yz,ST,Area,st_Area,not_equal,True,500,0.170418375662634,0.001968582280799173,0.7724224629569617,-1.9546621936881747,-3.934083431051118,0.04505745973496765,False,19.108017448899137,1.6162896648930105,41.91369938139573,0.7185589930439931,0.4871022727272728,0.9090909090909091,Healthy,0.6941023976023976,0.36363636363636365,0.9166666666666666,0.8626450216450217,0.46250000000000074,1.0,0.7681998338708299,0.5,0.9295343137254897,8,13,Results/NL_yz/Generated_Plots_MC/NL_yz_ST_Area_tdist.pdf,Results/NL_yz/Generated_Plots_MC/NL_yz_ST_Area_boxplot.pdf,Results/NL_yz/Generated_Plots_MC/NL_yz_ST_Area_roc.pdf,Results/NL_yz/Generated_Plots_MC/NL_yz_ST_Area_cm.pdf,Results/NL_yz/Generated_Plots_MC/NL_yz_ST_Area_p_value_mc_dist.pdf,Results/NL_yz/Generated_Plots_MC/NL_yz_ST_Area_threshold_mc_dist.pdf,Results/NL_yz/Generated_Plots_MC/NL_yz_ST_Area_f1_score_mc_dist.pdf
NL_yz,ST,T-Dist,st_T-Dist,not_equal,True,500,0.27912913293368574,0.0026138546557362484,0.9389687529987215,-1.3973732988336673,-3.6375564995065233,1.0801616825552547,False,5.13067822561121,-0.11173299679542882,11.912311524053864,0.6662237914862915,0.4798092532467533,0.8934253246753247,Healthy,0.6261958763458763,0.25,1.0,0.8165679487179488,0.27889610389610403,1.0,0.6899379673568439,0.4,0.88,8,13,Results/NL_yz/Generated_Plots_MC/NL_yz_ST_T-Dist_tdist.pdf,Results/NL_yz/Generated_Plots_MC/NL_yz_ST_T-Dist_boxplot.pdf,Results/NL_yz/Generated_Plots_MC/NL_yz_ST_T-Dist_roc.pdf,Results/NL_yz/Generated_Plots_MC/NL_yz_ST_T-Dist_cm.pdf,Results/NL_yz/Generated_Plots_MC/NL_yz_ST_T-Dist_p_value_mc_dist.pdf,Results/NL_yz/Generated_Plots_MC/NL_yz_ST_T-Dist_threshold_mc_dist.pdf,Results/NL_yz/Generated_Plots_MC/NL_yz_ST_T-Dist_f1_score_mc_dist.pdf
NL_yz,ST,Compact,st_Compact,not_equal,True,500,0.5418119638586514,0.06005202859766426,0.9727463537625827,0.15605078373086026,-1.843453722135486,1.8022934959272137,False,0.4686218175297645,0.07626997226763281,1.014815410015584,0.5737778027528027,0.4549679487179488,0.7252747252747254,ARVC,0.5907209290709291,0.23990384615384636,1.0,0.7279082584082585,0.25,1.0,0.5941514710793342,0.375,0.8334260289210231,8,13,Results/NL_yz/Generated_Plots_MC/NL_yz_ST_Compact_tdist.pdf,Results/NL_yz/Generated_Plots_MC/NL_yz_ST_Compact_boxplot.pdf,Results/NL_yz/Generated_Plots_MC/NL_yz_ST_Compact_roc.pdf,Results/NL_yz/Generated_Plots_MC/NL_yz_ST_Compact_cm.pdf,Results/NL_yz/Generated_Plots_MC/NL_yz_ST_Compact_p_value_mc_dist.pdf,Results/NL_yz/Generated_Plots_MC/NL_yz_ST_Compact_threshold_mc_dist.pdf,Results/NL_yz/Generated_Plots_MC/NL_yz_ST_Compact_f1_score_mc_dist.pdf
NL_yz,ST,Angle,st_Angle,not_equal,False,500,0.5491485308465488,0.1938521030075801,0.9649607506338264,-0.514772194375605,-1.3493756100140986,0.692669643043053,False,42.14827156082442,-81.00050791512419,164.53211429967385,0.5523269230769231,0.4615384615384615,0.6442307692307692,Healthy,0.6454423076923077,0.15384615384615385,1.0,0.5895,0.125,1.0,0.6219119392028365,0.26666666666666666,0.8125,8,13,Results/NL_yz/Generated_Plots_MC/NL_yz_ST_Angle_tdist.pdf,Results/NL_yz/Generated_Plots_MC/NL_yz_ST_Angle_boxplot.pdf,Results/NL_yz/Generated_Plots_MC/NL_yz_ST_Angle_roc.pdf,Results/NL_yz/Generated_Plots_MC/NL_yz_ST_Angle_cm.pdf,Results/NL_yz/Generated_Plots_MC/NL_yz_ST_Angle_p_value_mc_dist.pdf,Results/NL_yz/Generated_Plots_MC/NL_yz_ST_Angle_threshold_mc_dist.pdf,Results/NL_yz/Generated_Plots_MC/NL_yz_ST_Angle_f1_score_mc_dist.pdf
OT_yz,T,Area,t_Area,not_equal,True,500,0.012430451844027194,0.00547651414917869,0.027226866174004244,-3.015795847853727,-3.422607661795731,-2.54664566961309,True,78.95103387328484,58.50291500257568,90.01450772162943,0.7448866522366523,0.6924242424242425,0.7976190476190476,Healthy,0.6518393939393939,0.5833333333333334,0.6666666666666666,1.0,1.0,1.0,0.7889889920880635,0.7368421052631579,0.8,7,12,Results/OT_yz/Generated_Plots_MC/OT_yz_T_Area_tdist.pdf,Results/OT_yz/Generated_Plots_MC/OT_yz_T_Area_boxplot.pdf,Results/OT_yz/Generated_Plots_MC/OT_yz_T_Area_roc.pdf,Results/OT_yz/Generated_Plots_MC/OT_yz_T_Area_cm.pdf,Results/OT_yz/Generated_Plots_MC/OT_yz_T_Area_p_value_mc_dist.pdf,Results/OT_yz/Generated_Plots_MC/OT_yz_T_Area_threshold_mc_dist.pdf,Results/OT_yz/Generated_Plots_MC/OT_yz_T_Area_f1_score_mc_dist.pdf
OT_yz,T,T-Dist,t_T-Dist,not_equal,True,500,0.1943093774854872,0.021074127340512994,0.6954586258607465,-1.5472484816370893,-2.580945775600941,-0.3643071798550296,False,13.548728845350553,11.049871253709995,18.32918315541753,0.6580276575276576,0.5030844155844156,0.7922077922077922,Healthy,0.5238676767676768,0.36363636363636365,0.7272727272727273,0.9785367965367965,0.8333333333333334,1.0,0.6754243441867953,0.5333333333333333,0.8235294117647058,7,12,Results/OT_yz/Generated_Plots_MC/OT_yz_T_T-Dist_tdist.pdf,Results/OT_yz/Generated_Plots_MC/OT_yz_T_T-Dist_boxplot.pdf,Results/OT_yz/Generated_Plots_MC/OT_yz_T_T-Dist_roc.pdf,Results/OT_yz/Generated_Plots_MC/OT_yz_T_T-Dist_cm.pdf,Results/OT_yz/Generated_Plots_MC/OT_yz_T_T-Dist_p_value_mc_dist.pdf,Results/OT_yz/Generated_Plots_MC/OT_yz_T_T-Dist_threshold_mc_dist.pdf,Results/OT_yz/Generated_Plots_MC/OT_yz_T_T-Dist_f1_score_mc_dist.pdf
OT_yz,T,Compact,t_Compact,not_equal,False,500,0.5771430447195027,0.2230763701300535,0.9591366487499493,-0.5725310722319665,-1.266692154773704,0.21797611256888205,False,0.6749345838621207,0.3698340311995268,1.0243750947903827,0.5614523809523808,0.4642857142857143,0.6547619047619049,Healthy,0.5626904761904762,0.25,1.0,0.7724761904761903,0.3333333333333333,1.0,0.641513744060788,0.4,0.782608695652174,7,12,Results/OT_yz/Generated_Plots_MC/OT_yz_T_Compact_tdist.pdf,Results/OT_yz/Generated_Plots_MC/OT_yz_T_Compact_boxplot.pdf,Results/OT_yz/Generated_Plots_MC/OT_yz_T_Compact_roc.pdf,Results/OT_yz/Generated_Plots_MC/OT_yz_T_Compact_cm.pdf,Results/OT_yz/Generated_Plots_MC/OT_yz_T_Compact_p_value_mc_dist.pdf,Results/OT_yz/Generated_Plots_MC/OT_yz_T_Compact_threshold_mc_dist.pdf,Results/OT_yz/Generated_Plots_MC/OT_yz_T_Compact_f1_score_mc_dist.pdf
OT_yz,T,Angle,t_Angle,not_equal,False,500,0.7123651162623539,0.3700707051434381,0.9783683018123556,0.36008822688161934,-0.21750139579884903,0.9325986682455337,False,-0.3977233841545101,-132.1000409680743,157.44127683833082,0.5387380952380952,0.47619047619047616,0.5952380952380952,ARVC,0.5282619047619047,0.2857142857142857,1.0,0.7394047619047619,0.2857142857142857,1.0,0.5394244924671903,0.4,0.8275862068965517,7,12,Results/OT_yz/Generated_Plots_MC/OT_yz_T_Angle_tdist.pdf,Results/OT_yz/Generated_Plots_MC/OT_yz_T_Angle_boxplot.pdf,Results/OT_yz/Generated_Plots_MC/OT_yz_T_Angle_roc.pdf,Results/OT_yz/Generated_Plots_MC/OT_yz_T_Angle_cm.pdf,Results/OT_yz/Generated_Plots_MC/OT_yz_T_Angle_p_value_mc_dist.pdf,Results/OT_yz/Generated_Plots_MC/OT_yz_T_Angle_threshold_mc_dist.pdf,Results/OT_yz/Generated_Plots_MC/OT_yz_T_Angle_f1_score_mc_dist.pdf
OT_yz,QRS,Area,qrs_Area,not_equal,True,500,0.3190082397478482,0.061032526343118156,0.945756669422427,-1.1694612879617314,-2.086758963800505,0.004176261483152949,False,146.79598842894995,10.902765247917428,286.2855155144676,0.5797822510822511,0.46810606060606064,0.696969696969697,Healthy,0.43306883116883116,0.2,0.9090909090909091,0.9073142857142857,0.42857142857142855,1.0,0.5618298135373447,0.3333333333333333,0.8,7,12,Results/OT_yz/Generated_Plots_MC/OT_yz_QRS_Area_tdist.pdf,Results/OT_yz/Generated_Plots_MC/OT_yz_QRS_Area_boxplot.pdf,Results/OT_yz/Generated_Plots_MC/OT_yz_QRS_Area_roc.pdf,Results/OT_yz/Generated_Plots_MC/OT_yz_QRS_Area_cm.pdf,Results/OT_yz/Generated_Plots_MC/OT_yz_QRS_Area_p_value_mc_dist.pdf,Results/OT_yz/Generated_Plots_MC/OT_yz_QRS_Area_threshold_mc_dist.pdf,Results/OT_yz/Generated_Plots_MC/OT_yz_QRS_Area_f1_score_mc_dist.pdf
OT_yz,QRS,T-Dist,qrs_T-Dist,not_equal,True,500,0.5704109904693178,0.15587314465302196,0.9720359122315381,0.32257856350853226,-1.1462477223982153,1.5079475913126685,False,32.177085624541526,11.995160162149151,61.994664229919124,0.5697499278499278,0.4545454545454546,0.7132575757575756,ARVC,0.5845760461760462,0.18181818181818182,1.0,0.7228933621933622,0.25,1.0,0.5771011717379304,0.3076923076923077,0.7619047619047619,7,12,Results/OT_yz/Generated_Plots_MC/OT_yz_QRS_T-Dist_tdist.pdf,Results/OT_yz/Generated_Plots_MC/OT_yz_QRS_T-Dist_boxplot.pdf,Results/OT_yz/Generated_Plots_MC/OT_yz_QRS_T-Dist_roc.pdf,Results/OT_yz/Generated_Plots_MC/OT_yz_QRS_T-Dist_cm.pdf,Results/OT_yz/Generated_Plots_MC/OT_yz_QRS_T-Dist_p_value_mc_dist.pdf,Results/OT_yz/Generated_Plots_MC/OT_yz_QRS_T-Dist_threshold_mc_dist.pdf,Results/OT_yz/Generated_Plots_MC/OT_yz_QRS_T-Dist_f1_score_mc_dist.pdf
OT_yz,QRS,Compact,qrs_Compact,not_equal,True,500,0.2034654186902921,0.0008573417551794307,0.8913523111454899,-1.9076556426817324,-4.220573003457273,0.08326577979833251,False,0.29513057174233515,0.08178754442132248,0.6027676527725944,0.727136406926407,0.4880952380952381,0.9420454545454545,Healthy,0.7177466089466089,0.3333333333333333,1.0,0.8014844155844155,0.41357142857142887,1.0,0.7669512464828276,0.48455882352941204,0.9358299595141695,7,12,Results/OT_yz/Generated_Plots_MC/OT_yz_QRS_Compact_tdist.pdf,Results/OT_yz/Generated_Plots_MC/OT_yz_QRS_Compact_boxplot.pdf,Results/OT_yz/Generated_Plots_MC/OT_yz_QRS_Compact_roc.pdf,Results/OT_yz/Generated_Plots_MC/OT_yz_QRS_Compact_cm.pdf,Results/OT_yz/Generated_Plots_MC/OT_yz_QRS_Compact_p_value_mc_dist.pdf,Results/OT_yz/Generated_Plots_MC/OT_yz_QRS_Compact_threshold_mc_dist.pdf,Results/OT_yz/Generated_Plots_MC/OT_yz_QRS_Compact_f1_score_mc_dist.pdf
OT_yz,QRS,Angle,qrs_Angle,not_equal,False,500,0.6644194338254867,0.25339542861326664,0.9887993594790395,-0.3928366387087068,-1.2084245130078504,0.41695783806224107,False,-94.65790767343427,-157.71212893980996,163.54995976221682,0.6088809523809523,0.39851190476190484,0.75,Healthy,0.8181190476190476,0.2857142857142857,1.0,0.592452380952381,0.2857142857142857,1.0,0.763349326847755,0.4,0.8888888888888888,7,12,Results/OT_yz/Generated_Plots_MC/OT_yz_QRS_Angle_tdist.pdf,Results/OT_yz/Generated_Plots_MC/OT_yz_QRS_Angle_boxplot.pdf,Results/OT_yz/Generated_Plots_MC/OT_yz_QRS_Angle_roc.pdf,Results/OT_yz/Generated_Plots_MC/OT_yz_QRS_Angle_cm.pdf,Results/OT_yz/Generated_Plots_MC/OT_yz_QRS_Angle_p_value_mc_dist.pdf,Results/OT_yz/Generated_Plots_MC/OT_yz_QRS_Angle_threshold_mc_dist.pdf,Results/OT_yz/Generated_Plots_MC/OT_yz_QRS_Angle_f1_score_mc_dist.pdf
OT_yz,ST,Area,st_Area,not_equal,True,500,0.08910070009803758,0.0029768537991827068,0.5578593038653247,-2.3471259677180214,-3.770626246298638,-0.48433766452556204,False,23.214271277307393,6.602288293897414,48.99200648281017,0.7507448051948051,0.5333333333333333,0.9320138888888888,Healthy,0.6859891053391053,0.3809090909090913,0.9090909090909091,0.9354571428571428,0.7142857142857143,1.0,0.7854559780326761,0.5514285714285718,0.9473684210526315,7,12,Results/OT_yz/Generated_Plots_MC/OT_yz_ST_Area_tdist.pdf,Results/OT_yz/Generated_Plots_MC/OT_yz_ST_Area_boxplot.pdf,Results/OT_yz/Generated_Plots_MC/OT_yz_ST_Area_roc.pdf,Results/OT_yz/Generated_Plots_MC/OT_yz_ST_Area_cm.pdf,Results/OT_yz/Generated_Plots_MC/OT_yz_ST_Area_p_value_mc_dist.pdf,Results/OT_yz/Generated_Plots_MC/OT_yz_ST_Area_threshold_mc_dist.pdf,Results/OT_yz/Generated_Plots_MC/OT_yz_ST_Area_f1_score_mc_dist.pdf
OT_yz,ST,T-Dist,st_T-Dist,not_equal,True,500,0.16866228837528655,0.0008129349934505788,0.8940708499604083,-2.1282089258579813,-4.380511262034156,0.05474086973238962,False,5.806945250435001,1.2667305696399287,10.051393078308353,0.7273081289081289,0.5128472222222222,0.9349999999999999,Healthy,0.6471303030303032,0.36363636363636365,1.0,0.9214484848484849,0.42857142857142855,1.0,0.7484555268390644,0.5,0.9473684210526315,7,12,Results/OT_yz/Generated_Plots_MC/OT_yz_ST_T-Dist_tdist.pdf,Results/OT_yz/Generated_Plots_MC/OT_yz_ST_T-Dist_boxplot.pdf,Results/OT_yz/Generated_Plots_MC/OT_yz_ST_T-Dist_roc.pdf,Results/OT_yz/Generated_Plots_MC/OT_yz_ST_T-Dist_cm.pdf,Results/OT_yz/Generated_Plots_MC/OT_yz_ST_T-Dist_p_value_mc_dist.pdf,Results/OT_yz/Generated_Plots_MC/OT_yz_ST_T-Dist_threshold_mc_dist.pdf,Results/OT_yz/Generated_Plots_MC/OT_yz_ST_T-Dist_f1_score_mc_dist.pdf
OT_yz,ST,Compact,st_Compact,not_equal,True,500,0.5093599061836883,0.0380616445359669,0.9704947442088048,-0.3854153918306143,-2.266860198411928,1.2351301510917483,False,0.3537990274589689,0.046911273988135625,0.8611253322155608,0.5916067580567581,0.4534090909090909,0.7916666666666666,Healthy,0.5887225108225108,0.25,1.0,0.7550877344877345,0.2857142857142857,1.0,0.6280207905278737,0.4,0.8695652173913043,7,12,Results/OT_yz/Generated_Plots_MC/OT_yz_ST_Compact_tdist.pdf,Results/OT_yz/Generated_Plots_MC/OT_yz_ST_Compact_boxplot.pdf,Results/OT_yz/Generated_Plots_MC/OT_yz_ST_Compact_roc.pdf,Results/OT_yz/Generated_Plots_MC/OT_yz_ST_Compact_cm.pdf,Results/OT_yz/Generated_Plots_MC/OT_yz_ST_Compact_p_value_mc_dist.pdf,Results/OT_yz/Generated_Plots_MC/OT_yz_ST_Compact_threshold_mc_dist.pdf,Results/OT_yz/Generated_Plots_MC/OT_yz_ST_Compact_f1_score_mc_dist.pdf
OT_yz,ST,Angle,st_Angle,not_equal,False,500,0.6299803112315459,0.23529575422690147,0.9773464128505236,0.16643804777043622,-1.0756550953855717,1.1619001786539709,False,35.79912430086187,-47.41890593604252,161.92608950498058,0.5428095238095237,0.42857142857142855,0.6848214285714284,ARVC,0.7244047619047619,0.2857142857142857,1.0,0.5681428571428571,0.16666666666666666,1.0,0.609055770368935,0.4,0.782608695652174,7,12,Results/OT_yz/Generated_Plots_MC/OT_yz_ST_Angle_tdist.pdf,Results/OT_yz/Generated_Plots_MC/OT_yz_ST_Angle_boxplot.pdf,Results/OT_yz/Generated_Plots_MC/OT_yz_ST_Angle_roc.pdf,Results/OT_yz/Generated_Plots_MC/OT_yz_ST_Angle_cm.pdf,Results/OT_yz/Generated_Plots_MC/OT_yz_ST_Angle_p_value_mc_dist.pdf,Results/OT_yz/Generated_Plots_MC/OT_yz_ST_Angle_threshold_mc_dist.pdf,Results/OT_yz/Generated_Plots_MC/OT_yz_ST_Angle_f1_score_mc_dist.pdf
YQ_xy,T,Area,t_Area,not_equal,True,500,0.01798906323637221,0.00367927544572206,0.05324597462983038,-2.766284125252743,-3.427262149273103,-2.102271306772216,True,28.27926569261401,18.384995420998077,40.03442487402156,0.7834774531024532,0.7083333333333334,0.84375,Healthy,0.6283141414141414,0.5,0.8261363636363633,0.962,0.875,1.0,0.756570444018822,0.6666666666666666,0.8461538461538461,9,13,Results/YQ_xy/Generated_Plots_MC/YQ_xy_T_Area_tdist.pdf,Results/YQ_xy/Generated_Plots_MC/YQ_xy_T_Area_boxplot.pdf,Results/YQ_xy/Generated_Plots_MC/YQ_xy_T_Area_roc.pdf,Results/YQ_xy/Generated_Plots_MC/YQ_xy_T_Area_cm.pdf,Results/YQ_xy/Generated_Plots_MC/YQ_xy_T_Area_p_value_mc_dist.pdf,Results/YQ_xy/Generated_Plots_MC/YQ_xy_T_Area_threshold_mc_dist.pdf,Results/YQ_xy/Generated_Plots_MC/YQ_xy_T_Area_f1_score_mc_dist.pdf
YQ_xy,T,T-Dist,t_T-Dist,not_equal,True,500,0.5033986594491817,0.11620019610429878,0.9483925934893036,-0.6896265224681901,-1.6551725878563426,0.45492693005030194,False,11.908422062021403,3.9785652862453667,17.650015044654403,0.5701988947780614,0.4722222222222222,0.6837606837606838,Healthy,0.48760104895104894,0.23076923076923078,1.0,0.8399434287934288,0.2893356643356647,1.0,0.5752848842314597,0.369034090909091,0.7586206896551724,9,13,Results/YQ_xy/Generated_Plots_MC/YQ_xy_T_T-Dist_tdist.pdf,Results/YQ_xy/Generated_Plots_MC/YQ_xy_T_T-Dist_boxplot.pdf,Results/YQ_xy/Generated_Plots_MC/YQ_xy_T_T-Dist_roc.pdf,Results/YQ_xy/Generated_Plots_MC/YQ_xy_T_T-Dist_cm.pdf,Results/YQ_xy/Generated_Plots_MC/YQ_xy_T_T-Dist_p_value_mc_dist.pdf,Results/YQ_xy/Generated_Plots_MC/YQ_xy_T_T-Dist_threshold_mc_dist.pdf,Results/YQ_xy/Generated_Plots_MC/YQ_xy_T_T-Dist_f1_score_mc_dist.pdf
YQ_xy,T,Compact,t_Compact,not_equal,False,500,0.6085736588847527,0.16944142559413103,0.9812880338284712,-0.47568179768895447,-1.4333330079551772,0.5126440223074576,False,0.3927721997278048,0.12019431097072124,0.9540733866106056,0.5735897435897435,0.47414529914529924,0.6752136752136753,Healthy,0.694871794871795,0.2222222222222222,1.0,0.591948717948718,0.2222222222222222,1.0,0.6732728040820756,0.36363636363636365,0.8204202586206893,9,13,Results/YQ_xy/Generated_Plots_MC/YQ_xy_T_Compact_tdist.pdf,Results/YQ_xy/Generated_Plots_MC/YQ_xy_T_Compact_boxplot.pdf,Results/YQ_xy/Generated_Plots_MC/YQ_xy_T_Compact_roc.pdf,Results/YQ_xy/Generated_Plots_MC/YQ_xy_T_Compact_cm.pdf,Results/YQ_xy/Generated_Plots_MC/YQ_xy_T_Compact_p_value_mc_dist.pdf,Results/YQ_xy/Generated_Plots_MC/YQ_xy_T_Compact_threshold_mc_dist.pdf,Results/YQ_xy/Generated_Plots_MC/YQ_xy_T_Compact_f1_score_mc_dist.pdf
YQ_xy,T,Angle,t_Angle,not_equal,False,500,0.7088329272871277,0.305092172682517,0.9862421821853072,-0.21053636297097705,-1.0585444499609042,0.660349014461619,False,39.910864427399225,-132.49766169699654,154.2212326707122,0.5457435897435897,0.4700854700854701,0.6495726495726496,Healthy,0.5945470085470086,0.2222222222222222,1.0,0.6661538461538462,0.23076923076923078,1.0,0.5923947719829664,0.36363636363636365,0.75,9,13,Results/YQ_xy/Generated_Plots_MC/YQ_xy_T_Angle_tdist.pdf,Results/YQ_xy/Generated_Plots_MC/YQ_xy_T_Angle_boxplot.pdf,Results/YQ_xy/Generated_Plots_MC/YQ_xy_T_Angle_roc.pdf,Results/YQ_xy/Generated_Plots_MC/YQ_xy_T_Angle_cm.pdf,Results/YQ_xy/Generated_Plots_MC/YQ_xy_T_Angle_p_value_mc_dist.pdf,Results/YQ_xy/Generated_Plots_MC/YQ_xy_T_Angle_threshold_mc_dist.pdf,Results/YQ_xy/Generated_Plots_MC/YQ_xy_T_Angle_f1_score_mc_dist.pdf
YQ_xy,QRS,Area,qrs_Area,not_equal,True,500,0.30627909223088984,0.010260891022767163,0.8991733373941448,-1.2737263450208434,-2.9129219545946357,-0.03840347410213713,False,93.31521875665403,40.82048158413123,236.49874398917402,0.6565798516298517,0.44890625,0.8050280448717947,Healthy,0.7480256798756798,0.2895833333333342,0.9166666666666666,0.682199494949495,0.5,1.0,0.7518555565989212,0.42923076923076986,0.8636645962732916,9,13,Results/YQ_xy/Generated_Plots_MC/YQ_xy_QRS_Area_tdist.pdf,Results/YQ_xy/Generated_Plots_MC/YQ_xy_QRS_Area_boxplot.pdf,Results/YQ_xy/Generated_Plots_MC/YQ_xy_QRS_Area_roc.pdf,Results/YQ_xy/Generated_Plots_MC/YQ_xy_QRS_Area_cm.pdf,Results/YQ_xy/Generated_Plots_MC/YQ_xy_QRS_Area_p_value_mc_dist.pdf,Results/YQ_xy/Generated_Plots_MC/YQ_xy_QRS_Area_threshold_mc_dist.pdf,Results/YQ_xy/Generated_Plots_MC/YQ_xy_QRS_Area_f1_score_mc_dist.pdf
YQ_xy,QRS,T-Dist,qrs_T-Dist,not_equal,True,500,0.21088654099971263,0.006347538920421696,0.9012639303098341,-1.6456480439913295,-3.255192642031362,0.05959096440958789,False,24.090228408220664,13.779114148420023,34.86496335843303,0.7055433871683872,0.5252525252525253,0.8863636363636364,Healthy,0.7585575369075368,0.3333333333333333,1.0,0.7099661616161617,0.375,1.0,0.7568133895473194,0.5,0.9,9,13,Results/YQ_xy/Generated_Plots_MC/YQ_xy_QRS_T-Dist_tdist.pdf,Results/YQ_xy/Generated_Plots_MC/YQ_xy_QRS_T-Dist_boxplot.pdf,Results/YQ_xy/Generated_Plots_MC/YQ_xy_QRS_T-Dist_roc.pdf,Results/YQ_xy/Generated_Plots_MC/YQ_xy_QRS_T-Dist_cm.pdf,Results/YQ_xy/Generated_Plots_MC/YQ_xy_QRS_T-Dist_p_value_mc_dist.pdf,Results/YQ_xy/Generated_Plots_MC/YQ_xy_QRS_T-Dist_threshold_mc_dist.pdf,Results/YQ_xy/Generated_Plots_MC/YQ_xy_QRS_T-Dist_f1_score_mc_dist.pdf
YQ_xy,QRS,Compact,qrs_Compact,not_equal,True,500,0.6303020294330369,0.0860934841429649,0.9828458030468001,-0.23990949157494162,-1.8115980833180296,0.9634532516390747,False,0.6989694755596324,0.1632383002782457,1.2646468251624126,0.5605319350402683,0.47110042735042734,0.704451566951567,Healthy,0.567165218115218,0.2222222222222222,1.0,0.7209442945942945,0.2222222222222222,1.0,0.5997516566401709,0.34772727272727305,0.8125,9,13,Results/YQ_xy/Generated_Plots_MC/YQ_xy_QRS_Compact_tdist.pdf,Results/YQ_xy/Generated_Plots_MC/YQ_xy_QRS_Compact_boxplot.pdf,Results/YQ_xy/Generated_Plots_MC/YQ_xy_QRS_Compact_roc.pdf,Results/YQ_xy/Generated_Plots_MC/YQ_xy_QRS_Compact_cm.pdf,Results/YQ_xy/Generated_Plots_MC/YQ_xy_QRS_Compact_p_value_mc_dist.pdf,Results/YQ_xy/Generated_Plots_MC/YQ_xy_QRS_Compact_threshold_mc_dist.pdf,Results/YQ_xy/Generated_Plots_MC/YQ_xy_QRS_Compact_f1_score_mc_dist.pdf
YQ_xy,QRS,Angle,qrs_Angle,not_equal,False,500,0.14845844973873715,0.03022065425562602,0.4951622427297369,-1.6466604566588932,-2.335864377035004,-0.6973062643728796,False,71.47362061958495,-61.768065964930955,154.4383644041595,0.6457606837606837,0.5470085470085471,0.7435897435897436,Healthy,0.5244615384615383,0.38461538461538464,0.6153846153846154,0.8797777777777779,0.7777777777777778,1.0,0.6509275151342427,0.5555555555555556,0.7272727272727273,9,13,Results/YQ_xy/Generated_Plots_MC/YQ_xy_QRS_Angle_tdist.pdf,Results/YQ_xy/Generated_Plots_MC/YQ_xy_QRS_Angle_boxplot.pdf,Results/YQ_xy/Generated_Plots_MC/YQ_xy_QRS_Angle_roc.pdf,Results/YQ_xy/Generated_Plots_MC/YQ_xy_QRS_Angle_cm.pdf,Results/YQ_xy/Generated_Plots_MC/YQ_xy_QRS_Angle_p_value_mc_dist.pdf,Results/YQ_xy/Generated_Plots_MC/YQ_xy_QRS_Angle_threshold_mc_dist.pdf,Results/YQ_xy/Generated_Plots_MC/YQ_xy_QRS_Angle_f1_score_mc_dist.pdf
YQ_xy,ST,Area,st_Area,not_equal,True,500,0.20481623008153188,0.002757966462718238,0.8990568407445202,-1.7901126369777343,-3.6422603685874395,0.30725522180182835,False,23.15420095228399,1.7356876772262249,64.74934335564751,0.6937604145854145,0.49659090909090914,0.8843242694805193,Healthy,0.6408451381951381,0.3036538461538462,1.0,0.8565829725829727,0.42857142857142855,1.0,0.7231961876798961,0.46153846153846156,0.9090909090909091,9,13,Results/YQ_xy/Generated_Plots_MC/YQ_xy_ST_Area_tdist.pdf,Results/YQ_xy/Generated_Plots_MC/YQ_xy_ST_Area_boxplot.pdf,Results/YQ_xy/Generated_Plots_MC/YQ_xy_ST_Area_roc.pdf,Results/YQ_xy/Generated_Plots_MC/YQ_xy_ST_Area_cm.pdf,Results/YQ_xy/Generated_Plots_MC/YQ_xy_ST_Area_p_value_mc_dist.pdf,Results/YQ_xy/Generated_Plots_MC/YQ_xy_ST_Area_threshold_mc_dist.pdf,Results/YQ_xy/Generated_Plots_MC/YQ_xy_ST_Area_f1_score_mc_dist.pdf
YQ_xy,ST,T-Dist,st_T-Dist,not_equal,True,500,0.1949737853560216,0.0018815618324688535,0.8413257072512833,-1.7155687654794365,-3.6451446720891334,0.5291725583314124,False,5.612808146252409,0.5465865411784113,11.068504436933827,0.666655086271753,0.47298076923076926,0.849145299145299,Healthy,0.5754836996336996,0.25,0.9230769230769231,0.8832569597069598,0.4444444444444444,1.0,0.6771704893091229,0.4,0.8571428571428571,9,13,Results/YQ_xy/Generated_Plots_MC/YQ_xy_ST_T-Dist_tdist.pdf,Results/YQ_xy/Generated_Plots_MC/YQ_xy_ST_T-Dist_boxplot.pdf,Results/YQ_xy/Generated_Plots_MC/YQ_xy_ST_T-Dist_roc.pdf,Results/YQ_xy/Generated_Plots_MC/YQ_xy_ST_T-Dist_cm.pdf,Results/YQ_xy/Generated_Plots_MC/YQ_xy_ST_T-Dist_p_value_mc_dist.pdf,Results/YQ_xy/Generated_Plots_MC/YQ_xy_ST_T-Dist_threshold_mc_dist.pdf,Results/YQ_xy/Generated_Plots_MC/YQ_xy_ST_T-Dist_f1_score_mc_dist.pdf
YQ_xy,ST,Compact,st_Compact,not_equal,True,500,0.06603679542243313,0.0038338629389758887,0.28734126441350355,2.4477069183252316,1.114457373984419,3.8670272935764056,False,0.29301618092801124,0.12323167863835671,0.6054436591028622,0.7783997443914111,0.5767171717171716,0.9359259259259258,ARVC,0.710845238095238,0.4361111111111112,1.0,0.8849717948717948,0.5912500000000002,1.0,0.759660141373411,0.5454545454545454,0.9411764705882353,9,13,Results/YQ_xy/Generated_Plots_MC/YQ_xy_ST_Compact_tdist.pdf,Results/YQ_xy/Generated_Plots_MC/YQ_xy_ST_Compact_boxplot.pdf,Results/YQ_xy/Generated_Plots_MC/YQ_xy_ST_Compact_roc.pdf,Results/YQ_xy/Generated_Plots_MC/YQ_xy_ST_Compact_cm.pdf,Results/YQ_xy/Generated_Plots_MC/YQ_xy_ST_Compact_p_value_mc_dist.pdf,Results/YQ_xy/Generated_Plots_MC/YQ_xy_ST_Compact_threshold_mc_dist.pdf,Results/YQ_xy/Generated_Plots_MC/YQ_xy_ST_Compact_f1_score_mc_dist.pdf
YQ_xy,ST,Angle,st_Angle,not_equal,False,500,0.6089966466314272,0.21388015012977485,0.9887650346252863,0.45393255331106663,-0.5934227137231158,1.2970777236505062,False,-1.2929015671190747,-77.63400042730058,84.88660032947948,0.5723247863247862,0.47863247863247865,0.6581196581196582,ARVC,0.6843418803418804,0.2222222222222222,1.0,0.6104957264957266,0.2222222222222222,1.0,0.620575786581446,0.36363636363636365,0.7878787878787878,9,13,Results/YQ_xy/Generated_Plots_MC/YQ_xy_ST_Angle_tdist.pdf,Results/YQ_xy/Generated_Plots_MC/YQ_xy_ST_Angle_boxplot.pdf,Results/YQ_xy/Generated_Plots_MC/YQ_xy_ST_Angle_roc.pdf,Results/YQ_xy/Generated_Plots_MC/YQ_xy_ST_Angle_cm.pdf,Results/YQ_xy/Generated_Plots_MC/YQ_xy_ST_Angle_p_value_mc_dist.pdf,Results/YQ_xy/Generated_Plots_MC/YQ_xy_ST_Angle_threshold_mc_dist.pdf,Results/YQ_xy/Generated_Plots_MC/YQ_xy_ST_Angle_f1_score_mc_dist.pdf
OQ_xy,T,Area,t_Area,not_equal,True,500,0.005972085183499408,0.002261244926877665,0.012517695064868179,-3.3958984691075758,-3.8656205907193577,-2.9397723524089505,True,8.37941399355178,4.428528695879807,12.87222341064482,0.9047459646834648,0.811965811965812,0.9465573489010989,Healthy,0.8685722610722612,0.75,0.9230769230769231,0.9988611111111111,1.0,1.0,0.9282963384441646,0.8571428571428571,0.96,9,13,Results/OQ_xy/Generated_Plots_MC/OQ_xy_T_Area_tdist.pdf,Results/OQ_xy/Generated_Plots_MC/OQ_xy_T_Area_boxplot.pdf,Results/OQ_xy/Generated_Plots_MC/OQ_xy_T_Area_roc.pdf,Results/OQ_xy/Generated_Plots_MC/OQ_xy_T_Area_cm.pdf,Results/OQ_xy/Generated_Plots_MC/OQ_xy_T_Area_p_value_mc_dist.pdf,Results/OQ_xy/Generated_Plots_MC/OQ_xy_T_Area_threshold_mc_dist.pdf,Results/OQ_xy/Generated_Plots_MC/OQ_xy_T_Area_f1_score_mc_dist.pdf
OQ_xy,T,T-Dist,t_T-Dist,not_equal,True,500,0.17246178536497275,0.005636947752326511,0.7563326947155636,-1.7560950397473178,-3.268452904092878,-0.3148272031987509,False,6.086326907994555,4.033970481981737,9.204855282752282,0.6613508732008732,0.5098090277777778,0.8235777243589744,Healthy,0.5857117327117328,0.4166666666666667,0.8261363636363633,0.9549166666666666,0.6666666666666666,1.0,0.7182535111234665,0.5555555555555556,0.8571428571428571,9,13,Results/OQ_xy/Generated_Plots_MC/OQ_xy_T_T-Dist_tdist.pdf,Results/OQ_xy/Generated_Plots_MC/OQ_xy_T_T-Dist_boxplot.pdf,Results/OQ_xy/Generated_Plots_MC/OQ_xy_T_T-Dist_roc.pdf,Results/OQ_xy/Generated_Plots_MC/OQ_xy_T_T-Dist_cm.pdf,Results/OQ_xy/Generated_Plots_MC/OQ_xy_T_T-Dist_p_value_mc_dist.pdf,Results/OQ_xy/Generated_Plots_MC/OQ_xy_T_T-Dist_threshold_mc_dist.pdf,Results/OQ_xy/Generated_Plots_MC/OQ_xy_T_T-Dist_f1_score_mc_dist.pdf
OQ_xy,T,Compact,t_Compact,not_equal,False,500,0.031823090273155684,0.001279647185713231,0.16077511911153775,-2.6563431461543705,-3.818985085773044,-1.457504486580248,True,0.44426705788202053,0.2694575097965474,0.6461289387782562,0.7642564102564102,0.6450854700854701,0.905982905982906,Healthy,0.6923076923076923,0.46153846153846156,0.9230769230769231,0.847111111111111,0.5555555555555556,1.0,0.7630954461319098,0.6,0.8888888888888888,9,13,Results/OQ_xy/Generated_Plots_MC/OQ_xy_T_Compact_tdist.pdf,Results/OQ_xy/Generated_Plots_MC/OQ_xy_T_Compact_boxplot.pdf,Results/OQ_xy/Generated_Plots_MC/OQ_xy_T_Compact_roc.pdf,Results/OQ_xy/Generated_Plots_MC/OQ_xy_T_Compact_cm.pdf,Results/OQ_xy/Generated_Plots_MC/OQ_xy_T_Compact_p_value_mc_dist.pdf,Results/OQ_xy/Generated_Plots_MC/OQ_xy_T_Compact_threshold_mc_dist.pdf,Results/OQ_xy/Generated_Plots_MC/OQ_xy_T_Compact_f1_score_mc_dist.pdf
OQ_xy,T,Angle,t_Angle,not_equal,False,500,0.7795280948331792,0.4802246867477694,0.986668480168661,0.0890891541758169,-0.6138870568947323,0.705133237851179,False,59.04225856901052,-122.08046139106924,163.04944958863425,0.5257777777777778,0.452991452991453,0.6068376068376069,ARVC,0.5135213675213675,0.23076923076923078,0.8888888888888888,0.7452820512820513,0.3198717948717951,1.0,0.545425150673162,0.375,0.7586206896551724,9,13,Results/OQ_xy/Generated_Plots_MC/OQ_xy_T_Angle_tdist.pdf,Results/OQ_xy/Generated_Plots_MC/OQ_xy_T_Angle_boxplot.pdf,Results/OQ_xy/Generated_Plots_MC/OQ_xy_T_Angle_roc.pdf,Results/OQ_xy/Generated_Plots_MC/OQ_xy_T_Angle_cm.pdf,Results/OQ_xy/Generated_Plots_MC/OQ_xy_T_Angle_p_value_mc_dist.pdf,Results/OQ_xy/Generated_Plots_MC/OQ_xy_T_Angle_threshold_mc_dist.pdf,Results/OQ_xy/Generated_Plots_MC/OQ_xy_T_Angle_f1_score_mc_dist.pdf
OQ_xy,QRS,Area,qrs_Area,not_equal,True,500,0.01696337171818391,0.0009575764941033315,0.09870052956090904,-3.1720147678228865,-4.234925196507917,-1.7942015764800403,True,22.25858367385691,9.781814103414114,39.22239129999024,0.7908170533170532,0.6519209956709957,0.8901098901098902,Healthy,0.7026484071484072,0.5384615384615384,0.8461538461538461,0.9754920634920635,0.8571428571428571,1.0,0.8152492493372827,0.7,0.9130681818181816,9,13,Results/OQ_xy/Generated_Plots_MC/OQ_xy_QRS_Area_tdist.pdf,Results/OQ_xy/Generated_Plots_MC/OQ_xy_QRS_Area_boxplot.pdf,Results/OQ_xy/Generated_Plots_MC/OQ_xy_QRS_Area_roc.pdf,Results/OQ_xy/Generated_Plots_MC/OQ_xy_QRS_Area_cm.pdf,Results/OQ_xy/Generated_Plots_MC/OQ_xy_QRS_Area_p_value_mc_dist.pdf,Results/OQ_xy/Generated_Plots_MC/OQ_xy_QRS_Area_threshold_mc_dist.pdf,Results/OQ_xy/Generated_Plots_MC/OQ_xy_QRS_Area_f1_score_mc_dist.pdf
OQ_xy,QRS,T-Dist,qrs_T-Dist,not_equal,True,500,0.06929739932395838,0.00046498976917376636,0.40574020258805654,-2.526297901264542,-4.592393736432902,-0.8534709668690214,False,9.588939631431371,4.959470002757918,22.28064183420404,0.7919282610907612,0.6410256410256411,0.9350274725274725,Healthy,0.8199615384615385,0.46153846153846156,1.0,0.7493174603174603,0.5,1.0,0.8215988794836745,0.631578947368421,0.9285714285714286,9,13,Results/OQ_xy/Generated_Plots_MC/OQ_xy_QRS_T-Dist_tdist.pdf,Results/OQ_xy/Generated_Plots_MC/OQ_xy_QRS_T-Dist_boxplot.pdf,Results/OQ_xy/Generated_Plots_MC/OQ_xy_QRS_T-Dist_roc.pdf,Results/OQ_xy/Generated_Plots_MC/OQ_xy_QRS_T-Dist_cm.pdf,Results/OQ_xy/Generated_Plots_MC/OQ_xy_QRS_T-Dist_p_value_mc_dist.pdf,Results/OQ_xy/Generated_Plots_MC/OQ_xy_QRS_T-Dist_threshold_mc_dist.pdf,Results/OQ_xy/Generated_Plots_MC/OQ_xy_QRS_T-Dist_f1_score_mc_dist.pdf
OQ_xy,QRS,Compact,qrs_Compact,not_equal,True,500,0.5908707479334919,0.04338162344576463,0.9830682199657089,-0.2051836941713629,-2.183858494420228,1.3006942705624702,False,0.45168707905869326,0.035494797196174856,1.2101865169985508,0.5625577980661315,0.4358974358974359,0.7273179945054944,ARVC,0.6337359973359974,0.2222222222222222,1.0,0.6758216394716394,0.23076923076923078,1.0,0.6317900452924492,0.36363636363636365,0.8361559139784945,9,13,Results/OQ_xy/Generated_Plots_MC/OQ_xy_QRS_Compact_tdist.pdf,Results/OQ_xy/Generated_Plots_MC/OQ_xy_QRS_Compact_boxplot.pdf,Results/OQ_xy/Generated_Plots_MC/OQ_xy_QRS_Compact_roc.pdf,Results/OQ_xy/Generated_Plots_MC/OQ_xy_QRS_Compact_cm.pdf,Results/OQ_xy/Generated_Plots_MC/OQ_xy_QRS_Compact_p_value_mc_dist.pdf,Results/OQ_xy/Generated_Plots_MC/OQ_xy_QRS_Compact_threshold_mc_dist.pdf,Results/OQ_xy/Generated_Plots_MC/OQ_xy_QRS_Compact_f1_score_mc_dist.pdf
OQ_xy,QRS,Angle,qrs_Angle,not_equal,False,500,0.6933969107069179,0.3097015965453689,0.9805718552508111,-0.18717358484596894,-1.0495198135781874,0.7500365864541104,False,-55.40859121189782,-129.2066436925754,96.11332197528014,0.570119658119658,0.37606837606837606,0.7521367521367522,Healthy,0.6546324786324788,0.2222222222222222,1.0,0.7196410256410256,0.3333333333333333,1.0,0.6690424017870689,0.36363636363636365,0.8666666666666667,9,13,Results/OQ_xy/Generated_Plots_MC/OQ_xy_QRS_Angle_tdist.pdf,Results/OQ_xy/Generated_Plots_MC/OQ_xy_QRS_Angle_boxplot.pdf,Results/OQ_xy/Generated_Plots_MC/OQ_xy_QRS_Angle_roc.pdf,Results/OQ_xy/Generated_Plots_MC/OQ_xy_QRS_Angle_cm.pdf,Results/OQ_xy/Generated_Plots_MC/OQ_xy_QRS_Angle_p_value_mc_dist.pdf,Results/OQ_xy/Generated_Plots_MC/OQ_xy_QRS_Angle_threshold_mc_dist.pdf,Results/OQ_xy/Generated_Plots_MC/OQ_xy_QRS_Angle_f1_score_mc_dist.pdf
OQ_xy,ST,Area,st_Area,not_equal,True,500,0.038592997150696653,0.00030310602438732455,0.29471378668145376,-3.004701361540162,-5.115363240600062,-1.0933117580279852,True,10.137748638307304,2.9698289259250745,24.471017169464616,0.7909342097717097,0.6145833333333333,0.9404761904761905,Healthy,0.7345059829059828,0.4798076923076927,0.9230769230769231,0.9723293650793651,0.75,1.0,0.8329648120096054,0.6482456140350881,0.9565217391304348,9,13,Results/OQ_xy/Generated_Plots_MC/OQ_xy_ST_Area_tdist.pdf,Results/OQ_xy/Generated_Plots_MC/OQ_xy_ST_Area_boxplot.pdf,Results/OQ_xy/Generated_Plots_MC/OQ_xy_ST_Area_roc.pdf,Results/OQ_xy/Generated_Plots_MC/OQ_xy_ST_Area_cm.pdf,Results/OQ_xy/Generated_Plots_MC/OQ_xy_ST_Area_p_value_mc_dist.pdf,Results/OQ_xy/Generated_Plots_MC/OQ_xy_ST_Area_threshold_mc_dist.pdf,Results/OQ_xy/Generated_Plots_MC/OQ_xy_ST_Area_f1_score_mc_dist.pdf
OQ_xy,ST,T-Dist,st_T-Dist,not_equal,True,500,0.2583969411106586,0.0013468156057460925,0.9365398248758458,-1.5738591411724474,-3.8666388238109457,0.3263525289326738,False,4.874602026539288,0.4767762419815577,10.738315300339561,0.6721763361792528,0.4888710826210826,0.8952609890109889,Healthy,0.6335317793317794,0.3076923076923077,1.0,0.8180040237540237,0.3333333333333333,1.0,0.6992526391585699,0.45256410256410273,0.9090909090909091,9,13,Results/OQ_xy/Generated_Plots_MC/OQ_xy_ST_T-Dist_tdist.pdf,Results/OQ_xy/Generated_Plots_MC/OQ_xy_ST_T-Dist_boxplot.pdf,Results/OQ_xy/Generated_Plots_MC/OQ_xy_ST_T-Dist_roc.pdf,Results/OQ_xy/Generated_Plots_MC/OQ_xy_ST_T-Dist_cm.pdf,Results/OQ_xy/Generated_Plots_MC/OQ_xy_ST_T-Dist_p_value_mc_dist.pdf,Results/OQ_xy/Generated_Plots_MC/OQ_xy_ST_T-Dist_threshold_mc_dist.pdf,Results/OQ_xy/Generated_Plots_MC/OQ_xy_ST_T-Dist_f1_score_mc_dist.pdf
OQ_xy,ST,Compact,st_Compact,not_equal,True,500,0.3817497463268921,0.004619756721331735,0.9557511702836847,-0.9319384931944552,-3.4623098585388923,1.112494245426081,False,0.19626471406529994,0.049964820649949594,0.39135832447362234,0.6262081301414635,0.4678928710178711,0.86146978021978,Healthy,0.630564196914197,0.23990384615384636,1.0,0.753587296037296,0.25,1.0,0.6631905644791191,0.375,0.8666666666666667,9,13,Results/OQ_xy/Generated_Plots_MC/OQ_xy_ST_Compact_tdist.pdf,Results/OQ_xy/Generated_Plots_MC/OQ_xy_ST_Compact_boxplot.pdf,Results/OQ_xy/Generated_Plots_MC/OQ_xy_ST_Compact_roc.pdf,Results/OQ_xy/Generated_Plots_MC/OQ_xy_ST_Compact_cm.pdf,Results/OQ_xy/Generated_Plots_MC/OQ_xy_ST_Compact_p_value_mc_dist.pdf,Results/OQ_xy/Generated_Plots_MC/OQ_xy_ST_Compact_threshold_mc_dist.pdf,Results/OQ_xy/Generated_Plots_MC/OQ_xy_ST_Compact_f1_score_mc_dist.pdf
OQ_xy,ST,Angle,st_Angle,not_equal,False,500,0.15999219397611045,0.023369314504126118,0.6599854167027017,-1.6792034854280307,-2.5738683815594925,-0.4468335247253717,False,49.89396207128132,-47.093150898002676,110.10380073266624,0.6818461538461538,0.5555555555555556,0.7777777777777778,Healthy,0.5717606837606838,0.3076923076923077,1.0,0.8417948717948718,0.3333333333333333,1.0,0.6534347529843428,0.47058823529411764,0.8387096774193549,9,13,Results/OQ_xy/Generated_Plots_MC/OQ_xy_ST_Angle_tdist.pdf,Results/OQ_xy/Generated_Plots_MC/OQ_xy_ST_Angle_boxplot.pdf,Results/OQ_xy/Generated_Plots_MC/OQ_xy_ST_Angle_roc.pdf,Results/OQ_xy/Generated_Plots_MC/OQ_xy_ST_Angle_cm.pdf,Results/OQ_xy/Generated_Plots_MC/OQ_xy_ST_Angle_p_value_mc_dist.pdf,Results/OQ_xy/Generated_Plots_MC/OQ_xy_ST_Angle_threshold_mc_dist.pdf,Results/OQ_xy/Generated_Plots_MC/OQ_xy_ST_Angle_f1_score_mc_dist.pdf
